0.841269841269841,0.888888888888889,0.595238095238095,0.76984126984127,0.492063492063492,0.873015873015873,0.492063492063492,0.341269841269841,0.5,0.626984126984127,0.166666666666667,0.833333333333333,0.626984126984127,0.746031746031746,0.880952380952381,0.936507936507937,0.896825396825397,0.206349206349206,0.46031746031746,0.182539682539683,0.888888888888889,0.444444444444444,0.888888888888889,0.96031746031746,0.888888888888889,0.0158730158730159,0.0793650793650794,0.404761904761905,0.904761904761905,0.468253968253968,0.920634920634921,0,0.53968253968254,0.53968253968254,0.126984126984127,0.206349206349206,0.753968253968254,0.992063492063492,0.238095238095238,0.722222222222222,0.0317460317460317,0.301587301587302,0.349206349206349,0.833333333333333,0.246031746031746,0.0317460317460317,0.222222222222222,0.0396825396825397,0.452380952380952,0.19047619047619,0.301587301587302,0.261904761904762,0.523809523809524,0.206349206349206,0.674603174603175,0.119047619047619,0.833333333333333,0.26984126984127,0.380952380952381
0.603174603174603,0.23015873015873,0.912698412698413,0.349206349206349,0.206349206349206,0.714285714285714,0.793650793650794,0.738095238095238,0.0158730158730159,0.126984126984127,0.753968253968254,0.349206349206349,0.00793650793650794,0.158730158730159,0.0793650793650794,0.0317460317460317,0.563492063492063,0.523809523809524,0.634920634920635,0.857142857142857,0.261904761904762,0.0317460317460317,0.0158730158730159,0.0873015873015873,0.293650793650794,0.420634920634921,0.373015873015873,0.0634920634920635,0.571428571428571,0.634920634920635,0.380952380952381,0.785714285714286,0.277777777777778,0.904761904761905,0.626984126984127,0.611111111111111,0.285714285714286,0.373015873015873,0.849206349206349,0.952380952380952,0.246031746031746,0.444444444444444,1,0.142857142857143,0.976190476190476,0.547619047619048,0.293650793650794,0.96031746031746,0.0634920634920635,0.888888888888889,0.753968253968254,0.492063492063492,0.634920634920635,0.603174603174603,0.30952380952381,0.428571428571429,0.111111111111111,0.738095238095238,0.888888888888889
0.0555555555555556,0.5,0.412698412698413,0.0317460317460317,0.936507936507937,0.444444444444444,0.706349206349206,0.0634920634920635,0.293650793650794,0.103174603174603,0.444444444444444,0.611111111111111,0.174603174603175,0.857142857142857,0.603174603174603,0.523809523809524,0.984126984126984,0.46031746031746,0.682539682539683,0.515873015873016,0.436507936507937,0.515873015873016,0.801587301587302,0.595238095238095,0.976190476190476,0.650793650793651,0.968253968253968,0.666666666666667,0.222222222222222,0.103174603174603,0.547619047619048,0.00793650793650794,0.484126984126984,0.833333333333333,0.444444444444444,0.325396825396825,0.0714285714285714,0.492063492063492,0.714285714285714,0.547619047619048,0.174603174603175,0.801587301587302,0.928571428571429,0.404761904761905,0.119047619047619,0.158730158730159,0.611111111111111,0.904761904761905,0.841269841269841,1,0.373015873015873,0.738095238095238,0.253968253968254,0.714285714285714,0.214285714285714,0,0.96031746031746,0.936507936507937,0.134920634920635
0.984126984126984,0.30952380952381,0.706349206349206,0.452380952380952,0.341269841269841,0.658730158730159,0.119047619047619,0.896825396825397,0.777777777777778,0.00793650793650794,0.357142857142857,0.992063492063492,0.952380952380952,0.222222222222222,0.134920634920635,0.111111111111111,0.0476190476190476,0.158730158730159,0.761904761904762,0.333333333333333,0.634920634920635,0.888888888888889,0.873015873015873,0.317460317460317,0.00793650793650794,0.357142857142857,0.198412698412698,0.166666666666667,0.341269841269841,0.547619047619048,0.507936507936508,0.904761904761905,0.587301587301587,0.111111111111111,0.571428571428571,0.285714285714286,0.19047619047619,0.46031746031746,0.515873015873016,0.134920634920635,0.698412698412698,0.634920634920635,0.841269841269841,0.952380952380952,0.317460317460317,0.928571428571429,0.722222222222222,0.69047619047619,0.682539682539683,0.849206349206349,0.134920634920635,0.174603174603175,0.285714285714286,0.277777777777778,0.111111111111111,0,0.626984126984127,0.841269841269841,0.0158730158730159
0.634920634920635,0.69047619047619,0.0238095238095238,0.849206349206349,0.69047619047619,0.238095238095238,0.555555555555556,0.468253968253968,0.849206349206349,0.706349206349206,0.880952380952381,0.301587301587302,0.80952380952381,0.896825396825397,0.0158730158730159,0.706349206349206,0.380952380952381,0.880952380952381,0.134920634920635,0,0.5,0.722222222222222,0.468253968253968,0.166666666666667,0.865079365079365,0.396825396825397,0.619047619047619,0.753968253968254,0.134920634920635,0.595238095238095,0.595238095238095,0.301587301587302,0.944444444444444,0.0634920634920635,0.103174603174603,0.571428571428571,0.126984126984127,0.793650793650794,0.420634920634921,1,0.134920634920635,0.166666666666667,0.468253968253968,0.333333333333333,0,0.992063492063492,0.555555555555556,0.626984126984127,0.507936507936508,0.103174603174603,0.666666666666667,0.0476190476190476,0.142857142857143,0.738095238095238,0.0714285714285714,1,0.238095238095238,0.753968253968254,0.214285714285714
0.563492063492063,0.626984126984127,0.968253968253968,0.69047619047619,0.611111111111111,0.26984126984127,0.0793650793650794,0.563492063492063,0.357142857142857,0.0873015873015873,0.928571428571429,0.174603174603175,0.142857142857143,0.0952380952380952,0.952380952380952,0.873015873015873,0.428571428571429,0.103174603174603,1,0.404761904761905,0.777777777777778,0.0714285714285714,0.111111111111111,0.0158730158730159,0.476190476190476,0.126984126984127,0.642857142857143,0.214285714285714,0.611111111111111,0.73015873015873,0.119047619047619,0.484126984126984,0.682539682539683,0.785714285714286,0.785714285714286,0.0634920634920635,0.904761904761905,0.142857142857143,0.0555555555555556,0.246031746031746,0.238095238095238,1,0.484126984126984,0.277777777777778,0.579365079365079,0.214285714285714,0.158730158730159,0.936507936507937,0.285714285714286,0.650793650793651,0.833333333333333,0.80952380952381,0.253968253968254,0,0.611111111111111,0.634920634920635,0.23015873015873,0.301587301587302,0.444444444444444
0.476190476190476,0.111111111111111,0.206349206349206,0.388888888888889,0.341269841269841,0.904761904761905,0.817460317460317,0.801587301587302,0.626984126984127,0.301587301587302,0.785714285714286,0.246031746031746,0.992063492063492,0.285714285714286,0,0.555555555555556,0.666666666666667,0.0634920634920635,0,0.515873015873016,0.126984126984127,0.333333333333333,0.579365079365079,0.650793650793651,0.817460317460317,0.761904761904762,0.277777777777778,0.888888888888889,0.182539682539683,0.865079365079365,0.277777777777778,1,0.23015873015873,0.206349206349206,0.928571428571429,0.714285714285714,0.0396825396825397,0.833333333333333,0.0714285714285714,0.682539682539683,0.436507936507937,0.976190476190476,0.753968253968254,0.452380952380952,0.0476190476190476,0.96031746031746,0.634920634920635,0.0476190476190476,0.111111111111111,0.349206349206349,0.484126984126984,0.00793650793650794,0.53968253968254,0.682539682539683,0.849206349206349,0.325396825396825,0.912698412698413,0.753968253968254,0.53968253968254
0.452380952380952,0.833333333333333,0.936507936507937,0.26984126984127,0.444444444444444,0.333333333333333,0.674603174603175,0.857142857142857,0.658730158730159,0.587301587301587,0.0476190476190476,0.944444444444444,0.285714285714286,0.563492063492063,0.777777777777778,0.531746031746032,0.714285714285714,0.96031746031746,0.658730158730159,0.73015873015873,0.825396825396825,0.238095238095238,0.976190476190476,0.0396825396825397,0.158730158730159,0.26984126984127,0.158730158730159,0.277777777777778,0.817460317460317,0.492063492063492,0.920634920634921,0.357142857142857,0.0714285714285714,0.658730158730159,0.722222222222222,0.53968253968254,0.76984126984127,0.801587301587302,0.928571428571429,0.30952380952381,0.896825396825397,0.920634920634921,0.00793650793650794,0.547619047619048,0.777777777777778,0.880952380952381,0.452380952380952,0.238095238095238,0.865079365079365,0.698412698412698,0.5,0.896825396825397,0.992063492063492,0.126984126984127,0.103174603174603,0.174603174603175,0.468253968253968,0.571428571428571,0.396825396825397
0.968253968253968,0.746031746031746,0.142857142857143,0.166666666666667,0.888888888888889,0.111111111111111,0,0.507936507936508,0.174603174603175,0.182539682539683,0.23015873015873,0.650793650793651,0.0873015873015873,0.26984126984127,0.30952380952381,0,0.158730158730159,0.317460317460317,0.253968253968254,0.277777777777778,0.952380952380952,0.642857142857143,0.365079365079365,0.19047619047619,0.674603174603175,0.968253968253968,0.0396825396825397,0.547619047619048,0.936507936507937,0.158730158730159,0.722222222222222,0.46031746031746,0,0.365079365079365,0.0793650793650794,0.619047619047619,0.111111111111111,0.53968253968254,0.492063492063492,0.436507936507937,0.0317460317460317,0.166666666666667,0.0793650793650794,0.619047619047619,0.23015873015873,0.349206349206349,0.261904761904762,0.317460317460317,0,0.666666666666667,0.722222222222222,0.849206349206349,0.0634920634920635,0.523809523809524,0.849206349206349,0.888888888888889,0.19047619047619,0.0476190476190476,0.674603174603175
0.53968253968254,0.174603174603175,0.0476190476190476,0.873015873015873,0.00793650793650794,0.0317460317460317,0.238095238095238,0.00793650793650794,0.206349206349206,0.69047619047619,0.825396825396825,0.333333333333333,0.611111111111111,0.126984126984127,0.563492063492063,0.5,0.293650793650794,0.619047619047619,0.76984126984127,0.253968253968254,0.301587301587302,0.0634920634920635,0.682539682539683,0.349206349206349,0.753968253968254,1,0.349206349206349,0.928571428571429,0.103174603174603,0.96031746031746,0.333333333333333,0.920634920634921,0.992063492063492,0.126984126984127,0.214285714285714,0.126984126984127,0.388888888888889,0.182539682539683,0.222222222222222,0.777777777777778,0.563492063492063,0.222222222222222,0.103174603174603,0.793650793650794,0.396825396825397,0.174603174603175,0.238095238095238,0.444444444444444,0.523809523809524,0.626984126984127,0.484126984126984,0.888888888888889,0.341269841269841,0.563492063492063,0.349206349206349,0.976190476190476,0.428571428571429,0.238095238095238,0.849206349206349
0.261904761904762,0.952380952380952,0.706349206349206,0.547619047619048,0.857142857142857,0.357142857142857,0.952380952380952,0.349206349206349,0.976190476190476,0.69047619047619,0.944444444444444,0,0.507936507936508,0.579365079365079,0.285714285714286,0.650793650793651,0.317460317460317,0.444444444444444,0.904761904761905,0.857142857142857,0.0952380952380952,0.682539682539683,0.428571428571429,0.46031746031746,0.96031746031746,0.0714285714285714,0.0873015873015873,0.222222222222222,1,0.404761904761905,0.698412698412698,0.753968253968254,0.571428571428571,0.293650793650794,0.666666666666667,0.246031746031746,0.00793650793650794,0,0.166666666666667,0.571428571428571,0.896825396825397,0.944444444444444,0.150793650793651,0.619047619047619,0.468253968253968,0.452380952380952,0.531746031746032,0.253968253968254,0.746031746031746,0.0158730158730159,0.944444444444444,0.0873015873015873,0.777777777777778,1,0.833333333333333,0.0317460317460317,0.492063492063492,0.793650793650794,0.126984126984127
0.0396825396825397,0.396825396825397,0.214285714285714,0.246031746031746,0.976190476190476,0.23015873015873,0.992063492063492,0.19047619047619,0.277777777777778,1,0.611111111111111,0.182539682539683,0.206349206349206,0.666666666666667,0.857142857142857,0.198412698412698,0.595238095238095,0.333333333333333,0.587301587301587,0.150793650793651,0.571428571428571,0.547619047619048,0.706349206349206,0.738095238095238,0.746031746031746,0.674603174603175,0.111111111111111,0.238095238095238,0.801587301587302,0.484126984126984,0.468253968253968,0.936507936507937,0.119047619047619,0.682539682539683,0.119047619047619,0.666666666666667,0.404761904761905,0.492063492063492,0.182539682539683,0.944444444444444,0.76984126984127,0.00793650793650794,0.5,0.706349206349206,0.373015873015873,0.111111111111111,0.76984126984127,0.714285714285714,0.547619047619048,0.5,0.285714285714286,0.761904761904762,0.849206349206349,0.841269841269841,0.785714285714286,0.26984126984127,0.555555555555556,0.952380952380952,0.198412698412698
0.301587301587302,0.738095238095238,0.484126984126984,0.174603174603175,0.0634920634920635,0.134920634920635,0.555555555555556,0.722222222222222,0.293650793650794,0.261904761904762,0.920634920634921,0.753968253968254,0.492063492063492,0.365079365079365,0.111111111111111,0.571428571428571,0.0714285714285714,1,0.365079365079365,0.206349206349206,0.0317460317460317,0.579365079365079,0.952380952380952,0.388888888888889,0.150793650793651,0.785714285714286,0.420634920634921,0.531746031746032,0.174603174603175,0.246031746031746,0.134920634920635,0.73015873015873,0.833333333333333,0.428571428571429,0.571428571428571,0.793650793650794,0.841269841269841,0.428571428571429,0.0238095238095238,0.206349206349206,0.373015873015873,0.476190476190476,0.174603174603175,0.206349206349206,0.134920634920635,0.841269841269841,0.944444444444444,0.857142857142857,0.888888888888889,0.801587301587302,0,0.341269841269841,0.634920634920635,0.134920634920635,0.46031746031746,0.293650793650794,0.777777777777778,0.507936507936508,0.0714285714285714
0.150793650793651,0.0396825396825397,0.349206349206349,0.00793650793650794,0.976190476190476,0.880952380952381,0.0238095238095238,0.46031746031746,0.150793650793651,0.484126984126984,0.984126984126984,0.785714285714286,0.841269841269841,0.777777777777778,0.166666666666667,0.341269841269841,0.507936507936508,0.873015873015873,0.0873015873015873,0.595238095238095,0.134920634920635,0.912698412698413,0.642857142857143,0.293650793650794,0.468253968253968,0.698412698412698,0.126984126984127,0.285714285714286,0.0714285714285714,0.388888888888889,0.841269841269841,0.714285714285714,0.714285714285714,0.150793650793651,0.444444444444444,0.888888888888889,0.619047619047619,0.150793650793651,0.00793650793650794,0.301587301587302,0.706349206349206,0.53968253968254,0.0238095238095238,0.904761904761905,0.738095238095238,0.0555555555555556,0.404761904761905,0.563492063492063,0.968253968253968,0.793650793650794,0.238095238095238,0.920634920634921,0.0396825396825397,0.992063492063492,0.706349206349206,0.571428571428571,0.333333333333333,0.0238095238095238,0.920634920634921
0.357142857142857,0.523809523809524,0.277777777777778,0.484126984126984,0.111111111111111,0.761904761904762,0.238095238095238,1,0,0.571428571428571,0.674603174603175,0.0158730158730159,0.261904761904762,0.738095238095238,0.849206349206349,0.888888888888889,0.0158730158730159,0.801587301587302,0.380952380952381,0.817460317460317,0.285714285714286,0.182539682539683,0.30952380952381,0.0555555555555556,0.579365079365079,0.182539682539683,0.753968253968254,0.452380952380952,0.603174603174603,0.714285714285714,0.444444444444444,0.555555555555556,0.317460317460317,0.650793650793651,0.388888888888889,0.833333333333333,0.992063492063492,0.0396825396825397,0.380952380952381,0.682539682539683,0.0317460317460317,0.611111111111111,0.333333333333333,0.0714285714285714,0.619047619047619,0.253968253968254,0.134920634920635,0.380952380952381,0.76984126984127,0.555555555555556,0.928571428571429,0.952380952380952,0.30952380952381,0.492063492063492,0.396825396825397,0.492063492063492,0.984126984126984,0.920634920634921,0.484126984126984
0.579365079365079,1,0.658730158730159,0.619047619047619,0.547619047619048,0.515873015873016,0.174603174603175,0.26984126984127,0.706349206349206,0.158730158730159,0.420634920634921,0.880952380952381,0.452380952380952,0.833333333333333,0.341269841269841,0.26984126984127,0.873015873015873,0.666666666666667,0.523809523809524,0.563492063492063,0.912698412698413,0.380952380952381,0.563492063492063,0.5,0.238095238095238,0.952380952380952,0.587301587301587,0.492063492063492,0.825396825396825,0.619047619047619,0.547619047619048,0.857142857142857,1,1,0.0238095238095238,0.0317460317460317,0.912698412698413,0.507936507936508,0.111111111111111,0.642857142857143,0.888888888888889,0.753968253968254,0.174603174603175,0.396825396825397,0.992063492063492,0.904761904761905,0.777777777777778,0.380952380952381,0.134920634920635,0.214285714285714,0.0317460317460317,0.515873015873016,0.476190476190476,0.658730158730159,0.571428571428571,0.714285714285714,0.825396825396825,0.19047619047619,0
0.380952380952381,0.293650793650794,0.515873015873016,0.325396825396825,0.96031746031746,0.801587301587302,0.825396825396825,0.0476190476190476,0.0158730158730159,0.944444444444444,0.674603174603175,0.492063492063492,0.523809523809524,0.944444444444444,0.888888888888889,0.547619047619048,0.53968253968254,0.984126984126984,0.880952380952381,0.388888888888889,0.968253968253968,0.888888888888889,0.365079365079365,0.452380952380952,0.126984126984127,0.26984126984127,0.317460317460317,0.920634920634921,0.761904761904762,0.698412698412698,0.206349206349206,0.246031746031746,0.849206349206349,0.547619047619048,0.547619047619048,0.0476190476190476,0.833333333333333,0.611111111111111,0.301587301587302,0.515873015873016,0.126984126984127,0.0952380952380952,0.428571428571429,0.19047619047619,0.0634920634920635,0.817460317460317,0.658730158730159,0.547619047619048,0.365079365079365,0.428571428571429,0.69047619047619,0.277777777777778,0.0952380952380952,0.333333333333333,0.531746031746032,0.103174603174603,0.507936507936508,0.198412698412698,0.833333333333333
0.849206349206349,0.468253968253968,0.698412698412698,0.238095238095238,0.674603174603175,0.73015873015873,0.746031746031746,0.214285714285714,0.420634920634921,0.412698412698413,0.69047619047619,0.53968253968254,0.888888888888889,0.682539682539683,0.976190476190476,0.619047619047619,0.626984126984127,0.0476190476190476,0.206349206349206,0.76984126984127,0.968253968253968,0.0238095238095238,0.634920634920635,0.507936507936508,0.817460317460317,0.984126984126984,0.785714285714286,0.833333333333333,0.253968253968254,0.119047619047619,0.0396825396825397,0.341269841269841,0.373015873015873,0.0238095238095238,0.722222222222222,0.603174603174603,0.738095238095238,0.293650793650794,0.984126984126984,0.936507936507937,0.841269841269841,0.428571428571429,0.158730158730159,0.777777777777778,0.912698412698413,0.333333333333333,0.603174603174603,0.746031746031746,0.444444444444444,0.928571428571429,0.642857142857143,0.706349206349206,0.0158730158730159,0.0634920634920635,0.484126984126984,0.0158730158730159,0.73015873015873,0.444444444444444,0.753968253968254
0.73015873015873,0.452380952380952,0.571428571428571,0.380952380952381,0.904761904761905,0.317460317460317,0.674603174603175,0.19047619047619,0.0873015873015873,0.793650793650794,0.841269841269841,0.111111111111111,0.563492063492063,0.658730158730159,0.253968253968254,0.182539682539683,0,0.23015873015873,0.555555555555556,0.492063492063492,0.317460317460317,0.865079365079365,0.777777777777778,0.325396825396825,0.992063492063492,1,0.23015873015873,0.650793650793651,0.30952380952381,0.396825396825397,0.119047619047619,0.785714285714286,0,0.246031746031746,1,0.476190476190476,0.0873015873015873,1,0.365079365079365,0.626984126984127,0.944444444444444,0.246031746031746,0.817460317460317,0.238095238095238,0.523809523809524,0.865079365079365,0.825396825396825,0.658730158730159,0.23015873015873,0.642857142857143,0.666666666666667,0.452380952380952,0.0952380952380952,0.365079365079365,0.293650793650794,0.912698412698413,1,0.166666666666667,0.992063492063492
0.523809523809524,0.341269841269841,0.277777777777778,0.00793650793650794,0.19047619047619,0.619047619047619,0.0952380952380952,0.30952380952381,0.23015873015873,0.531746031746032,0.484126984126984,0.452380952380952,0.587301587301587,0.103174603174603,0.206349206349206,0.0555555555555556,0.0396825396825397,0.158730158730159,0.841269841269841,0.0952380952380952,0.849206349206349,0.317460317460317,0.0476190476190476,0.928571428571429,0.642857142857143,0.476190476190476,0.0396825396825397,0.0396825396825397,0.746031746031746,0.936507936507937,0.222222222222222,0.515873015873016,0.865079365079365,0.857142857142857,0.523809523809524,0.0317460317460317,0.0952380952380952,0.293650793650794,0.0555555555555556,0.404761904761905,0.166666666666667,0.253968253968254,0.865079365079365,0.317460317460317,0.365079365079365,0,0.0714285714285714,0.206349206349206,0.595238095238095,0.325396825396825,0.111111111111111,0.674603174603175,0.523809523809524,0.579365079365079,0.587301587301587,0.317460317460317,0.428571428571429,0.53968253968254,0.0714285714285714
0.587301587301587,0.555555555555556,0.388888888888889,0.103174603174603,0.53968253968254,0.523809523809524,0.285714285714286,0.325396825396825,0.841269841269841,0.80952380952381,0.341269841269841,0.634920634920635,0.119047619047619,0.865079365079365,0.412698412698413,0.0634920634920635,0.0873015873015873,0.825396825396825,0.706349206349206,0.357142857142857,0.547619047619048,0.103174603174603,0.976190476190476,0.984126984126984,0.888888888888889,0.301587301587302,0.801587301587302,0.777777777777778,0.849206349206349,0.412698412698413,0.468253968253968,0.388888888888889,0.96031746031746,0.968253968253968,0.174603174603175,0.555555555555556,0.0158730158730159,0.198412698412698,0.26984126984127,0.349206349206349,0.626984126984127,0.134920634920635,0.142857142857143,0.936507936507937,0.563492063492063,0.96031746031746,0.952380952380952,0.888888888888889,0.658730158730159,0.936507936507937,0.619047619047619,0.857142857142857,0.674603174603175,0.492063492063492,0.0476190476190476,0.428571428571429,0.746031746031746,0.563492063492063,0.46031746031746
0.30952380952381,0.904761904761905,0.301587301587302,0.777777777777778,0.0317460317460317,0.428571428571429,0.0476190476190476,0.285714285714286,0.0476190476190476,0.515873015873016,0.357142857142857,0.80952380952381,0.246031746031746,0.968253968253968,0.158730158730159,0.595238095238095,0.0158730158730159,0.341269841269841,0.849206349206349,0.301587301587302,0.103174603174603,0.936507936507937,0.166666666666667,0.944444444444444,0.801587301587302,0.53968253968254,0.968253968253968,0.420634920634921,0.698412698412698,0.896825396825397,0.357142857142857,0.0317460317460317,0.555555555555556,0.158730158730159,0.547619047619048,0.587301587301587,0.436507936507937,0.182539682539683,0.111111111111111,0.365079365079365,0.452380952380952,0.468253968253968,0.753968253968254,0.126984126984127,0.103174603174603,0.238095238095238,0.325396825396825,0.650793650793651,0.706349206349206,0.484126984126984,0.420634920634921,0.80952380952381,0.69047619047619,1,0.261904761904762,0.603174603174603,0.0238095238095238,0.452380952380952,0.396825396825397
0.222222222222222,0.634920634920635,0.0952380952380952,0.738095238095238,0.833333333333333,0.26984126984127,0.357142857142857,0.841269841269841,0.880952380952381,0.111111111111111,0.0952380952380952,0.595238095238095,0.46031746031746,0.30952380952381,0.182539682539683,0.476190476190476,0.388888888888889,0.777777777777778,0.476190476190476,0.841269841269841,0.619047619047619,0.420634920634921,0.936507936507937,0.103174603174603,0.30952380952381,0.158730158730159,0.706349206349206,0.73015873015873,0.634920634920635,0.246031746031746,0.984126984126984,0.976190476190476,0.746031746031746,0.746031746031746,0.69047619047619,0.357142857142857,0.150793650793651,0.0873015873015873,0.626984126984127,0.666666666666667,0.53968253968254,0.373015873015873,0.857142857142857,0.246031746031746,0.761904761904762,0.706349206349206,0.96031746031746,0.333333333333333,0.349206349206349,0.0555555555555556,0.238095238095238,0.714285714285714,0.698412698412698,0.746031746031746,0.484126984126984,0.166666666666667,0.873015873015873,0.873015873015873,0.912698412698413
0.849206349206349,0.198412698412698,0.341269841269841,0.650793650793651,0.0555555555555556,0.928571428571429,0.53968253968254,0.873015873015873,0.0555555555555556,0.30952380952381,0.936507936507937,0.992063492063492,0.261904761904762,0.595238095238095,0.53968253968254,0.428571428571429,0.103174603174603,0.73015873015873,0.412698412698413,0.801587301587302,0.611111111111111,0.80952380952381,0.388888888888889,0.420634920634921,0.126984126984127,0.317460317460317,0.476190476190476,0.182539682539683,0.777777777777778,0.523809523809524,0.333333333333333,0.182539682539683,0.865079365079365,0.531746031746032,0.944444444444444,0.912698412698413,0.174603174603175,0.650793650793651,0.579365079365079,0.111111111111111,0.888888888888889,0.936507936507937,0.26984126984127,0.722222222222222,0.833333333333333,0.0396825396825397,0.873015873015873,0.468253968253968,0.380952380952381,0.634920634920635,0.214285714285714,0.603174603174603,0.325396825396825,0.428571428571429,0.761904761904762,0.873015873015873,0.214285714285714,0.658730158730159,0.23015873015873
0.80952380952381,0.531746031746032,0.206349206349206,0.0476190476190476,0.365079365079365,0.00793650793650794,0.650793650793651,0.825396825396825,0.785714285714286,0.603174603174603,0.0714285714285714,0.626984126984127,0.674603174603175,0.76984126984127,0.341269841269841,0.833333333333333,0.984126984126984,0.174603174603175,0.182539682539683,0.182539682539683,0.388888888888889,0.285714285714286,0.595238095238095,0.69047619047619,0,0.373015873015873,0.412698412698413,0.571428571428571,0.388888888888889,0.69047619047619,0.793650793650794,0.26984126984127,0.753968253968254,0.126984126984127,0.650793650793651,0.484126984126984,0.0952380952380952,0.579365079365079,0.261904761904762,0.126984126984127,0.357142857142857,0.452380952380952,0,0.0952380952380952,0.476190476190476,0.5,0.484126984126984,0.492063492063492,0.531746031746032,0.904761904761905,0.26984126984127,0.301587301587302,0.595238095238095,0.341269841269841,0.126984126984127,0.626984126984127,0.523809523809524,0.674603174603175,0.301587301587302
0.619047619047619,0.547619047619048,0.785714285714286,0,0.150793650793651,0.293650793650794,0.26984126984127,0.0952380952380952,0.523809523809524,0.412698412698413,0.134920634920635,0.246031746031746,0.873015873015873,0.880952380952381,0.571428571428571,0.761904761904762,0.944444444444444,0.80952380952381,0.658730158730159,0.0634920634920635,0.0317460317460317,0.603174603174603,0.0396825396825397,0.301587301587302,0.626984126984127,0.936507936507937,0.817460317460317,0.293650793650794,0.563492063492063,0.928571428571429,0.182539682539683,0.285714285714286,0.261904761904762,0.833333333333333,0.793650793650794,0.642857142857143,0.888888888888889,0.0873015873015873,0.420634920634921,0.611111111111111,0.26984126984127,0.182539682539683,0.944444444444444,0.714285714285714,0.515873015873016,1,0.166666666666667,0.952380952380952,0.134920634920635,0.944444444444444,0.555555555555556,0.992063492063492,0,0.261904761904762,0.238095238095238,0.825396825396825,0.26984126984127,0.992063492063492,0.515873015873016
0.111111111111111,0.706349206349206,0.968253968253968,1,0.277777777777778,0.492063492063492,0.182539682539683,0.666666666666667,0.642857142857143,0.944444444444444,0.388888888888889,0.619047619047619,0.825396825396825,0.19047619047619,0.46031746031746,0.341269841269841,0.436507936507937,0.293650793650794,0.579365079365079,0.253968253968254,0.126984126984127,0.865079365079365,0.507936507936508,0.111111111111111,0.0238095238095238,0.658730158730159,0.507936507936508,0.563492063492063,0.404761904761905,0.547619047619048,0.76984126984127,0.73015873015873,0.476190476190476,0.317460317460317,0.603174603174603,0.261904761904762,0.865079365079365,0.333333333333333,0.404761904761905,0.563492063492063,0.841269841269841,0.333333333333333,0.761904761904762,0.0238095238095238,0.0952380952380952,0.611111111111111,0.698412698412698,0.468253968253968,0.904761904761905,0.579365079365079,0.801587301587302,0.642857142857143,0.30952380952381,0.523809523809524,0.579365079365079,0.0873015873015873,0.587301587301587,0.888888888888889,0.579365079365079
0.206349206349206,0.0714285714285714,0.936507936507937,0.150793650793651,0.738095238095238,0.698412698412698,0.428571428571429,0.365079365079365,0.69047619047619,0.198412698412698,0.0952380952380952,0.285714285714286,0.936507936507937,0.119047619047619,0.833333333333333,1,0.468253968253968,0.428571428571429,0.603174603174603,0.952380952380952,0.603174603174603,0,0.650793650793651,0.587301587301587,0.833333333333333,0.785714285714286,0.444444444444444,0.142857142857143,0.531746031746032,0.777777777777778,0.30952380952381,0.0714285714285714,0.587301587301587,0.341269841269841,0.0555555555555556,0.142857142857143,0.0714285714285714,0.142857142857143,0.325396825396825,0.888888888888889,0.253968253968254,0.865079365079365,0.658730158730159,0.968253968253968,0.603174603174603,0.134920634920635,0.468253968253968,0.444444444444444,0.761904761904762,0,0.0476190476190476,0.150793650793651,0,0.436507936507937,0.706349206349206,0.515873015873016,0.317460317460317,0.587301587301587,0.936507936507937
0.912698412698413,0.873015873015873,0.968253968253968,0.111111111111111,0.746031746031746,0.777777777777778,0.936507936507937,0.158730158730159,0.555555555555556,0.658730158730159,0.738095238095238,0.817460317460317,0.674603174603175,0.253968253968254,0.515873015873016,0.96031746031746,0.492063492063492,0.936507936507937,0.380952380952381,0.0952380952380952,0.341269841269841,0.80952380952381,0.468253968253968,0.793650793650794,0.698412698412698,0.436507936507937,0.603174603174603,0.0952380952380952,0.587301587301587,0.515873015873016,0.753968253968254,0.904761904761905,0.928571428571429,0.849206349206349,0.19047619047619,0.880952380952381,0.26984126984127,0.436507936507937,0.888888888888889,0.658730158730159,0.80952380952381,0.357142857142857,0.103174603174603,0.46031746031746,0.785714285714286,0.976190476190476,0.992063492063492,0.428571428571429,0.714285714285714,0.73015873015873,0.5,0.476190476190476,0.23015873015873,0.698412698412698,0.785714285714286,0.0317460317460317,0.333333333333333,0.277777777777778,0.80952380952381
0.365079365079365,0.73015873015873,0.182539682539683,0.293650793650794,0.134920634920635,0.150793650793651,0.642857142857143,0.0238095238095238,0.404761904761905,1,0.333333333333333,0.349206349206349,0.468253968253968,0.547619047619048,0.126984126984127,0.166666666666667,0.0238095238095238,0.682539682539683,0.00793650793650794,0.595238095238095,0.452380952380952,0.746031746031746,0.904761904761905,0.634920634920635,0.96031746031746,0.746031746031746,0.650793650793651,0.753968253968254,0.396825396825397,0.214285714285714,0.0714285714285714,0.0952380952380952,0.428571428571429,0.00793650793650794,0.865079365079365,0.103174603174603,0.976190476190476,0.896825396825397,0.253968253968254,0.912698412698413,0.142857142857143,0.119047619047619,0.515873015873016,0.46031746031746,0.944444444444444,0.896825396825397,0.738095238095238,0.0634920634920635,0.214285714285714,0.706349206349206,0.619047619047619,0.222222222222222,0.476190476190476,0.563492063492063,0.888888888888889,0.182539682539683,0.444444444444444,0.420634920634921,0.420634920634921
0.801587301587302,0.126984126984127,0.984126984126984,0.523809523809524,0.0714285714285714,0.849206349206349,0.984126984126984,0.23015873015873,0.301587301587302,0.206349206349206,0.563492063492063,0.46031746031746,0.26984126984127,0.642857142857143,0.912698412698413,0.873015873015873,0.349206349206349,0.706349206349206,0.26984126984127,0.936507936507937,0.404761904761905,0.682539682539683,0.563492063492063,0.238095238095238,0.396825396825397,0.0873015873015873,0.00793650793650794,0.0634920634920635,0.952380952380952,0.166666666666667,0.301587301587302,0.119047619047619,0.920634920634921,0.555555555555556,0.222222222222222,0.682539682539683,0.746031746031746,0.103174603174603,0.142857142857143,0.46031746031746,0.944444444444444,0.285714285714286,0.428571428571429,0.531746031746032,0.857142857142857,0.238095238095238,0,0.0317460317460317,0.80952380952381,0.976190476190476,0.126984126984127,0.53968253968254,0.30952380952381,0.746031746031746,0.0476190476190476,0.444444444444444,0.555555555555556,0.976190476190476,0.0158730158730159
0.880952380952381,0.952380952380952,0.579365079365079,0.817460317460317,0.920634920634921,0.801587301587302,0.158730158730159,0.634920634920635,0.595238095238095,0.0476190476190476,0.246031746031746,0.912698412698413,0.0555555555555556,0.0317460317460317,0.674603174603175,0.674603174603175,0.611111111111111,0.214285714285714,0.5,0.968253968253968,0.174603174603175,0.5,0.666666666666667,0.857142857142857,0.944444444444444,0.904761904761905,0.484126984126984,0.833333333333333,0.420634920634921,0.658730158730159,0.666666666666667,0.944444444444444,0.246031746031746,0.30952380952381,0.698412698412698,0.928571428571429,0.444444444444444,0.373015873015873,0.714285714285714,0.484126984126984,0.452380952380952,0.357142857142857,0.992063492063492,0.317460317460317,0.0476190476190476,0.0476190476190476,0.76984126984127,0.380952380952381,0.0396825396825397,0.849206349206349,0.722222222222222,0.785714285714286,0.896825396825397,0.746031746031746,0.0317460317460317,0.69047619047619,0.603174603174603,0.69047619047619,0.785714285714286
0.00793650793650794,0.285714285714286,0.325396825396825,0.238095238095238,1,0.626984126984127,0.468253968253968,0.0952380952380952,0.0714285714285714,0.849206349206349,0.738095238095238,0.888888888888889,0.746031746031746,0.0714285714285714,0.158730158730159,0.873015873015873,0.761904761904762,1,0.761904761904762,0.865079365079365,0.73015873015873,0.698412698412698,0.825396825396825,0,0.865079365079365,0.182539682539683,0.682539682539683,0.69047619047619,0.277777777777778,0.285714285714286,0.793650793650794,0.849206349206349,0.880952380952381,0.936507936507937,0.492063492063492,0.865079365079365,0.880952380952381,0.992063492063492,0.666666666666667,0.0873015873015873,0.785714285714286,0.80952380952381,0.587301587301587,0.753968253968254,0.761904761904762,0.944444444444444,0.103174603174603,0.666666666666667,0.523809523809524,0.182539682539683,0.253968253968254,0.158730158730159,0.984126984126984,0.80952380952381,0.198412698412698,0.73015873015873,0.69047619047619,0.174603174603175,0.412698412698413
0.341269841269841,0.412698412698413,0,0.738095238095238,0.904761904761905,0.563492063492063,0.912698412698413,0.547619047619048,0.404761904761905,0.26984126984127,0.73015873015873,0.23015873015873,0.444444444444444,0.817460317460317,0.0714285714285714,0.46031746031746,0.452380952380952,0.388888888888889,0.0476190476190476,0.396825396825397,0.357142857142857,0.26984126984127,0.658730158730159,0.46031746031746,0.0714285714285714,0.626984126984127,0.0634920634920635,0.428571428571429,0.103174603174603,0.46031746031746,0.396825396825397,0.222222222222222,0.785714285714286,0.436507936507937,0.0555555555555556,0.53968253968254,0.650793650793651,0.0158730158730159,0.841269841269841,0.166666666666667,0.0476190476190476,0.896825396825397,0.976190476190476,0.19047619047619,0.119047619047619,0.206349206349206,0.904761904761905,0.80952380952381,0.920634920634921,0.817460317460317,0.428571428571429,0.626984126984127,0.96031746031746,0.825396825396825,0.0158730158730159,0.325396825396825,0.0158730158730159,0.880952380952381,0.944444444444444
0.0158730158730159,0.00793650793650794,0.111111111111111,0.579365079365079,0.603174603174603,0.396825396825397,0.174603174603175,0.706349206349206,0.444444444444444,0.801587301587302,0.388888888888889,0.206349206349206,0.30952380952381,0.158730158730159,0.134920634920635,0.746031746031746,0.698412698412698,0.484126984126984,0.5,0.69047619047619,0.420634920634921,0.666666666666667,0.222222222222222,0.603174603174603,0.182539682539683,0.142857142857143,0.150793650793651,0.214285714285714,0.547619047619048,0.404761904761905,0.00793650793650794,0.555555555555556,0.46031746031746,0.436507936507937,0.103174603174603,0.00793650793650794,0.777777777777778,0.277777777777778,0.698412698412698,0.880952380952381,0.317460317460317,0.373015873015873,0.611111111111111,0.0952380952380952,0.396825396825397,0.00793650793650794,0.246031746031746,0.873015873015873,0.388888888888889,0.253968253968254,0.23015873015873,0.246031746031746,0,0.0634920634920635,0.992063492063492,0.253968253968254,0.547619047619048,0.388888888888889,0.285714285714286
0.642857142857143,0.198412698412698,0.174603174603175,0.936507936507937,0.253968253968254,0.0873015873015873,0.373015873015873,0.301587301587302,0.992063492063492,0.936507936507937,0.650793650793651,0.0634920634920635,0.753968253968254,0.658730158730159,0.634920634920635,0.944444444444444,0.166666666666667,0.682539682539683,0.571428571428571,0.380952380952381,0.69047619047619,0.833333333333333,0.111111111111111,0.357142857142857,0.849206349206349,0,0.404761904761905,0.865079365079365,0,0.944444444444444,0.46031746031746,0.634920634920635,0.523809523809524,0.555555555555556,0.253968253968254,0.976190476190476,0.0396825396825397,0.96031746031746,0.198412698412698,0.293650793650794,0.19047619047619,0.642857142857143,0.992063492063492,0.928571428571429,0.301587301587302,0.0873015873015873,0.206349206349206,0.404761904761905,0.634920634920635,0.0952380952380952,0.206349206349206,0.277777777777778,0.0317460317460317,0.619047619047619,0.333333333333333,0.619047619047619,0.984126984126984,0.626984126984127,0.650793650793651
0.523809523809524,0.26984126984127,0.388888888888889,0.293650793650794,0.634920634920635,1,0.595238095238095,0.928571428571429,0.492063492063492,0.912698412698413,0.634920634920635,0.761904761904762,0.126984126984127,0.23015873015873,0.452380952380952,0,0.634920634920635,0.753968253968254,0.0238095238095238,0.373015873015873,0.761904761904762,0.396825396825397,0.650793650793651,0.563492063492063,0.722222222222222,0.777777777777778,0.373015873015873,0.0238095238095238,0.976190476190476,0.5,0.666666666666667,0.579365079365079,0.182539682539683,0.515873015873016,0,0.166666666666667,0.293650793650794,0.0793650793650794,0.30952380952381,0.134920634920635,0.396825396825397,0.0634920634920635,0.0396825396825397,0.174603174603175,0.650793650793651,0.785714285714286,0.301587301587302,0.111111111111111,0.563492063492063,0.26984126984127,0.563492063492063,0.126984126984127,0.150793650793651,0.19047619047619,0.436507936507937,0.0317460317460317,0.507936507936508,0.674603174603175,1
0.611111111111111,0.214285714285714,0.634920634920635,0.896825396825397,0.817460317460317,0.0714285714285714,0.452380952380952,0.119047619047619,0.182539682539683,0.0714285714285714,0.642857142857143,0.293650793650794,0.444444444444444,0.571428571428571,0.746031746031746,0.23015873015873,0.833333333333333,0.134920634920635,0.285714285714286,0.206349206349206,0.992063492063492,0.0634920634920635,0.579365079365079,0.476190476190476,0.484126984126984,0.341269841269841,0.261904761904762,0.5,0.801587301587302,0.357142857142857,0.246031746031746,0.555555555555556,0.904761904761905,0.666666666666667,0.658730158730159,0.30952380952381,0.785714285714286,0.666666666666667,0.00793650793650794,0.0873015873015873,0.73015873015873,0.214285714285714,0.746031746031746,0.626984126984127,0.976190476190476,0.404761904761905,0.30952380952381,0.0873015873015873,0.357142857142857,0.658730158730159,0.738095238095238,0.174603174603175,0.515873015873016,0.888888888888889,0.873015873015873,0.738095238095238,0.0476190476190476,0.484126984126984,0.80952380952381
0.119047619047619,0.134920634920635,0.0952380952380952,0.825396825396825,0.777777777777778,0.396825396825397,0.119047619047619,0.142857142857143,0.261904761904762,0.5,0.682539682539683,0.325396825396825,0.404761904761905,0.150793650793651,0.833333333333333,0.404761904761905,0.73015873015873,0.515873015873016,0.579365079365079,0.19047619047619,0.436507936507937,0.555555555555556,0.261904761904762,0.0158730158730159,0.928571428571429,0.5,0.277777777777778,0.777777777777778,0.0555555555555556,0.158730158730159,0.595238095238095,0.952380952380952,0.0317460317460317,0.261904761904762,0.476190476190476,0.96031746031746,0.698412698412698,0.936507936507937,0.238095238095238,0.0317460317460317,0.26984126984127,0.492063492063492,0.547619047619048,0,0.0634920634920635,0.650793650793651,0.603174603174603,0.19047619047619,0.722222222222222,0.777777777777778,0.547619047619048,0,0.603174603174603,0.166666666666667,0.880952380952381,0.222222222222222,0.404761904761905,0.634920634920635,0.634920634920635
1,0.547619047619048,0.571428571428571,0.722222222222222,0.166666666666667,0.166666666666667,0.73015873015873,0.952380952380952,0.611111111111111,0.841269841269841,0.23015873015873,0.412698412698413,0.436507936507937,0.404761904761905,0.206349206349206,0.476190476190476,0.992063492063492,0.206349206349206,0.206349206349206,0.595238095238095,0.166666666666667,0.626984126984127,0.142857142857143,0.571428571428571,0.404761904761905,0.738095238095238,0.555555555555556,0.325396825396825,0.277777777777778,0.579365079365079,0.76984126984127,1,0.849206349206349,0.698412698412698,0.833333333333333,0.523809523809524,0.0555555555555556,0.547619047619048,0.777777777777778,0.523809523809524,0.674603174603175,0.46031746031746,0.365079365079365,0.428571428571429,0.698412698412698,0.468253968253968,0.896825396825397,0.285714285714286,0.642857142857143,0,0.920634920634921,0.0476190476190476,0.0476190476190476,0.777777777777778,0.00793650793650794,0.603174603174603,0.801587301587302,0.936507936507937,0.436507936507937
0.896825396825397,0.841269841269841,0,0.753968253968254,0.968253968253968,0.650793650793651,0.396825396825397,0.150793650793651,0.761904761904762,0.0634920634920635,0,0.412698412698413,0.158730158730159,0.626984126984127,0.849206349206349,0.317460317460317,0.698412698412698,0.222222222222222,0.452380952380952,0.984126984126984,0.317460317460317,0.603174603174603,0.404761904761905,0.0873015873015873,0.341269841269841,0.150793650793651,0.166666666666667,0.674603174603175,0.658730158730159,0.849206349206349,0.46031746031746,0.30952380952381,0.674603174603175,0.96031746031746,0.761904761904762,0.23015873015873,0.00793650793650794,0.714285714285714,0.444444444444444,0.817460317460317,0.968253968253968,0.738095238095238,0.865079365079365,0.0873015873015873,0.182539682539683,0.80952380952381,0.563492063492063,0.595238095238095,0.507936507936508,0.46031746031746,0.396825396825397,0.126984126984127,0.936507936507937,0.968253968253968,0.531746031746032,0.547619047619048,0.317460317460317,0.507936507936508,0.968253968253968
0.126984126984127,0.595238095238095,0.936507936507937,0.69047619047619,0.484126984126984,0.134920634920635,0.849206349206349,0.507936507936508,0.182539682539683,0.515873015873016,0.198412698412698,0.444444444444444,0.658730158730159,0.650793650793651,0.484126984126984,0.928571428571429,0.174603174603175,0.412698412698413,0.73015873015873,0.0793650793650794,0,0.341269841269841,0.301587301587302,0.825396825396825,0.174603174603175,0.0873015873015873,0.746031746031746,0.658730158730159,0.888888888888889,0,0.523809523809524,0.944444444444444,0.19047619047619,0.880952380952381,0.777777777777778,0.825396825396825,0.285714285714286,0.571428571428571,0.968253968253968,0.928571428571429,0.0952380952380952,0.0793650793650794,0.849206349206349,0.674603174603175,0.634920634920635,0.753968253968254,0.119047619047619,0.253968253968254,0.428571428571429,0.73015873015873,0.142857142857143,0.642857142857143,0.80952380952381,0.571428571428571,0.928571428571429,0.119047619047619,0.380952380952381,0.0555555555555556,0.920634920634921
0.76984126984127,0.777777777777778,0.396825396825397,0.396825396825397,0.380952380952381,0.0158730158730159,0,1,0.341269841269841,0.53968253968254,0.277777777777778,0.603174603174603,0.349206349206349,0.253968253968254,0.777777777777778,0.984126984126984,0.555555555555556,0.865079365079365,0.857142857142857,0.841269841269841,0.373015873015873,0.880952380952381,0.0952380952380952,0.912698412698413,0.26984126984127,0.642857142857143,0.698412698412698,0.793650793650794,0.412698412698413,1,0.912698412698413,0.96031746031746,0.849206349206349,0.674603174603175,0.80952380952381,0.317460317460317,0.507936507936508,1,0.428571428571429,0.53968253968254,0.873015873015873,0.992063492063492,0.19047619047619,0.492063492063492,0.706349206349206,0.317460317460317,0.23015873015873,0.944444444444444,0.992063492063492,0.571428571428571,0.0793650793650794,0.0238095238095238,0.174603174603175,0.944444444444444,0.253968253968254,0.865079365079365,0.650793650793651,0.857142857142857,0.492063492063492
0.817460317460317,0.825396825396825,0.166666666666667,0.0793650793650794,0.531746031746032,0.674603174603175,0.317460317460317,0.119047619047619,0,1,0.825396825396825,0.222222222222222,0.0952380952380952,0.246031746031746,0.928571428571429,0.150793650793651,0.0793650793650794,0.944444444444444,0.484126984126984,0.349206349206349,0.936507936507937,0.0396825396825397,0,1,0.507936507936508,0.626984126984127,0.912698412698413,0.396825396825397,0.452380952380952,0.468253968253968,0.865079365079365,0.19047619047619,0.134920634920635,1,0,0.523809523809524,0.880952380952381,0.452380952380952,0.873015873015873,0.849206349206349,0.436507936507937,0.388888888888889,0.714285714285714,0.412698412698413,0.468253968253968,0.388888888888889,0.5,0.357142857142857,0.341269841269841,0.674603174603175,0.722222222222222,0.404761904761905,0.198412698412698,0.317460317460317,0.53968253968254,0.793650793650794,0.817460317460317,0,0.388888888888889
0.952380952380952,0.19047619047619,0.357142857142857,0.603174603174603,0.952380952380952,0.420634920634921,0.142857142857143,0.428571428571429,0.857142857142857,0.896825396825397,0.30952380952381,0.246031746031746,0.642857142857143,0.611111111111111,0.214285714285714,0.293650793650794,0.134920634920635,0.30952380952381,0.563492063492063,0.0873015873015873,0.920634920634921,0.380952380952381,0.595238095238095,0.619047619047619,0.0793650793650794,0.984126984126984,0.53968253968254,0.801587301587302,0.611111111111111,0.944444444444444,0.373015873015873,0.841269841269841,0.166666666666667,0.0714285714285714,0.420634920634921,0.658730158730159,0.658730158730159,0.198412698412698,0.833333333333333,0.849206349206349,0.738095238095238,0.238095238095238,0.277777777777778,0.611111111111111,0.396825396825397,0.801587301587302,0.0317460317460317,0.634920634920635,0.301587301587302,0.293650793650794,0.76984126984127,0.30952380952381,0.428571428571429,0.0396825396825397,0.833333333333333,0.30952380952381,0.0793650793650794,0.69047619047619,0.896825396825397
0.0317460317460317,0.571428571428571,0.912698412698413,0.714285714285714,0.920634920634921,0.912698412698413,0.69047619047619,0.238095238095238,0.0793650793650794,0.674603174603175,0.595238095238095,0.30952380952381,0.238095238095238,0.380952380952381,0.484126984126984,0.857142857142857,0.373015873015873,0.746031746031746,0.333333333333333,0.753968253968254,0.952380952380952,0.444444444444444,0.523809523809524,0.253968253968254,0.698412698412698,0.69047619047619,0.53968253968254,0.746031746031746,0.563492063492063,0.849206349206349,0.650793650793651,0.142857142857143,0.650793650793651,0.801587301587302,0.642857142857143,0.412698412698413,0.420634920634921,0.80952380952381,0.476190476190476,0.912698412698413,0.214285714285714,0.793650793650794,0.5,0.968253968253968,0.349206349206349,0.587301587301587,0.198412698412698,0.873015873015873,0.261904761904762,0.928571428571429,0.253968253968254,1,0.325396825396825,0.920634920634921,0.333333333333333,0.849206349206349,0.23015873015873,0.182539682539683,0
0.69047619047619,0.261904761904762,0.166666666666667,0.515873015873016,0.76984126984127,0.817460317460317,0.00793650793650794,0.76984126984127,0.563492063492063,0.492063492063492,0.166666666666667,0.523809523809524,0.373015873015873,0.119047619047619,0.285714285714286,0.333333333333333,0.246031746031746,0.920634920634921,0.523809523809524,0.698412698412698,0.507936507936508,0.158730158730159,0.619047619047619,0.134920634920635,0.817460317460317,0.404761904761905,0.111111111111111,0.0396825396825397,0.611111111111111,0,0.253968253968254,0.531746031746032,0.301587301587302,0.0396825396825397,0.333333333333333,0.238095238095238,0.944444444444444,0.404761904761905,0.857142857142857,0.674603174603175,0.373015873015873,0.126984126984127,0.976190476190476,0.650793650793651,0.777777777777778,0.865079365079365,0.182539682539683,1,0.0873015873015873,1,0.476190476190476,0.936507936507937,0.30952380952381,0.984126984126984,0.166666666666667,0.5,0.714285714285714,0.253968253968254,0.968253968253968
0.698412698412698,0.849206349206349,0.722222222222222,0.928571428571429,0.523809523809524,0.46031746031746,0.904761904761905,0.888888888888889,0.706349206349206,0.111111111111111,0.896825396825397,0.69047619047619,0.904761904761905,0.412698412698413,0.579365079365079,0.936507936507937,0.134920634920635,0.277777777777778,0.825396825396825,0.26984126984127,0.73015873015873,0.753968253968254,0.912698412698413,0.388888888888889,0.658730158730159,0.857142857142857,0.0952380952380952,0.571428571428571,0.238095238095238,0.785714285714286,0.53968253968254,0.587301587301587,0.928571428571429,0.80952380952381,0.992063492063492,0.96031746031746,0.682539682539683,0.674603174603175,0.96031746031746,0.404761904761905,0.198412698412698,0.158730158730159,0.206349206349206,0.261904761904762,0.373015873015873,0.849206349206349,0,0.952380952380952,0.158730158730159,0.698412698412698,0.333333333333333,0.658730158730159,0.682539682539683,0.555555555555556,0.849206349206349,0.793650793650794,0.626984126984127,0.111111111111111,0.0873015873015873
0.936507936507937,0.0476190476190476,0.952380952380952,0.0714285714285714,0.158730158730159,0.817460317460317,0.873015873015873,0.928571428571429,0.80952380952381,0.793650793650794,0.349206349206349,0.492063492063492,0.0317460317460317,0.761904761904762,0.722222222222222,0.388888888888889,0.746031746031746,0.603174603174603,0.96031746031746,0.738095238095238,0.666666666666667,0.992063492063492,0.134920634920635,0.587301587301587,0.952380952380952,0.547619047619048,0.0555555555555556,0.976190476190476,0.682539682539683,0.119047619047619,0.420634920634921,0.261904761904762,0.0793650793650794,0.0714285714285714,0.198412698412698,0.547619047619048,0.126984126984127,0.0317460317460317,0.595238095238095,0,0.0158730158730159,0.158730158730159,0.46031746031746,0.277777777777778,0.46031746031746,0.484126984126984,0.492063492063492,0.873015873015873,0.428571428571429,0.222222222222222,0.952380952380952,0.238095238095238,0.523809523809524,0.80952380952381,0.912698412698413,0.738095238095238,0.253968253968254,0.365079365079365,0.73015873015873
0.76984126984127,0.436507936507937,0.619047619047619,0.888888888888889,0.0952380952380952,0.365079365079365,0.103174603174603,0.634920634920635,0.0952380952380952,0.5,0.103174603174603,0.206349206349206,0.571428571428571,0.349206349206349,0.801587301587302,0.0952380952380952,0.984126984126984,0.706349206349206,0.111111111111111,0.103174603174603,0.896825396825397,0.587301587301587,0.849206349206349,0.198412698412698,0.0238095238095238,0.0634920634920635,0.523809523809524,0.849206349206349,0.825396825396825,0.595238095238095,0.80952380952381,0.579365079365079,0.166666666666667,0.984126984126984,0.0555555555555556,0.507936507936508,0.825396825396825,0.0476190476190476,0.468253968253968,0.277777777777778,0.5,0.0238095238095238,1,0.706349206349206,0.412698412698413,0.0555555555555556,0.96031746031746,0.817460317460317,0.849206349206349,0.380952380952381,0.611111111111111,0.555555555555556,0.968253968253968,0.0793650793650794,0.142857142857143,0.563492063492063,0.428571428571429,0.380952380952381,0.801587301587302
0.666666666666667,0.658730158730159,0.992063492063492,0.0714285714285714,0.222222222222222,0.0555555555555556,0.722222222222222,0.634920634920635,0.611111111111111,0.888888888888889,0.0793650793650794,0.277777777777778,0.00793650793650794,0.365079365079365,0.468253968253968,0.238095238095238,0.666666666666667,0.150793650793651,0.547619047619048,0.777777777777778,0.412698412698413,0.293650793650794,0.388888888888889,0.634920634920635,0.888888888888889,0.468253968253968,0.73015873015873,0.158730158730159,0.126984126984127,0.0714285714285714,0.444444444444444,0.420634920634921,0.674603174603175,0.19047619047619,0.936507936507937,0.682539682539683,0.587301587301587,0.873015873015873,0.873015873015873,0.936507936507937,0.357142857142857,0.587301587301587,0.388888888888889,0.119047619047619,0.00793650793650794,0.285714285714286,0.452380952380952,0.412698412698413,0.30952380952381,0.158730158730159,0.19047619047619,0.825396825396825,0.761904761904762,0.182539682539683,0.96031746031746,0.896825396825397,0.825396825396825,0.587301587301587,0.253968253968254
0.595238095238095,0.325396825396825,0.0317460317460317,0.317460317460317,0.73015873015873,0.0634920634920635,0.261904761904762,0.246031746031746,0.73015873015873,0.436507936507937,0.380952380952381,0.317460317460317,0.150793650793651,0.698412698412698,0.0476190476190476,0.46031746031746,0.841269841269841,0.912698412698413,0.944444444444444,0.579365079365079,0.0476190476190476,0.142857142857143,0.698412698412698,0.563492063492063,0.904761904761905,0.357142857142857,0.904761904761905,0.420634920634921,0.96031746031746,0.373015873015873,0.841269841269841,0.357142857142857,0.412698412698413,0.738095238095238,0.349206349206349,0.976190476190476,0.761904761904762,0.738095238095238,0.142857142857143,1,0.0317460317460317,0.452380952380952,0.444444444444444,0.182539682539683,0.253968253968254,0.650793650793651,0.976190476190476,0.992063492063492,0.603174603174603,0.865079365079365,0.317460317460317,0.714285714285714,0.650793650793651,0.682539682539683,0.912698412698413,0.698412698412698,0.579365079365079,0.420634920634921,0.682539682539683
0.53968253968254,0.404761904761905,0.238095238095238,0.738095238095238,0.698412698412698,0.0476190476190476,0.777777777777778,0.0476190476190476,0.753968253968254,0.674603174603175,0.714285714285714,0.111111111111111,0.634920634920635,0.507936507936508,0.238095238095238,0.833333333333333,0.507936507936508,0.111111111111111,0.873015873015873,0.0158730158730159,0.793650793650794,0.174603174603175,0.30952380952381,0.238095238095238,0.920634920634921,0.722222222222222,0.952380952380952,0.444444444444444,0.96031746031746,0.658730158730159,1,0.0873015873015873,0.579365079365079,0.857142857142857,0.412698412698413,0.103174603174603,0.404761904761905,0.46031746031746,0.865079365079365,0.706349206349206,0.5,0.579365079365079,0.833333333333333,0.563492063492063,0.587301587301587,0.412698412698413,0.841269841269841,0.174603174603175,0.484126984126984,0.825396825396825,0.634920634920635,0.341269841269841,0.53968253968254,0.261904761904762,0.0555555555555556,0.76984126984127,0.698412698412698,0.0476190476190476,0.396825396825397
0.0396825396825397,0.174603174603175,0.476190476190476,0.46031746031746,0.753968253968254,0.682539682539683,0.722222222222222,0.928571428571429,0.238095238095238,0.555555555555556,0.873015873015873,0.0714285714285714,0.23015873015873,0.69047619047619,0.873015873015873,0.896825396825397,0.412698412698413,0.777777777777778,0.777777777777778,0.865079365079365,0.682539682539683,0.492063492063492,0.333333333333333,0.777777777777778,0.142857142857143,0.388888888888889,0.865079365079365,0.0634920634920635,0.777777777777778,0.515873015873016,0.857142857142857,0.293650793650794,0.587301587301587,0.0873015873015873,0.682539682539683,0.214285714285714,1,0.333333333333333,0.0793650793650794,0.293650793650794,1,0.0714285714285714,0.73015873015873,0.158730158730159,0.73015873015873,0.365079365079365,0.0158730158730159,0.515873015873016,0.182539682539683,0.611111111111111,0.849206349206349,0.246031746031746,0.555555555555556,0.452380952380952,0.0952380952380952,0.349206349206349,0.523809523809524,0.611111111111111,0
0.984126984126984,0.904761904761905,0.0634920634920635,0.69047619047619,0.547619047619048,0.246031746031746,0.341269841269841,0.0714285714285714,0.253968253968254,0.626984126984127,0.5,0.674603174603175,0.182539682539683,0.134920634920635,0.0634920634920635,0.150793650793651,0.523809523809524,0.682539682539683,0.388888888888889,0.873015873015873,0.571428571428571,0.46031746031746,0.150793650793651,0.214285714285714,0.126984126984127,0.650793650793651,0.73015873015873,0.714285714285714,0.634920634920635,0.865079365079365,0.952380952380952,0.76984126984127,0.80952380952381,0.119047619047619,0.277777777777778,0.571428571428571,0.849206349206349,0.626984126984127,0.246031746031746,0.992063492063492,0.753968253968254,0.76984126984127,0.865079365079365,0.611111111111111,0.277777777777778,0.825396825396825,0.492063492063492,0.976190476190476,0.333333333333333,0.246031746031746,0.777777777777778,0.0952380952380952,0.0158730158730159,0.873015873015873,0.0555555555555556,0.468253968253968,0.365079365079365,0.817460317460317,0.563492063492063
0.0317460317460317,0.30952380952381,0.976190476190476,0.126984126984127,0.134920634920635,0.182539682539683,0.865079365079365,0.214285714285714,0.452380952380952,0.420634920634921,0.936507936507937,0.492063492063492,0.849206349206349,0.412698412698413,0.396825396825397,0.253968253968254,0.261904761904762,0.214285714285714,0.0238095238095238,0.0317460317460317,0.0317460317460317,0.714285714285714,0.976190476190476,0.738095238095238,0.301587301587302,0,0.5,0.444444444444444,0.0158730158730159,0.341269841269841,0.801587301587302,0.706349206349206,0.0476190476190476,0.642857142857143,0.26984126984127,0.0317460317460317,0.992063492063492,0.23015873015873,0.738095238095238,0.119047619047619,0.301587301587302,0.507936507936508,0.0555555555555556,0.833333333333333,0.142857142857143,0.53968253968254,0.325396825396825,0.420634920634921,0.825396825396825,0.365079365079365,0.595238095238095,0.444444444444444,0.277777777777778,0.611111111111111,0.301587301587302,0.206349206349206,0.682539682539683,0.634920634920635,0.674603174603175
0.896825396825397,0.857142857142857,0.222222222222222,0.103174603174603,0.825396825396825,0.976190476190476,0.69047619047619,0.952380952380952,0,0.714285714285714,0.96031746031746,0.206349206349206,0.785714285714286,0,0.873015873015873,0.785714285714286,0.134920634920635,0.976190476190476,0.428571428571429,0.706349206349206,0.76984126984127,0.0952380952380952,0.76984126984127,0.150793650793651,0.333333333333333,0.214285714285714,0.126984126984127,0.722222222222222,0.746031746031746,0.261904761904762,0.30952380952381,0.206349206349206,0.325396825396825,0.317460317460317,0.238095238095238,0.753968253968254,0.388888888888889,0.579365079365079,0.69047619047619,0.873015873015873,0.444444444444444,0.0555555555555556,0.76984126984127,0.80952380952381,0.0317460317460317,0.317460317460317,0.174603174603175,0.611111111111111,0.373015873015873,0.53968253968254,0.904761904761905,0.761904761904762,0.53968253968254,0.825396825396825,0.611111111111111,0.380952380952381,0.00793650793650794,0.174603174603175,0.103174603174603
0.23015873015873,0.357142857142857,0.388888888888889,0.603174603174603,0.428571428571429,0.722222222222222,0.19047619047619,0.166666666666667,0.817460317460317,0.587301587301587,0.261904761904762,0.849206349206349,0.476190476190476,0.968253968253968,0.563492063492063,0.444444444444444,0.682539682539683,0.547619047619048,0.896825396825397,0.984126984126984,0.698412698412698,0.857142857142857,0.761904761904762,0.738095238095238,0.103174603174603,0.603174603174603,0.650793650793651,0.555555555555556,0.0793650793650794,0.19047619047619,0.904761904761905,0.428571428571429,0.595238095238095,0.293650793650794,0.492063492063492,0.579365079365079,0.0952380952380952,0.888888888888889,0.0714285714285714,0.103174603174603,0.984126984126984,1,0.0317460317460317,0.476190476190476,0.992063492063492,0.0793650793650794,0.904761904761905,0.317460317460317,0.452380952380952,0.158730158730159,0.976190476190476,0.904761904761905,0.76984126984127,0.53968253968254,0.634920634920635,0.238095238095238,0.206349206349206,0.0714285714285714,0.134920634920635
0.746031746031746,0.19047619047619,0.261904761904762,0.714285714285714,0.849206349206349,0.53968253968254,0.134920634920635,0.531746031746032,0.992063492063492,0.365079365079365,0.515873015873016,0.388888888888889,1,0.817460317460317,0.928571428571429,0.515873015873016,0.19047619047619,0.0873015873015873,0.849206349206349,0.841269841269841,0.404761904761905,0.896825396825397,0.0555555555555556,0.0634920634920635,0.00793650793650794,0.349206349206349,0.761904761904762,0.53968253968254,0.650793650793651,0.761904761904762,0.333333333333333,0.26984126984127,0.373015873015873,0.238095238095238,0.238095238095238,0.944444444444444,0.626984126984127,0.0476190476190476,0.587301587301587,0.182539682539683,0.0952380952380952,0.515873015873016,0.682539682539683,0.476190476190476,0.23015873015873,0.468253968253968,0.674603174603175,0.0873015873015873,0.888888888888889,0.0793650793650794,0.888888888888889,0.198412698412698,0.26984126984127,0.126984126984127,0.785714285714286,0.222222222222222,0.968253968253968,0.420634920634921,0.563492063492063
0.984126984126984,0.761904761904762,0.849206349206349,0.134920634920635,0.587301587301587,0.873015873015873,0.952380952380952,0.96031746031746,0.857142857142857,0.865079365079365,0.785714285714286,0.333333333333333,0.746031746031746,0.246031746031746,0.198412698412698,0.0317460317460317,0.880952380952381,0.920634920634921,0.253968253968254,0.206349206349206,0.0555555555555556,0.174603174603175,0.801587301587302,0.5,0.619047619047619,0.523809523809524,0.722222222222222,0.587301587301587,0.19047619047619,0.777777777777778,0.69047619047619,0.293650793650794,0.611111111111111,0.388888888888889,0.698412698412698,0.849206349206349,0.166666666666667,0.777777777777778,0.76984126984127,0.238095238095238,0.0952380952380952,0.936507936507937,0.428571428571429,0.984126984126984,0.428571428571429,0.714285714285714,0.555555555555556,0.277777777777778,0.626984126984127,0.198412698412698,0.349206349206349,0.349206349206349,0.976190476190476,0.0952380952380952,0.412698412698413,0.626984126984127,0.920634920634921,0.111111111111111,0.26984126984127
0.80952380952381,0.166666666666667,0.484126984126984,0.626984126984127,0.896825396825397,0.777777777777778,0.69047619047619,0.611111111111111,0.0634920634920635,0.841269841269841,0.492063492063492,0.873015873015873,0.698412698412698,0.19047619047619,0.0555555555555556,0.293650793650794,0.317460317460317,0.341269841269841,0.666666666666667,0.333333333333333,0.317460317460317,0.412698412698413,0.865079365079365,0.857142857142857,0.817460317460317,0.674603174603175,0.595238095238095,0.904761904761905,0.134920634920635,0.642857142857143,0.5,0.325396825396825,0.0317460317460317,0.785714285714286,0.126984126984127,0.166666666666667,0.166666666666667,0.126984126984127,0.706349206349206,0.785714285714286,0.53968253968254,0.0238095238095238,0.0555555555555556,0.785714285714286,0.888888888888889,0.428571428571429,0.658730158730159,0.912698412698413,0.103174603174603,0.698412698412698,0.817460317460317,0.626984126984127,0.738095238095238,0.73015873015873,0.555555555555556,0.738095238095238,0.571428571428571,0.317460317460317,0.603174603174603
0.301587301587302,0.214285714285714,0.30952380952381,0.317460317460317,0.198412698412698,0.404761904761905,0.706349206349206,0.896825396825397,0.904761904761905,0.301587301587302,0.96031746031746,0.0555555555555556,0.674603174603175,0.0793650793650794,0.357142857142857,0.293650793650794,0.182539682539683,0.0317460317460317,0.325396825396825,0.0158730158730159,0.198412698412698,0.341269841269841,1,0.0952380952380952,0.642857142857143,0.238095238095238,0.674603174603175,0.611111111111111,0.634920634920635,0.595238095238095,0.0555555555555556,0.992063492063492,0.103174603174603,0.341269841269841,0.380952380952381,0.920634920634921,0.865079365079365,0.507936507936508,0.277777777777778,0.46031746031746,1,0.388888888888889,0.0238095238095238,0.698412698412698,0.150793650793651,0.301587301587302,0.563492063492063,0.714285714285714,0.30952380952381,0.0634920634920635,0.0793650793650794,0.111111111111111,0.158730158730159,0.96031746031746,0.523809523809524,0.642857142857143,0.603174603174603,0.150793650793651,0.285714285714286
0.484126984126984,0.277777777777778,0.150793650793651,0.722222222222222,0.325396825396825,0.563492063492063,0.293650793650794,0.428571428571429,0.563492063492063,0.206349206349206,0.119047619047619,0.0396825396825397,0.412698412698413,0.76984126984127,0.119047619047619,0.158730158730159,0.333333333333333,0.619047619047619,0.158730158730159,0.0396825396825397,0.912698412698413,0.80952380952381,0.420634920634921,0.944444444444444,0.134920634920635,0.650793650793651,0.571428571428571,0.920634920634921,0.325396825396825,0.563492063492063,0.134920634920635,0.603174603174603,0.976190476190476,0.80952380952381,0.666666666666667,0.00793650793650794,0.325396825396825,0.563492063492063,0.674603174603175,0.444444444444444,0.46031746031746,0.0238095238095238,0.0714285714285714,0.841269841269841,0.746031746031746,0.150793650793651,0.373015873015873,0.587301587301587,0.984126984126984,0.19047619047619,0.984126984126984,0.714285714285714,0.238095238095238,0.944444444444444,0.80952380952381,0.76984126984127,0.928571428571429,0.76984126984127,0.626984126984127
0.436507936507937,0.492063492063492,0.0873015873015873,0.238095238095238,0.841269841269841,0.317460317460317,0.857142857142857,0.563492063492063,0.976190476190476,0.0238095238095238,0.682539682539683,0.976190476190476,0.0952380952380952,0.126984126984127,0.912698412698413,0.746031746031746,0.238095238095238,0.0714285714285714,0.658730158730159,0.634920634920635,0.714285714285714,0.126984126984127,0.547619047619048,0.0793650793650794,0.349206349206349,0.0396825396825397,0.412698412698413,0.484126984126984,0.0873015873015873,0.619047619047619,0.214285714285714,0.492063492063492,0.0555555555555556,0.928571428571429,0.436507936507937,0.103174603174603,0.46031746031746,0.0238095238095238,0.515873015873016,0.857142857142857,0.341269841269841,0.992063492063492,0.0238095238095238,0.801587301587302,0.484126984126984,0.119047619047619,0.928571428571429,0.365079365079365,0.563492063492063,0.238095238095238,0.166666666666667,0.738095238095238,0.888888888888889,0.476190476190476,0.365079365079365,0.492063492063492,0.952380952380952,0.904761904761905,0.150793650793651
0.650793650793651,0.0793650793650794,0.80952380952381,0.0317460317460317,0.555555555555556,0.198412698412698,0.134920634920635,0.571428571428571,0.0476190476190476,0.452380952380952,0.73015873015873,0.0873015873015873,0.380952380952381,0.0396825396825397,0.103174603174603,0.380952380952381,0.0396825396825397,0.841269841269841,0.19047619047619,0.0555555555555556,0.841269841269841,0.0317460317460317,0.523809523809524,0.174603174603175,0.444444444444444,0.00793650793650794,0.746031746031746,0.984126984126984,0.603174603174603,0.642857142857143,0.436507936507937,0.587301587301587,0.80952380952381,0.468253968253968,0.158730158730159,0.761904761904762,0.920634920634921,0.753968253968254,0.817460317460317,0.587301587301587,0.944444444444444,0.182539682539683,0,0.928571428571429,0.682539682539683,0.0555555555555556,0.547619047619048,0.333333333333333,0.404761904761905,0.492063492063492,0.0158730158730159,0.888888888888889,0.587301587301587,0.111111111111111,0.492063492063492,0.69047619047619,0.476190476190476,0.634920634920635,0.0396825396825397
0.412698412698413,0.753968253968254,0.341269841269841,0.182539682539683,0.452380952380952,0.587301587301587,0.23015873015873,0.492063492063492,0.777777777777778,0.19047619047619,0.261904761904762,0.793650793650794,0.349206349206349,0.888888888888889,0.468253968253968,0.349206349206349,0.587301587301587,0.785714285714286,0.166666666666667,0.246031746031746,0.317460317460317,0.682539682539683,0.380952380952381,0.277777777777778,0.920634920634921,0.404761904761905,0.849206349206349,0.420634920634921,0.634920634920635,0.238095238095238,0.563492063492063,0.865079365079365,0.642857142857143,0.285714285714286,0.0317460317460317,0.182539682539683,0.53968253968254,0.603174603174603,0.555555555555556,0,0.785714285714286,0.952380952380952,0.523809523809524,0.30952380952381,0.174603174603175,0.523809523809524,0.0555555555555556,0.952380952380952,0.182539682539683,0.968253968253968,0.0714285714285714,0.777777777777778,0.952380952380952,0.714285714285714,0.928571428571429,0.206349206349206,0.174603174603175,0.134920634920635,0.976190476190476
0.634920634920635,0.0238095238095238,0.380952380952381,0.380952380952381,0.920634920634921,0.158730158730159,0.880952380952381,0.96031746031746,0.0317460317460317,0.293650793650794,0.547619047619048,0.920634920634921,0.246031746031746,0.0634920634920635,0.777777777777778,0.571428571428571,0.396825396825397,0.841269841269841,0.841269841269841,0.277777777777778,0.0238095238095238,1,0.492063492063492,0.650793650793651,0.0952380952380952,0.182539682539683,0.214285714285714,0.0952380952380952,0.444444444444444,0.103174603174603,0.00793650793650794,0.817460317460317,0.523809523809524,0.912698412698413,0.507936507936508,0.722222222222222,0.0238095238095238,0.873015873015873,0.317460317460317,0.380952380952381,0.0634920634920635,0.126984126984127,0.936507936507937,0.634920634920635,0.880952380952381,0.722222222222222,0.523809523809524,0.992063492063492,0.293650793650794,0.888888888888889,0.547619047619048,0.761904761904762,0.0873015873015873,0.666666666666667,0.825396825396825,0.357142857142857,0.126984126984127,0.0396825396825397,0.0158730158730159
0.992063492063492,0.0952380952380952,0.952380952380952,0.801587301587302,0.0634920634920635,0.76984126984127,0.26984126984127,0.595238095238095,0.507936507936508,0.365079365079365,0.650793650793651,0.341269841269841,0.0158730158730159,0.357142857142857,0.246031746031746,0.134920634920635,0.777777777777778,0.531746031746032,0.301587301587302,0.150793650793651,0.0396825396825397,0.349206349206349,0.404761904761905,0.896825396825397,0.373015873015873,0.373015873015873,0.857142857142857,0.46031746031746,0.777777777777778,0.968253968253968,0.873015873015873,0.0634920634920635,0.166666666666667,0.317460317460317,0.476190476190476,0.888888888888889,0.801587301587302,0.825396825396825,0.928571428571429,0.587301587301587,0.571428571428571,0.373015873015873,0.976190476190476,0.531746031746032,0.214285714285714,0.420634920634921,0.841269841269841,0.452380952380952,1,0.0238095238095238,0.0634920634920635,0.706349206349206,0.253968253968254,0.698412698412698,0.388888888888889,0.277777777777778,0.301587301587302,0.896825396825397,0.468253968253968
0.722222222222222,0.214285714285714,0.53968253968254,0.341269841269841,0.253968253968254,0.880952380952381,0.00793650793650794,0,0.198412698412698,0.0634920634920635,0.0396825396825397,0.714285714285714,0.388888888888889,0.198412698412698,0.261904761904762,0.896825396825397,0.380952380952381,0.261904761904762,0.579365079365079,0.571428571428571,0.0714285714285714,0.111111111111111,0.73015873015873,0.857142857142857,0.182539682539683,0.301587301587302,0.928571428571429,0.492063492063492,1,0.0158730158730159,0.214285714285714,0.841269841269841,0.19047619047619,0.642857142857143,0.896825396825397,0.333333333333333,0.0714285714285714,0.182539682539683,0.80952380952381,0.182539682539683,0.0634920634920635,0.563492063492063,0.182539682539683,0.134920634920635,0.444444444444444,0.333333333333333,0.484126984126984,0.825396825396825,0.412698412698413,0.111111111111111,0.865079365079365,0.587301587301587,0.992063492063492,0.857142857142857,0.00793650793650794,0.952380952380952,1,0.103174603174603,0.119047619047619
0.246031746031746,0.452380952380952,0.523809523809524,0.698412698412698,0.5,0.206349206349206,0.436507936507937,0.0793650793650794,0.587301587301587,0.476190476190476,0.587301587301587,0.126984126984127,0.642857142857143,0.293650793650794,0.492063492063492,0.357142857142857,0.849206349206349,0.476190476190476,0.603174603174603,0.793650793650794,0.166666666666667,0.150793650793651,0.619047619047619,0.873015873015873,0.904761904761905,0.69047619047619,0.873015873015873,0.896825396825397,0.00793650793650794,0.634920634920635,0.396825396825397,0.626984126984127,0.0714285714285714,0.0555555555555556,0.523809523809524,0.920634920634921,0.96031746031746,0.26984126984127,0.46031746031746,0.428571428571429,0.111111111111111,0.166666666666667,0.142857142857143,0.753968253968254,0.174603174603175,0.833333333333333,0.626984126984127,0.555555555555556,0.674603174603175,0.571428571428571,0.73015873015873,0.142857142857143,0.76984126984127,0.0158730158730159,0.80952380952381,0.103174603174603,0.277777777777778,0.547619047619048,0.19047619047619
0.00793650793650794,0.928571428571429,0.73015873015873,0.293650793650794,0.523809523809524,0.349206349206349,0.571428571428571,0.873015873015873,0.650793650793651,0.436507936507937,0.76984126984127,0.0317460317460317,0.111111111111111,0.69047619047619,0.555555555555556,0.404761904761905,0.817460317460317,0.928571428571429,0,0.444444444444444,0.23015873015873,0.0952380952380952,0.468253968253968,0.0793650793650794,0.428571428571429,0.888888888888889,0.158730158730159,0.142857142857143,0.253968253968254,0.0952380952380952,0.492063492063492,0.0317460317460317,0.277777777777778,0.222222222222222,0.698412698412698,0.341269841269841,0.325396825396825,0.30952380952381,0.952380952380952,0.515873015873016,0.698412698412698,0.579365079365079,0.555555555555556,0.928571428571429,0.857142857142857,0.746031746031746,0.119047619047619,0.904761904761905,0.825396825396825,0.0634920634920635,0.30952380952381,0.325396825396825,0.920634920634921,0.119047619047619,0.896825396825397,0.134920634920635,0.301587301587302,0.349206349206349,0.380952380952381
0.674603174603175,0.476190476190476,0.666666666666667,0.0238095238095238,0.619047619047619,0.158730158730159,0.412698412698413,0.412698412698413,0.150793650793651,0.365079365079365,0.325396825396825,0.396825396825397,0.0634920634920635,0.214285714285714,0.00793650793650794,0.0476190476190476,0.904761904761905,0.777777777777778,0.103174603174603,0.492063492063492,0.365079365079365,0.968253968253968,0.214285714285714,0.992063492063492,0.357142857142857,0.69047619047619,0.642857142857143,0.992063492063492,0.261904761904762,0.0158730158730159,0.341269841269841,0.388888888888889,0.119047619047619,0.285714285714286,0.46031746031746,0.873015873015873,0.468253968253968,0.944444444444444,0.0158730158730159,0.333333333333333,0.634920634920635,0,0.611111111111111,0.150793650793651,0.658730158730159,0.880952380952381,0.253968253968254,0.119047619047619,0.444444444444444,0.857142857142857,0.126984126984127,0.23015873015873,0.833333333333333,0.158730158730159,0.174603174603175,0.515873015873016,0.841269841269841,1,0.412698412698413
0.0476190476190476,0.142857142857143,0.5,0.507936507936508,0.80952380952381,0.706349206349206,0.888888888888889,0.761904761904762,1,0.388888888888889,0.182539682539683,0.984126984126984,0.174603174603175,0.571428571428571,0.484126984126984,0.134920634920635,0.873015873015873,0.952380952380952,0.746031746031746,0.738095238095238,0.698412698412698,0.968253968253968,0.595238095238095,0.912698412698413,0.0317460317460317,0.214285714285714,0.166666666666667,0.547619047619048,0.293650793650794,0.0476190476190476,0.119047619047619,0.698412698412698,0.0952380952380952,0.0793650793650794,0,0.468253968253968,0.888888888888889,0.674603174603175,0.674603174603175,0.5,0.253968253968254,0.674603174603175,0.285714285714286,0.452380952380952,0.261904761904762,0.166666666666667,0.642857142857143,0.746031746031746,0.468253968253968,0.761904761904762,0.682539682539683,0.388888888888889,0.603174603174603,0.111111111111111,0.349206349206349,1,0.158730158730159,0.380952380952381,0.69047619047619
0.563492063492063,0.80952380952381,0.555555555555556,0.285714285714286,0.373015873015873,0.103174603174603,0,0.626984126984127,0.142857142857143,0.246031746031746,0.404761904761905,0.246031746031746,0.0238095238095238,0.96031746031746,0.674603174603175,0.96031746031746,0.261904761904762,0.515873015873016,0.174603174603175,0.801587301587302,0.261904761904762,0.920634920634921,1,1,0.00793650793650794,0.103174603174603,0.404761904761905,0.126984126984127,0.849206349206349,0.253968253968254,0.531746031746032,0.142857142857143,0.746031746031746,0.603174603174603,0.373015873015873,0.53968253968254,0.833333333333333,0.706349206349206,0.222222222222222,0.222222222222222,0.142857142857143,0.611111111111111,0.587301587301587,0.103174603174603,0.571428571428571,0.674603174603175,0,0.793650793650794,0.23015873015873,0.452380952380952,0.19047619047619,0.579365079365079,0.119047619047619,0.817460317460317,0.492063492063492,0.523809523809524,0,0.444444444444444,0.507936507936508
0.785714285714286,0.722222222222222,0.658730158730159,0.388888888888889,1,0.841269841269841,0.912698412698413,0.492063492063492,0.142857142857143,0.753968253968254,0.484126984126984,0.634920634920635,0.849206349206349,0.984126984126984,0.53968253968254,0.0793650793650794,0.388888888888889,0.698412698412698,0.595238095238095,0.0555555555555556,0.0555555555555556,0.722222222222222,0.722222222222222,0.150793650793651,0.0396825396825397,0.936507936507937,0.198412698412698,0.206349206349206,0.23015873015873,0.714285714285714,0.349206349206349,0.0396825396825397,0.928571428571429,0.928571428571429,0.968253968253968,0.0634920634920635,0.285714285714286,0.00793650793650794,1,0.5,0.611111111111111,0.301587301587302,0.396825396825397,0.69047619047619,0.420634920634921,0.484126984126984,0.214285714285714,0.317460317460317,1,0,0.642857142857143,0.563492063492063,0.896825396825397,0.333333333333333,0.0238095238095238,0.333333333333333,0.404761904761905,0.476190476190476,0.285714285714286
0.380952380952381,0.880952380952381,0.293650793650794,0.484126984126984,0.0238095238095238,0.547619047619048,0.111111111111111,0.857142857142857,0.841269841269841,0.793650793650794,0.150793650793651,0.166666666666667,0.373015873015873,0.523809523809524,0.396825396825397,0.833333333333333,0.706349206349206,0.19047619047619,0.206349206349206,0.825396825396825,0.896825396825397,0.976190476190476,0.73015873015873,0.420634920634921,0.595238095238095,0.0238095238095238,0.777777777777778,0,0.206349206349206,0.634920634920635,0.587301587301587,0.134920634920635,0.420634920634921,0.166666666666667,0.634920634920635,0.984126984126984,0.587301587301587,0.944444444444444,0.69047619047619,0.0634920634920635,0.857142857142857,0.753968253968254,0.722222222222222,0.587301587301587,0.261904761904762,0.246031746031746,0.674603174603175,0.595238095238095,0.0952380952380952,0.206349206349206,0.373015873015873,0.5,0.126984126984127,0.0555555555555556,0.412698412698413,0.0317460317460317,0.777777777777778,0.0396825396825397,0.579365079365079
0.833333333333333,0.111111111111111,0.484126984126984,0,0.285714285714286,0.301587301587302,0.452380952380952,0.76984126984127,0.619047619047619,0.746031746031746,1,0.0634920634920635,0.19047619047619,0.936507936507937,0.468253968253968,0.222222222222222,0.912698412698413,0.642857142857143,0.904761904761905,0.626984126984127,0.23015873015873,0.626984126984127,0.777777777777778,0.753968253968254,0.444444444444444,0.833333333333333,0.238095238095238,0.444444444444444,0.142857142857143,0.73015873015873,0.674603174603175,0.26984126984127,0.944444444444444,0.166666666666667,0.841269841269841,0.301587301587302,0.96031746031746,0.73015873015873,0.23015873015873,0.73015873015873,0.595238095238095,0.19047619047619,0.666666666666667,0.166666666666667,0.277777777777778,0.23015873015873,1,0.134920634920635,0.142857142857143,0.619047619047619,0.134920634920635,1,0.936507936507937,0.944444444444444,0.436507936507937,0.53968253968254,0.0793650793650794,0.198412698412698,0.30952380952381
0.984126984126984,0.436507936507937,0.936507936507937,0.436507936507937,0.761904761904762,0.23015873015873,0.30952380952381,0.142857142857143,0.896825396825397,0.0952380952380952,0.714285714285714,0.634920634920635,0.19047619047619,0.0555555555555556,0.0873015873015873,0.69047619047619,0.333333333333333,0.349206349206349,0.936507936507937,0.246031746031746,0.261904761904762,0.285714285714286,0.333333333333333,0.373015873015873,0.976190476190476,0.436507936507937,0.30952380952381,0.103174603174603,0.626984126984127,0.285714285714286,0.849206349206349,0.555555555555556,0.198412698412698,0,0.896825396825397,0.0158730158730159,0.468253968253968,0.96031746031746,0.341269841269841,0.523809523809524,0.214285714285714,0.849206349206349,0.793650793650794,0.80952380952381,0.579365079365079,0.793650793650794,0.420634920634921,0.73015873015873,0.80952380952381,0.158730158730159,0.563492063492063,0.682539682539683,0.277777777777778,0.992063492063492,0.373015873015873,0.126984126984127,0.150793650793651,0.69047619047619,0.857142857142857
0.682539682539683,0.904761904761905,0.507936507936508,0.753968253968254,0.357142857142857,0.746031746031746,0.857142857142857,0.579365079365079,0.420634920634921,0.547619047619048,0.253968253968254,0.0952380952380952,0.976190476190476,0.261904761904762,0.785714285714286,0.785714285714286,0.896825396825397,0.706349206349206,0.698412698412698,0.920634920634921,0.761904761904762,0.984126984126984,0.285714285714286,0.706349206349206,0.658730158730159,0.142857142857143,0.357142857142857,0.777777777777778,0.341269841269841,0.341269841269841,0.380952380952381,0.404761904761905,0.396825396825397,0.134920634920635,0.928571428571429,0.357142857142857,0.634920634920635,0.26984126984127,0.166666666666667,0.126984126984127,0.214285714285714,0.182539682539683,0.746031746031746,0.333333333333333,0.880952380952381,0.0873015873015873,0.825396825396825,0.103174603174603,0.920634920634921,1,0.404761904761905,0.920634920634921,0.23015873015873,0.222222222222222,0.738095238095238,0.238095238095238,0.888888888888889,0.587301587301587,0.595238095238095
0.0158730158730159,0.658730158730159,0.825396825396825,0.793650793650794,0.166666666666667,0.30952380952381,0.103174603174603,0.325396825396825,0.706349206349206,0.261904761904762,0.563492063492063,0.619047619047619,0.0714285714285714,0.436507936507937,0.658730158730159,0.682539682539683,0.103174603174603,0.0317460317460317,0.388888888888889,0.896825396825397,0.619047619047619,0.658730158730159,0.452380952380952,0.80952380952381,0.277777777777778,0.53968253968254,0.563492063492063,0.992063492063492,0.0555555555555556,0.134920634920635,0.873015873015873,0.722222222222222,0.53968253968254,0.126984126984127,0.0873015873015873,0.841269841269841,0.30952380952381,0.785714285714286,0.428571428571429,0,0.603174603174603,0.976190476190476,0.373015873015873,0.357142857142857,0.904761904761905,0.674603174603175,0.976190476190476,0.404761904761905,0.563492063492063,0.650793650793651,0.222222222222222,0.150793650793651,0.865079365079365,0.801587301587302,0.944444444444444,0.333333333333333,0.968253968253968,0.571428571428571,0.896825396825397
0.785714285714286,0.888888888888889,0.404761904761905,0.865079365079365,0.198412698412698,0.198412698412698,0.841269841269841,0.976190476190476,0.873015873015873,1,0.507936507936508,0.888888888888889,0.976190476190476,0.126984126984127,0.523809523809524,0.912698412698413,0.325396825396825,0.746031746031746,0.992063492063492,0.0317460317460317,0.126984126984127,0.968253968253968,0.698412698412698,0.753968253968254,0.873015873015873,0.349206349206349,0.714285714285714,0.380952380952381,0.111111111111111,0.246031746031746,0.428571428571429,0.817460317460317,0.436507936507937,0.706349206349206,0.253968253968254,0.150793650793651,0.30952380952381,0.0952380952380952,0.571428571428571,0.880952380952381,0.507936507936508,0.706349206349206,0.26984126984127,0.674603174603175,0.80952380952381,0.452380952380952,0.0555555555555556,0.158730158730159,0.626984126984127,0.952380952380952,0.666666666666667,0.976190476190476,0.373015873015873,0.00793650793650794,0.563492063492063,0.103174603174603,0.626984126984127,0.920634920634921,0.761904761904762
0.222222222222222,0.5,0.76984126984127,0.404761904761905,0.634920634920635,0.515873015873016,0.468253968253968,0.698412698412698,0.468253968253968,0.984126984126984,0.150793650793651,0.0238095238095238,0.357142857142857,0.301587301587302,0.301587301587302,0.222222222222222,0.492063492063492,0.182539682539683,0.0634920634920635,0.523809523809524,0.0158730158730159,0.761904761904762,0.920634920634921,1,0.325396825396825,0.0873015873015873,0.174603174603175,0.793650793650794,0.865079365079365,0.69047619047619,0.00793650793650794,0.920634920634921,0.0555555555555556,0.904761904761905,0.587301587301587,0.412698412698413,0.563492063492063,0.928571428571429,0.738095238095238,0.103174603174603,0.222222222222222,0.0555555555555556,0.46031746031746,0.873015873015873,0,0.603174603174603,0.134920634920635,0.222222222222222,0.642857142857143,0.0873015873015873,0.833333333333333,0.603174603174603,0.69047619047619,0.126984126984127,0.111111111111111,0.507936507936508,0.396825396825397,0.111111111111111,0.873015873015873
0.285714285714286,0.23015873015873,0.126984126984127,0.833333333333333,0.666666666666667,0.706349206349206,0.26984126984127,0.0396825396825397,0.126984126984127,0.801587301587302,0.801587301587302,0.507936507936508,0.436507936507937,0.420634920634921,0.611111111111111,0.206349206349206,0.666666666666667,0.380952380952381,0.650793650793651,0.468253968253968,0.76984126984127,0.238095238095238,0.650793650793651,0,0.253968253968254,0.833333333333333,0.103174603174603,0.30952380952381,0.984126984126984,0.111111111111111,0.80952380952381,0.626984126984127,0.555555555555556,0.293650793650794,0.325396825396825,0.103174603174603,0.301587301587302,0.976190476190476,0.134920634920635,0.674603174603175,0.650793650793651,0.111111111111111,0.69047619047619,0.738095238095238,0.253968253968254,0.952380952380952,0.793650793650794,0.920634920634921,0.325396825396825,0.523809523809524,0.214285714285714,0.515873015873016,0.0317460317460317,0.349206349206349,0.492063492063492,0.928571428571429,0.0634920634920635,0.80952380952381,0.214285714285714
0.0793650793650794,0.325396825396825,0.293650793650794,0.357142857142857,0.80952380952381,0.920634920634921,0.198412698412698,0.238095238095238,0.642857142857143,0.0158730158730159,1,0.142857142857143,0.476190476190476,0.507936507936508,0.634920634920635,0.642857142857143,0.452380952380952,0.126984126984127,0.738095238095238,0.317460317460317,0.19047619047619,0.365079365079365,0.69047619047619,0.476190476190476,0.412698412698413,0.650793650793651,0.857142857142857,0.76984126984127,0.484126984126984,0.753968253968254,0.0555555555555556,0.444444444444444,0.53968253968254,0.333333333333333,0.396825396825397,0.761904761904762,0.111111111111111,0.928571428571429,0.412698412698413,0.76984126984127,0.547619047619048,0.396825396825397,0.404761904761905,0.73015873015873,0.0634920634920635,0.182539682539683,0.714285714285714,0.507936507936508,0.682539682539683,0.222222222222222,1,0.952380952380952,0.746031746031746,0.626984126984127,0.896825396825397,0.253968253968254,0.952380952380952,0.69047619047619,0.936507936507937
0.507936507936508,0.825396825396825,0.753968253968254,0.103174603174603,0.412698412698413,0.0714285714285714,0.555555555555556,0.714285714285714,0.428571428571429,0.238095238095238,0,0.904761904761905,0.396825396825397,0.595238095238095,0.968253968253968,0,0.857142857142857,0.293650793650794,0.698412698412698,0.698412698412698,0.277777777777778,0.714285714285714,0.611111111111111,0.365079365079365,0.849206349206349,0.182539682539683,0.777777777777778,0.642857142857143,0.833333333333333,0.896825396825397,0.174603174603175,0.523809523809524,0.817460317460317,0.976190476190476,0.00793650793650794,0.96031746031746,0.674603174603175,0.69047619047619,0.714285714285714,0.801587301587302,0.293650793650794,0.682539682539683,0.682539682539683,0.365079365079365,0.984126984126984,0.26984126984127,0.920634920634921,0.00793650793650794,0.753968253968254,0.0317460317460317,0.468253968253968,0.492063492063492,0.76984126984127,0.849206349206349,0.246031746031746,0.984126984126984,0.555555555555556,0.76984126984127,0.920634920634921
0.134920634920635,0.476190476190476,0.325396825396825,0.634920634920635,0.5,0.317460317460317,0.817460317460317,0.174603174603175,0.674603174603175,0.0476190476190476,0.119047619047619,0.388888888888889,0.69047619047619,0.761904761904762,0.301587301587302,0.5,0.555555555555556,0.325396825396825,0.428571428571429,0.0555555555555556,0.420634920634921,0.206349206349206,0.301587301587302,0.634920634920635,0.801587301587302,0.595238095238095,0.626984126984127,0.111111111111111,0.785714285714286,0.928571428571429,0.317460317460317,0.238095238095238,0.277777777777778,0.650793650793651,0.833333333333333,0.571428571428571,0.0317460317460317,0.166666666666667,0.166666666666667,0.158730158730159,0.722222222222222,0.30952380952381,0.341269841269841,0.365079365079365,0.30952380952381,0.214285714285714,0.277777777777778,1,0.00793650793650794,0.714285714285714,0.182539682539683,0.301587301587302,0.825396825396825,0.46031746031746,0.0873015873015873,0.0793650793650794,0.261904761904762,0.80952380952381,0.603174603174603
0.444444444444444,0.531746031746032,0.912698412698413,0.888888888888889,0.698412698412698,0.952380952380952,0.833333333333333,0.817460317460317,0.277777777777778,0.857142857142857,0.571428571428571,0.936507936507937,0.936507936507937,0.388888888888889,0.452380952380952,0.96031746031746,0.293650793650794,0.492063492063492,0.880952380952381,0.206349206349206,0.619047619047619,0.253968253968254,0.857142857142857,0.365079365079365,0.103174603174603,0.920634920634921,0.293650793650794,0.317460317460317,0.714285714285714,0.30952380952381,0.523809523809524,0,0.484126984126984,0.0873015873015873,0.587301587301587,0.523809523809524,0.428571428571429,0.746031746031746,0.246031746031746,0.0317460317460317,0.111111111111111,0.333333333333333,0.698412698412698,0.595238095238095,0.746031746031746,1,0.452380952380952,0.452380952380952,0.76984126984127,0.865079365079365,0.896825396825397,0.0714285714285714,0.246031746031746,0.579365079365079,0.158730158730159,0.753968253968254,0.73015873015873,0.365079365079365,0.333333333333333
0.206349206349206,0.825396825396825,0.222222222222222,0.888888888888889,0.666666666666667,0.380952380952381,0.76984126984127,0.0952380952380952,0.0476190476190476,0.873015873015873,0.468253968253968,0.134920634920635,0.523809523809524,0.523809523809524,0.0873015873015873,0.0396825396825397,0.341269841269841,0.563492063492063,0.746031746031746,0.563492063492063,0.158730158730159,0.214285714285714,0.920634920634921,0.658730158730159,0.0714285714285714,0.412698412698413,0.206349206349206,0.976190476190476,0.0476190476190476,0.507936507936508,0.642857142857143,0.317460317460317,0.119047619047619,0.952380952380952,0.563492063492063,0.333333333333333,0.396825396825397,0.214285714285714,0.293650793650794,0.555555555555556,0.158730158730159,0.714285714285714,0.571428571428571,0.0634920634920635,0.0952380952380952,0.928571428571429,0.928571428571429,0.888888888888889,0.388888888888889,0.373015873015873,0.976190476190476,0.412698412698413,0.325396825396825,0.714285714285714,0.80952380952381,0.896825396825397,0.984126984126984,0.222222222222222,0.563492063492063
0.492063492063492,0.857142857142857,0.166666666666667,0.246031746031746,0.0158730158730159,0.857142857142857,0.30952380952381,0.555555555555556,0.96031746031746,0.142857142857143,0.0952380952380952,0.365079365079365,0.563492063492063,0.158730158730159,0.0317460317460317,0.0634920634920635,0.634920634920635,0.158730158730159,0.26984126984127,0.26984126984127,0.53968253968254,0.0793650793650794,0.531746031746032,0.0238095238095238,0.547619047619048,0.611111111111111,0.968253968253968,0.865079365079365,0.674603174603175,0.357142857142857,0.182539682539683,0.650793650793651,0.412698412698413,0.150793650793651,0.825396825396825,0.507936507936508,0.277777777777778,0.904761904761905,0.587301587301587,0.142857142857143,0.0555555555555556,0.579365079365079,0.349206349206349,0.0873015873015873,0.00793650793650794,0.523809523809524,0.904761904761905,0.507936507936508,0.952380952380952,0.579365079365079,0.531746031746032,0.0952380952380952,0.126984126984127,0.0317460317460317,0.817460317460317,0.357142857142857,0.0952380952380952,1,0.119047619047619
0.785714285714286,0.531746031746032,0.0476190476190476,0.492063492063492,0.222222222222222,0.420634920634921,0.412698412698413,0.968253968253968,0.523809523809524,0.428571428571429,0.420634920634921,0.952380952380952,0.214285714285714,0.341269841269841,0.849206349206349,0.357142857142857,0.444444444444444,0.968253968253968,0.246031746031746,0.531746031746032,0.976190476190476,0.357142857142857,0.341269841269841,0.865079365079365,0.404761904761905,0.746031746031746,0.0793650793650794,0.96031746031746,0.325396825396825,0.992063492063492,0.928571428571429,0.761904761904762,0.253968253968254,0.873015873015873,0.293650793650794,0.984126984126984,0.349206349206349,0.19047619047619,0.531746031746032,0.0555555555555556,0.714285714285714,0.420634920634921,0.5,0.936507936507937,0.976190476190476,0.158730158730159,0.420634920634921,0.0714285714285714,0.5,0.761904761904762,0.603174603174603,0.904761904761905,0.103174603174603,0.650793650793651,0.849206349206349,0.563492063492063,0,0.253968253968254,0.904761904761905
0.325396825396825,0.738095238095238,0.26984126984127,0.293650793650794,0.0396825396825397,0.436507936507937,0.880952380952381,0.674603174603175,0.484126984126984,0.619047619047619,0.0634920634920635,0.222222222222222,0.865079365079365,0.293650793650794,0.595238095238095,0.73015873015873,0.722222222222222,0.00793650793650794,0.865079365079365,0.841269841269841,0.444444444444444,0.253968253968254,0.0158730158730159,0.801587301587302,0.46031746031746,0.992063492063492,0,0.674603174603175,0.722222222222222,0.579365079365079,0.0238095238095238,0.484126984126984,0,0.150793650793651,0.706349206349206,0.00793650793650794,0.801587301587302,0.833333333333333,0.515873015873016,0.325396825396825,0.928571428571429,0.563492063492063,0.777777777777778,0.793650793650794,0.817460317460317,0.103174603174603,0.0317460317460317,0.611111111111111,0.404761904761905,0.920634920634921,0.849206349206349,0.658730158730159,0.738095238095238,0.198412698412698,0.936507936507937,0.0158730158730159,0.666666666666667,0.53968253968254,0.976190476190476
0.420634920634921,0.595238095238095,0.373015873015873,0.380952380952381,0.333333333333333,0.69047619047619,0.650793650793651,0.746031746031746,0.841269841269841,0.365079365079365,0.666666666666667,0.380952380952381,0.0952380952380952,0.111111111111111,0.19047619047619,0.26984126984127,0.912698412698413,0.436507936507937,0.952380952380952,0.793650793650794,0.0158730158730159,0.825396825396825,0.0158730158730159,0.0238095238095238,0.952380952380952,0.341269841269841,0.111111111111111,0.388888888888889,0.357142857142857,0.920634920634921,0.174603174603175,0.73015873015873,0.238095238095238,0.841269841269841,0.904761904761905,0.80952380952381,0.53968253968254,0.317460317460317,0.0793650793650794,0.96031746031746,0.468253968253968,0.73015873015873,0.214285714285714,0.00793650793650794,0.515873015873016,0.801587301587302,0.0873015873015873,0.174603174603175,0.0158730158730159,0.484126984126984,0.0952380952380952,0.468253968253968,0.619047619047619,0.468253968253968,0.595238095238095,0,0.76984126984127,0.642857142857143,0.182539682539683
0.515873015873016,0.563492063492063,0.920634920634921,0.579365079365079,0.380952380952381,0.96031746031746,0.785714285714286,0.563492063492063,0.626984126984127,0.603174603174603,0.150793650793651,0.0396825396825397,0.388888888888889,0.214285714285714,0.380952380952381,0.182539682539683,0.0793650793650794,0.904761904761905,0.285714285714286,0.150793650793651,0.928571428571429,0.206349206349206,0.277777777777778,0.46031746031746,0.896825396825397,0.317460317460317,0.865079365079365,0.523809523809524,0.246031746031746,0.849206349206349,0.158730158730159,0.833333333333333,0.698412698412698,0.634920634920635,0.388888888888889,0.706349206349206,0.928571428571429,0.880952380952381,0.103174603174603,0.968253968253968,0.507936507936508,0.46031746031746,0.0555555555555556,0.0238095238095238,0.238095238095238,0.944444444444444,0.53968253968254,0,0.0317460317460317,0.246031746031746,0.976190476190476,0.206349206349206,0.00793650793650794,0.246031746031746,0.134920634920635,0.174603174603175,0.96031746031746,0.785714285714286,1
0.523809523809524,0.0317460317460317,0.0158730158730159,0.428571428571429,0.357142857142857,0.484126984126984,0.817460317460317,0.428571428571429,0.214285714285714,0.817460317460317,0.714285714285714,0.134920634920635,0.904761904761905,0.634920634920635,0.738095238095238,0.0873015873015873,0.984126984126984,0.365079365079365,0.0158730158730159,0.285714285714286,0.412698412698413,0.0158730158730159,0.507936507936508,0.817460317460317,0.222222222222222,0.571428571428571,0.579365079365079,0.0873015873015873,0.857142857142857,0.214285714285714,0.30952380952381,0.722222222222222,0.746031746031746,0.26984126984127,0.26984126984127,0.0714285714285714,0.761904761904762,0.984126984126984,0.555555555555556,0.0476190476190476,0.373015873015873,0.412698412698413,0.238095238095238,0.0714285714285714,0.936507936507937,1,0.857142857142857,0.142857142857143,1,0.0952380952380952,0.738095238095238,0.484126984126984,0.785714285714286,0.873015873015873,0.880952380952381,0.0634920634920635,0.761904761904762,0.5,0.126984126984127
0.420634920634921,0.388888888888889,0.158730158730159,0.76984126984127,0.150793650793651,0.134920634920635,0.206349206349206,0.452380952380952,0.111111111111111,0.682539682539683,0.206349206349206,0.563492063492063,0.984126984126984,0.357142857142857,0.785714285714286,0.753968253968254,0,0.936507936507937,0.206349206349206,0.753968253968254,0.380952380952381,0.69047619047619,0.0952380952380952,0.404761904761905,0.714285714285714,0.904761904761905,0.523809523809524,0.0555555555555556,0.373015873015873,0.674603174603175,0.952380952380952,0.380952380952381,0.103174603174603,0.650793650793651,0.365079365079365,0.349206349206349,0.198412698412698,0.206349206349206,0.555555555555556,0.547619047619048,0.984126984126984,0.595238095238095,0.666666666666667,0.182539682539683,0.238095238095238,0.341269841269841,0.634920634920635,0.80952380952381,0.507936507936508,0.523809523809524,0.880952380952381,0.896825396825397,0.444444444444444,0.182539682539683,0.587301587301587,0.452380952380952,0.00793650793650794,0.619047619047619,0.420634920634921
0.952380952380952,0.920634920634921,0.952380952380952,0.833333333333333,0.23015873015873,0.626984126984127,0.253968253968254,0.658730158730159,0.0476190476190476,0.523809523809524,0.984126984126984,0.412698412698413,0.119047619047619,0.563492063492063,0.428571428571429,0.198412698412698,0.119047619047619,0.261904761904762,0.174603174603175,0.166666666666667,0.0476190476190476,0.19047619047619,0.452380952380952,0.30952380952381,0.976190476190476,0.0476190476190476,0.174603174603175,0.968253968253968,0.674603174603175,0.738095238095238,0.69047619047619,0.96031746031746,0,0.404761904761905,0.436507936507937,0.0634920634920635,0.992063492063492,0.761904761904762,0.373015873015873,0.746031746031746,0.523809523809524,0.198412698412698,0.912698412698413,0.0396825396825397,0.198412698412698,0.626984126984127,0.682539682539683,0.587301587301587,0.928571428571429,0.253968253968254,0.753968253968254,0.0714285714285714,0.0158730158730159,0.865079365079365,0.0317460317460317,0.674603174603175,0.325396825396825,0.841269841269841,0.793650793650794
0.738095238095238,0.785714285714286,0.222222222222222,0.396825396825397,0.46031746031746,0.833333333333333,0.341269841269841,0.761904761904762,0.214285714285714,0.753968253968254,0.0476190476190476,0.357142857142857,0.793650793650794,0.365079365079365,0.357142857142857,0.46031746031746,0.0476190476190476,0.404761904761905,0.253968253968254,0.412698412698413,0.246031746031746,0.666666666666667,0.238095238095238,0.0317460317460317,0.30952380952381,0.103174603174603,0.952380952380952,0.0634920634920635,0.920634920634921,0.96031746031746,0.0714285714285714,0.793650793650794,0.619047619047619,0.888888888888889,0.134920634920635,0.73015873015873,0.952380952380952,0.357142857142857,0.166666666666667,0,0.69047619047619,0.507936507936508,0.968253968253968,0.76984126984127,0.412698412698413,0.865079365079365,0.698412698412698,0.626984126984127,0.793650793650794,0.674603174603175,0.206349206349206,0.722222222222222,0.873015873015873,0.357142857142857,0.468253968253968,0.666666666666667,0.507936507936508,0.706349206349206,0.0396825396825397
0.261904761904762,0.674603174603175,0.531746031746032,0.182539682539683,0.388888888888889,0.912698412698413,0.396825396825397,0.468253968253968,0.825396825396825,0.126984126984127,0.76984126984127,0.293650793650794,0.0396825396825397,0.46031746031746,0.666666666666667,0.523809523809524,0.80952380952381,0.452380952380952,0.841269841269841,0.801587301587302,0.936507936507937,0.801587301587302,0.0952380952380952,0.587301587301587,0.817460317460317,0.857142857142857,0.293650793650794,0.246031746031746,0.73015873015873,0.53968253968254,0.920634920634921,0.317460317460317,1,0.428571428571429,0.23015873015873,0.103174603174603,0.515873015873016,0.0873015873015873,0.912698412698413,0.325396825396825,0.76984126984127,0.0714285714285714,0.952380952380952,0.0555555555555556,0.158730158730159,0.5,0.849206349206349,0.103174603174603,0.634920634920635,0.142857142857143,0.420634920634921,0.476190476190476,0.214285714285714,0.0555555555555556,0.26984126984127,0.642857142857143,0.904761904761905,0.00793650793650794,0.992063492063492
0,0.150793650793651,0.373015873015873,0.5,0.626984126984127,0,0.253968253968254,0.142857142857143,0.992063492063492,0.722222222222222,0.349206349206349,0.507936507936508,0.142857142857143,0.0793650793650794,0.642857142857143,0.912698412698413,0.261904761904762,0.301587301587302,0.634920634920635,0.444444444444444,0.825396825396825,0.841269841269841,0.301587301587302,0.96031746031746,0.595238095238095,0.468253968253968,0.682539682539683,0.634920634920635,0.80952380952381,0.388888888888889,0.785714285714286,0.404761904761905,0.642857142857143,0.0952380952380952,0.341269841269841,0.301587301587302,0.650793650793651,0.253968253968254,0.857142857142857,0.801587301587302,0.428571428571429,0.142857142857143,0.325396825396825,0.952380952380952,0.626984126984127,0.706349206349206,0.166666666666667,0.484126984126984,0.150793650793651,0.349206349206349,0.420634920634921,0.96031746031746,0.00793650793650794,0.333333333333333,0.222222222222222,0.253968253968254,0.198412698412698,0.507936507936508,0.206349206349206
0.103174603174603,0.476190476190476,0.349206349206349,0.952380952380952,0.873015873015873,1,1,0.912698412698413,0.142857142857143,0.968253968253968,0.896825396825397,0.142857142857143,0.515873015873016,0.111111111111111,0.968253968253968,0.30952380952381,0.849206349206349,0.634920634920635,0.23015873015873,0.206349206349206,0.873015873015873,0.341269841269841,0.492063492063492,0.793650793650794,0.0714285714285714,0.968253968253968,0.523809523809524,0.182539682539683,0,0.817460317460317,0.888888888888889,0.865079365079365,0.658730158730159,0.904761904761905,0.706349206349206,0.365079365079365,0.142857142857143,0.0317460317460317,0.111111111111111,0.30952380952381,0.841269841269841,0.619047619047619,0.5,0.857142857142857,0.904761904761905,0.388888888888889,0.396825396825397,0.619047619047619,0.238095238095238,0.785714285714286,0.992063492063492,0.26984126984127,0.507936507936508,0.23015873015873,0.349206349206349,0.69047619047619,0.103174603174603,0.746031746031746,0.46031746031746
0.603174603174603,0.103174603174603,0.373015873015873,0.396825396825397,0.603174603174603,0.182539682539683,0.222222222222222,0.587301587301587,0.722222222222222,0.222222222222222,0.0714285714285714,0.0714285714285714,0.531746031746032,1,0.69047619047619,0.555555555555556,0.944444444444444,0.666666666666667,0.301587301587302,0.587301587301587,0.150793650793651,0.698412698412698,0.198412698412698,0.158730158730159,0.222222222222222,0.920634920634921,0.611111111111111,0.222222222222222,0.634920634920635,0.674603174603175,0.579365079365079,0.30952380952381,0.785714285714286,0.714285714285714,0.150793650793651,0.158730158730159,0.563492063492063,0.0555555555555556,0.531746031746032,0.746031746031746,0.103174603174603,0.682539682539683,0.198412698412698,0.261904761904762,0.904761904761905,0.103174603174603,0.555555555555556,0.904761904761905,0.119047619047619,0.642857142857143,0.952380952380952,0.801587301587302,0.793650793650794,0.158730158730159,0.738095238095238,0.992063492063492,0.420634920634921,0.0476190476190476,0.103174603174603
0.111111111111111,0.682539682539683,0.126984126984127,0.23015873015873,0.658730158730159,0.611111111111111,0.428571428571429,0.198412698412698,0.531746031746032,0.722222222222222,0.666666666666667,0.603174603174603,0.0396825396825397,0.833333333333333,0.349206349206349,0.777777777777778,0,0.753968253968254,0.880952380952381,0.365079365079365,0.0952380952380952,0.619047619047619,0.531746031746032,0.0158730158730159,0.277777777777778,0.452380952380952,0.0714285714285714,0.587301587301587,0.849206349206349,0.349206349206349,0.976190476190476,0.515873015873016,0.76984126984127,0.46031746031746,0.53968253968254,0.579365079365079,0.253968253968254,0.817460317460317,0.873015873015873,0.261904761904762,0.53968253968254,0.952380952380952,0.53968253968254,0.777777777777778,0.96031746031746,0.0317460317460317,0.507936507936508,0.23015873015873,0.523809523809524,0.238095238095238,0.865079365079365,0.182539682539683,0.563492063492063,0.888888888888889,0.46031746031746,0.611111111111111,0.476190476190476,0.722222222222222,0.611111111111111
0.587301587301587,0.373015873015873,0.849206349206349,0.436507936507937,0.785714285714286,0.134920634920635,0.825396825396825,0.357142857142857,0.246031746031746,0.476190476190476,0.404761904761905,0.293650793650794,0.301587301587302,0.452380952380952,0.150793650793651,0.80952380952381,0.246031746031746,0.658730158730159,0.547619047619048,0.0158730158730159,0.349206349206349,0.30952380952381,0.420634920634921,0.0396825396825397,0.682539682539683,0.174603174603175,0.603174603174603,0.857142857142857,0.976190476190476,0.76984126984127,0.682539682539683,0.174603174603175,0.452380952380952,0.0793650793650794,0.992063492063492,0.968253968253968,0.5,0.555555555555556,0.365079365079365,1,0.285714285714286,0.333333333333333,0.904761904761905,0.166666666666667,0.380952380952381,0.515873015873016,0.253968253968254,0.865079365079365,0.00793650793650794,0.849206349206349,0.0952380952380952,0.761904761904762,0.698412698412698,0.761904761904762,0.134920634920635,0.238095238095238,0.817460317460317,0.555555555555556,0.468253968253968
0.531746031746032,0.507936507936508,0.920634920634921,0.619047619047619,0.825396825396825,0.396825396825397,0.333333333333333,0.373015873015873,0.492063492063492,0.492063492063492,0.579365079365079,0.69047619047619,0.19047619047619,0.0634920634920635,0.96031746031746,0.349206349206349,0.761904761904762,0.0952380952380952,0.206349206349206,0.857142857142857,0.984126984126984,0.865079365079365,0.0396825396825397,0.619047619047619,0.492063492063492,0.968253968253968,0.888888888888889,0.198412698412698,0.0793650793650794,0.0158730158730159,0.0555555555555556,0.0952380952380952,0.0555555555555556,0.880952380952381,0.96031746031746,0.912698412698413,0.333333333333333,0.452380952380952,0.619047619047619,0.238095238095238,0,0.825396825396825,0.912698412698413,0.5,0.595238095238095,0.198412698412698,0.761904761904762,0.706349206349206,0.825396825396825,0.896825396825397,0.293650793650794,0.523809523809524,0.0317460317460317,0.452380952380952,0.222222222222222,0.317460317460317,0.642857142857143,0.714285714285714,0.5
0.0952380952380952,0.865079365079365,0.96031746031746,0.952380952380952,0.5,0.801587301587302,0.944444444444444,0.992063492063492,0.468253968253968,0.19047619047619,0.603174603174603,0.531746031746032,0.722222222222222,0.00793650793650794,0.817460317460317,0.896825396825397,0.373015873015873,0.753968253968254,0.119047619047619,0.626984126984127,0.547619047619048,0.571428571428571,0.968253968253968,0.285714285714286,0.76984126984127,0.722222222222222,0.277777777777778,0.00793650793650794,0.325396825396825,0.753968253968254,0.246031746031746,0.817460317460317,0.817460317460317,0.53968253968254,0.30952380952381,0.436507936507937,0.611111111111111,0.53968253968254,0.293650793650794,0.0158730158730159,0.428571428571429,0.119047619047619,0.611111111111111,0.896825396825397,0.523809523809524,0.0555555555555556,0.563492063492063,0.984126984126984,0.761904761904762,0.753968253968254,0.373015873015873,0.992063492063492,0.753968253968254,0.277777777777778,0.404761904761905,0.134920634920635,0.158730158730159,0.658730158730159,0.325396825396825
0.0793650793650794,0.785714285714286,0.428571428571429,0.920634920634921,0.119047619047619,0.26984126984127,0.857142857142857,0.619047619047619,0.920634920634921,0.904761904761905,0.182539682539683,0.341269841269841,0.5,0.801587301587302,0.682539682539683,0.920634920634921,0.571428571428571,0.96031746031746,0.388888888888889,0.134920634920635,0.753968253968254,0.158730158730159,0.0396825396825397,0.246031746031746,0.619047619047619,0.571428571428571,0.666666666666667,0.134920634920635,0.468253968253968,0.634920634920635,0.515873015873016,0.96031746031746,0.103174603174603,0.0634920634920635,0.746031746031746,0.873015873015873,0.238095238095238,0.650793650793651,0.00793650793650794,0.0158730158730159,0.301587301587302,0.261904761904762,0.0952380952380952,0.404761904761905,0.111111111111111,0.30952380952381,0.301587301587302,0.317460317460317,0.80952380952381,0.642857142857143,0.912698412698413,0.436507936507937,0.349206349206349,0.0317460317460317,0.936507936507937,0.182539682539683,0.484126984126984,0.26984126984127,0.833333333333333
0.849206349206349,0.722222222222222,0.277777777777778,0.555555555555556,0.706349206349206,0.642857142857143,0.0634920634920635,0.531746031746032,0.0476190476190476,0.928571428571429,0.23015873015873,0.880952380952381,0.579365079365079,0.69047619047619,0.380952380952381,0.714285714285714,0.738095238095238,0.682539682539683,1,0.611111111111111,0.388888888888889,0.968253968253968,0.841269841269841,0.880952380952381,0.563492063492063,0.325396825396825,0.444444444444444,0.579365079365079,0.420634920634921,0.817460317460317,0.103174603174603,0.920634920634921,0.0317460317460317,0.388888888888889,0.0317460317460317,0.0396825396825397,0.5,0.198412698412698,0.746031746031746,0.674603174603175,0.293650793650794,0.912698412698413,0.444444444444444,0.571428571428571,0.214285714285714,1,0,0.595238095238095,0.865079365079365,0.563492063492063,0.714285714285714,0.904761904761905,0.396825396825397,0.174603174603175,1,0.0793650793650794,0.341269841269841,0.404761904761905,0.142857142857143
0.198412698412698,0.246031746031746,0.674603174603175,0.23015873015873,0.253968253968254,1,0.476190476190476,0.531746031746032,0.666666666666667,0.642857142857143,0.214285714285714,0.674603174603175,0.658730158730159,0.761904761904762,0.174603174603175,0.182539682539683,0.873015873015873,0.888888888888889,0.0476190476190476,0.222222222222222,0.555555555555556,0.801587301587302,0.0238095238095238,0.396825396825397,0.53968253968254,0.19047619047619,0.579365079365079,0.841269841269841,0.261904761904762,0.238095238095238,0.674603174603175,0.706349206349206,0.404761904761905,0.0317460317460317,0.119047619047619,0.492063492063492,0.682539682539683,0.301587301587302,0.920634920634921,0.76984126984127,0.357142857142857,0.936507936507937,0.76984126984127,0.896825396825397,0.603174603174603,0.722222222222222,0.198412698412698,0.73015873015873,0.150793650793651,0.420634920634921,0.587301587301587,0.222222222222222,0.30952380952381,0.53968253968254,0.833333333333333,0.936507936507937,0.579365079365079,0.476190476190476,0.888888888888889
0.0158730158730159,0.873015873015873,0.452380952380952,0.103174603174603,0.19047619047619,0.103174603174603,0.222222222222222,0.777777777777778,0.761904761904762,0.571428571428571,0.30952380952381,0.0238095238095238,0,0.912698412698413,0.0396825396825397,0.0317460317460317,0.142857142857143,0.841269841269841,0.468253968253968,0.404761904761905,0.865079365079365,0.722222222222222,0.936507936507937,0.0634920634920635,0.53968253968254,0.722222222222222,0.555555555555556,0.746031746031746,0.674603174603175,0.0476190476190476,0.0396825396825397,0.357142857142857,0.920634920634921,0.873015873015873,0.46031746031746,0.793650793650794,0.825396825396825,0.166666666666667,0.492063492063492,0.253968253968254,0.650793650793651,0.873015873015873,0.0476190476190476,0.119047619047619,0.293650793650794,0.380952380952381,0.126984126984127,0.492063492063492,0.666666666666667,0.722222222222222,0.404761904761905,0.0238095238095238,0.317460317460317,0.396825396825397,0.595238095238095,0.825396825396825,0.444444444444444,0.365079365079365,0.785714285714286
0.968253968253968,0.968253968253968,0.841269841269841,0.492063492063492,0.166666666666667,0.0158730158730159,0.484126984126984,0.468253968253968,0.404761904761905,0.301587301587302,0.611111111111111,0.674603174603175,0.682539682539683,0.80952380952381,0.325396825396825,0.626984126984127,0.198412698412698,0.992063492063492,0.277777777777778,0.579365079365079,0.928571428571429,0.00793650793650794,0.634920634920635,0.73015873015873,0.555555555555556,0.126984126984127,0.158730158730159,0.0714285714285714,0.896825396825397,0.753968253968254,0.285714285714286,0.865079365079365,0.0793650793650794,0.777777777777778,0.888888888888889,0.76984126984127,0.0158730158730159,0.126984126984127,0.888888888888889,0.484126984126984,0.619047619047619,0.785714285714286,0.968253968253968,0.365079365079365,0.746031746031746,0.642857142857143,0.301587301587302,0.682539682539683,0.0634920634920635,1,0.444444444444444,0,0.555555555555556,0.0714285714285714,0.0793650793650794,0.801587301587302,0.984126984126984,0.603174603174603,0.293650793650794
0.841269841269841,0.658730158730159,0.722222222222222,0.19047619047619,0.587301587301587,0.857142857142857,0.325396825396825,0.746031746031746,0.253968253968254,0.555555555555556,0.920634920634921,0.476190476190476,0.26984126984127,0.801587301587302,0.30952380952381,0.0555555555555556,0.777777777777778,0.19047619047619,0.0476190476190476,0.658730158730159,0.158730158730159,0.341269841269841,0.428571428571429,0.523809523809524,0.984126984126984,0.222222222222222,0.357142857142857,0.436507936507937,0.380952380952381,1,0.865079365079365,0.174603174603175,0.746031746031746,0.246031746031746,0.761904761904762,0.142857142857143,0.611111111111111,0.952380952380952,0.0714285714285714,0.912698412698413,0.738095238095238,0.103174603174603,0.444444444444444,0.0238095238095238,0.357142857142857,0.571428571428571,0.166666666666667,0.650793650793651,0.515873015873016,0.0396825396825397,0.547619047619048,0.142857142857143,0.142857142857143,0.73015873015873,0.0317460317460317,0.761904761904762,0.0476190476190476,0.936507936507937,0.30952380952381
0.380952380952381,0.793650793650794,0.658730158730159,0.873015873015873,0.198412698412698,0.507936507936508,0.880952380952381,0.103174603174603,0.968253968253968,0.0158730158730159,0.388888888888889,0.833333333333333,1,0.785714285714286,0.111111111111111,0.301587301587302,0.246031746031746,0.142857142857143,0.793650793650794,0.365079365079365,0.825396825396825,0.0793650793650794,0.357142857142857,0.634920634920635,0.246031746031746,0.904761904761905,1,0.484126984126984,0.5,0.238095238095238,1,0.452380952380952,0.158730158730159,0.976190476190476,0.150793650793651,0.357142857142857,0.238095238095238,0.420634920634921,0.134920634920635,0.904761904761905,0.96031746031746,0.0714285714285714,0.912698412698413,0.912698412698413,0.317460317460317,0.857142857142857,0.420634920634921,0.674603174603175,0.246031746031746,0.0952380952380952,0.46031746031746,0.579365079365079,0.666666666666667,0.492063492063492,0.53968253968254,0.650793650793651,0.317460317460317,0.952380952380952,0.333333333333333
0.650793650793651,0.603174603174603,0.158730158730159,0.182539682539683,0.658730158730159,0.23015873015873,0.738095238095238,0.666666666666667,0.587301587301587,0.0396825396825397,0.00793650793650794,0.484126984126984,0.936507936507937,0,0.111111111111111,0.444444444444444,0.857142857142857,0.515873015873016,0.80952380952381,0.0634920634920635,0.30952380952381,0.698412698412698,0.0714285714285714,0.753968253968254,0.698412698412698,0.357142857142857,0.801587301587302,0.119047619047619,0.476190476190476,0.579365079365079,0.722222222222222,0.293650793650794,0.674603174603175,0.222222222222222,0.904761904761905,0.253968253968254,0.634920634920635,0.619047619047619,0.928571428571429,0.484126984126984,0.666666666666667,0.468253968253968,0.380952380952381,0.658730158730159,0.0238095238095238,0.666666666666667,0.158730158730159,0.0634920634920635,0.444444444444444,0.888888888888889,0.0317460317460317,0.865079365079365,0.801587301587302,0.388888888888889,0.73015873015873,0.0634920634920635,0.142857142857143,0.674603174603175,0.476190476190476
0.277777777777778,0,0.103174603174603,0.96031746031746,0.0555555555555556,0.611111111111111,0.80952380952381,0.492063492063492,0.103174603174603,0.896825396825397,0.626984126984127,0.817460317460317,0.333333333333333,0.134920634920635,0.0793650793650794,0.380952380952381,0.0714285714285714,0.817460317460317,0.825396825396825,0.682539682539683,0.896825396825397,0.428571428571429,0.507936507936508,0.365079365079365,0.793650793650794,0.634920634920635,0.984126984126984,0.174603174603175,0.0476190476190476,0.476190476190476,0.285714285714286,0.603174603174603,0.984126984126984,0.857142857142857,0.373015873015873,0.301587301587302,0.30952380952381,0.0396825396825397,0.285714285714286,0.674603174603175,0.103174603174603,0.380952380952381,0.119047619047619,0.444444444444444,0.642857142857143,0.396825396825397,0.904761904761905,0.492063492063492,0.936507936507937,0.420634920634921,0.285714285714286,0.158730158730159,0.484126984126984,0.936507936507937,0.611111111111111,0.849206349206349,0.634920634920635,0.984126984126984,0.992063492063492
0.857142857142857,0.952380952380952,0.777777777777778,0.150793650793651,0.444444444444444,0.523809523809524,0.738095238095238,0.507936507936508,0.261904761904762,0.293650793650794,0.785714285714286,0.595238095238095,0.00793650793650794,0.984126984126984,0.142857142857143,0.626984126984127,0.738095238095238,0.222222222222222,0.182539682539683,0.119047619047619,0.642857142857143,0.777777777777778,0.174603174603175,0.682539682539683,0.0158730158730159,0.0158730158730159,0.595238095238095,0.0396825396825397,0.357142857142857,0.96031746031746,0.357142857142857,0.492063492063492,0.206349206349206,0.714285714285714,0.0873015873015873,0.174603174603175,0.650793650793651,0.865079365079365,0.0158730158730159,0.23015873015873,0.412698412698413,0.0714285714285714,0.587301587301587,0.23015873015873,0.936507936507937,0.0158730158730159,0.285714285714286,0.214285714285714,0.714285714285714,0.0793650793650794,0.841269841269841,0.833333333333333,0.920634920634921,0.936507936507937,0.507936507936508,1,0.706349206349206,0.198412698412698,0.976190476190476
0.73015873015873,0.365079365079365,0.134920634920635,0.753968253968254,0.619047619047619,0.53968253968254,0.603174603174603,0.468253968253968,0.476190476190476,0.841269841269841,0.595238095238095,0.0158730158730159,0.317460317460317,0.920634920634921,0.76984126984127,0.0634920634920635,0.428571428571429,0.928571428571429,0.793650793650794,0.912698412698413,0.150793650793651,0.238095238095238,0.412698412698413,0.896825396825397,1,0.261904761904762,0.920634920634921,0.261904761904762,0.746031746031746,0.722222222222222,0.428571428571429,0.246031746031746,0.880952380952381,0.206349206349206,0.80952380952381,0.80952380952381,0.706349206349206,0.76984126984127,0.984126984126984,0.968253968253968,0.555555555555556,0.388888888888889,0.698412698412698,0.246031746031746,0.134920634920635,0.158730158730159,0.706349206349206,0.952380952380952,0.0873015873015873,0.619047619047619,0.801587301587302,0.817460317460317,0.277777777777778,0.793650793650794,0.0317460317460317,0.23015873015873,0.944444444444444,0.865079365079365,0.73015873015873
0.412698412698413,0.96031746031746,0.515873015873016,0.666666666666667,0.0634920634920635,0.476190476190476,0.119047619047619,0.833333333333333,0.182539682539683,0.206349206349206,0.0555555555555556,0.420634920634921,0.214285714285714,0.182539682539683,0.26984126984127,0.380952380952381,0.341269841269841,0.349206349206349,0.396825396825397,0.166666666666667,0.682539682539683,0.698412698412698,0.285714285714286,0.0634920634920635,0.0952380952380952,0.888888888888889,0.126984126984127,0.73015873015873,0.738095238095238,0.325396825396825,0.119047619047619,0.793650793650794,0.404761904761905,0.587301587301587,0.619047619047619,0.325396825396825,0.976190476190476,0.698412698412698,0.53968253968254,0.373015873015873,0.0714285714285714,0.865079365079365,0.00793650793650794,0.984126984126984,0.658730158730159,0.76984126984127,0.325396825396825,0,0.380952380952381,0.325396825396825,0.507936507936508,0.96031746031746,0.436507936507937,0.69047619047619,0.571428571428571,0.492063492063492,0.817460317460317,0.880952380952381,0.841269841269841
0.833333333333333,0.206349206349206,0.515873015873016,0.0555555555555556,0.349206349206349,0.936507936507937,0.365079365079365,0.103174603174603,0.825396825396825,0.349206349206349,0.849206349206349,0.53968253968254,0.698412698412698,0.658730158730159,0.857142857142857,0.579365079365079,0.30952380952381,0.246031746031746,0.920634920634921,0.357142857142857,0.952380952380952,0.666666666666667,0.26984126984127,0,0.317460317460317,0.412698412698413,0.865079365079365,0.619047619047619,0.753968253968254,0.531746031746032,0.865079365079365,0.595238095238095,0.5,0.285714285714286,0.0952380952380952,0.571428571428571,0.0555555555555556,0.484126984126984,0.452380952380952,0.53968253968254,0.857142857142857,0.0396825396825397,0.198412698412698,0.111111111111111,0.777777777777778,0.26984126984127,0.444444444444444,0.30952380952381,0.214285714285714,0.166666666666667,0.896825396825397,0.984126984126984,0.896825396825397,0.658730158730159,0.357142857142857,0.198412698412698,0.111111111111111,0.555555555555556,0.0793650793650794
0.468253968253968,0.825396825396825,0.436507936507937,0.738095238095238,0.571428571428571,0.0873015873015873,0.619047619047619,0.261904761904762,0.420634920634921,0.261904761904762,0.738095238095238,0.722222222222222,0.96031746031746,0.571428571428571,0.412698412698413,0.73015873015873,0.277777777777778,0.119047619047619,0.142857142857143,0.904761904761905,0.984126984126984,0.317460317460317,0.714285714285714,0.555555555555556,0.801587301587302,0.936507936507937,0.555555555555556,0.0158730158730159,0.952380952380952,0.0238095238095238,0.920634920634921,0.00793650793650794,0.658730158730159,0.76984126984127,0.904761904761905,0.26984126984127,0,0.722222222222222,0.23015873015873,0.626984126984127,0.714285714285714,0.349206349206349,0.0634920634920635,0.182539682539683,0.396825396825397,0.531746031746032,0.53968253968254,0.420634920634921,0.738095238095238,0.357142857142857,0.650793650793651,0.96031746031746,0.555555555555556,0.301587301587302,0.365079365079365,0.666666666666667,0.714285714285714,0.817460317460317,0.825396825396825
0.246031746031746,0.373015873015873,0.476190476190476,0.484126984126984,0.166666666666667,0.69047619047619,0.785714285714286,0.00793650793650794,0.388888888888889,0.452380952380952,0.134920634920635,0.0952380952380952,0.738095238095238,0.253968253968254,0.214285714285714,0.238095238095238,0.658730158730159,0.0476190476190476,0.904761904761905,0.261904761904762,0.277777777777778,0,0.952380952380952,0.111111111111111,0.349206349206349,0.373015873015873,0.0476190476190476,0.198412698412698,0.0396825396825397,0.682539682539683,0.0714285714285714,0.428571428571429,0.436507936507937,0.30952380952381,0.174603174603175,0.412698412698413,0.0476190476190476,0.603174603174603,0.968253968253968,0.365079365079365,0.722222222222222,0.555555555555556,0.777777777777778,0.888888888888889,0.428571428571429,0.626984126984127,0,0.0396825396825397,0.603174603174603,0.642857142857143,0.158730158730159,0.126984126984127,0.444444444444444,0.825396825396825,0.865079365079365,0.841269841269841,0.841269841269841,0.222222222222222,0.698412698412698
0.19047619047619,0.833333333333333,0.698412698412698,0.880952380952381,0.992063492063492,0.547619047619048,0.206349206349206,0.912698412698413,0.253968253968254,0.96031746031746,0.396825396825397,0.380952380952381,0.111111111111111,0.944444444444444,0.0396825396825397,0.992063492063492,0.920634920634921,1,0.523809523809524,0.23015873015873,0.587301587301587,0.785714285714286,0.595238095238095,0.53968253968254,0.103174603174603,0.285714285714286,0.944444444444444,0.380952380952381,0.142857142857143,0.595238095238095,0.849206349206349,0.626984126984127,0.992063492063492,0.238095238095238,0.507936507936508,0.0714285714285714,0.722222222222222,0.452380952380952,0.817460317460317,0.261904761904762,0.936507936507937,0.944444444444444,0.388888888888889,0.134920634920635,0.198412698412698,0.00793650793650794,0.206349206349206,0.0476190476190476,0.206349206349206,0.80952380952381,0.0555555555555556,0.626984126984127,0.746031746031746,0.0317460317460317,0.0793650793650794,0.277777777777778,0.53968253968254,0.0555555555555556,0.26984126984127
0.698412698412698,0.0238095238095238,0.253968253968254,0.880952380952381,0.412698412698413,0.722222222222222,0.992063492063492,0.142857142857143,0.674603174603175,0.595238095238095,0.293650793650794,0,0.722222222222222,0.325396825396825,0.650793650793651,0.142857142857143,0.634920634920635,0.976190476190476,0.984126984126984,0.944444444444444,0.23015873015873,0.150793650793651,0.523809523809524,0.301587301587302,0.857142857142857,0.714285714285714,0.0793650793650794,0.341269841269841,0.619047619047619,0.150793650793651,0.753968253968254,0.46031746031746,0.73015873015873,0.555555555555556,0.722222222222222,0.119047619047619,0.0158730158730159,0.404761904761905,0.841269841269841,0.706349206349206,0.0158730158730159,0.373015873015873,0.0476190476190476,0.53968253968254,0.0396825396825397,0.80952380952381,0.0158730158730159,0.563492063492063,0.111111111111111,0.896825396825397,0.515873015873016,0.174603174603175,0.976190476190476,0.23015873015873,0.150793650793651,0.865079365079365,0.904761904761905,0.46031746031746,0.357142857142857
0.5,0,0.888888888888889,0.428571428571429,0.626984126984127,0.293650793650794,0.150793650793651,0,0.0714285714285714,0.984126984126984,0.825396825396825,0.277777777777778,0.817460317460317,0.388888888888889,0.0555555555555556,0.507936507936508,0.69047619047619,0.722222222222222,0.817460317460317,0.0396825396825397,0.388888888888889,0.753968253968254,0.325396825396825,0.0476190476190476,0.0634920634920635,0.0952380952380952,0.531746031746032,0.666666666666667,0.619047619047619,0.579365079365079,0.0476190476190476,0.0793650793650794,0.785714285714286,0.992063492063492,0.944444444444444,0.619047619047619,0.365079365079365,0.23015873015873,0.761904761904762,0.293650793650794,0.896825396825397,0.952380952380952,0.666666666666667,0.0476190476190476,0.5,0.579365079365079,0.126984126984127,0.0714285714285714,0.0634920634920635,0.753968253968254,0.968253968253968,0.5,0.531746031746032,0.785714285714286,0.674603174603175,0.357142857142857,0.333333333333333,0.817460317460317,0.746031746031746
0.166666666666667,0.658730158730159,0.126984126984127,0.968253968253968,0.833333333333333,0.428571428571429,0.738095238095238,0.341269841269841,0.642857142857143,0.642857142857143,0.277777777777778,0.0793650793650794,0.23015873015873,0.714285714285714,0.198412698412698,0.968253968253968,0.976190476190476,0.666666666666667,0.5,0.698412698412698,0.23015873015873,0.452380952380952,0.380952380952381,0.126984126984127,0.198412698412698,0.936507936507937,0.00793650793650794,0.976190476190476,0.166666666666667,0.984126984126984,0.944444444444444,0.785714285714286,0.103174603174603,0.531746031746032,0.420634920634921,0.555555555555556,0.373015873015873,0.0714285714285714,0.380952380952381,0.134920634920635,0.80952380952381,0.420634920634921,0.952380952380952,0.103174603174603,0,0.944444444444444,0.904761904761905,0.825396825396825,0.404761904761905,0.396825396825397,0.944444444444444,0.619047619047619,0.849206349206349,0.468253968253968,0.53968253968254,0.555555555555556,0.857142857142857,0.547619047619048,0.238095238095238
0.69047619047619,0.547619047619048,0.111111111111111,0.603174603174603,0.46031746031746,0.380952380952381,0.984126984126984,0.0793650793650794,0.0317460317460317,0.0396825396825397,0.0396825396825397,0.30952380952381,0.80952380952381,0.563492063492063,0.714285714285714,0.380952380952381,0.785714285714286,0.238095238095238,0.357142857142857,0.761904761904762,0.603174603174603,0.253968253968254,0.301587301587302,0.436507936507937,0.523809523809524,0.825396825396825,0.484126984126984,0.380952380952381,0.706349206349206,0.182539682539683,0.698412698412698,0.444444444444444,0.0873015873015873,0.666666666666667,0.214285714285714,0.111111111111111,0.166666666666667,0.944444444444444,0.428571428571429,0.349206349206349,0.380952380952381,0.0714285714285714,0.158730158730159,0.119047619047619,0.714285714285714,0.595238095238095,0.103174603174603,0.523809523809524,0.253968253968254,0.642857142857143,0.563492063492063,0.214285714285714,0.634920634920635,0.293650793650794,0.317460317460317,0.714285714285714,0.0158730158730159,0.0873015873015873,0.0873015873015873
0.69047619047619,0.253968253968254,0.26984126984127,0.150793650793651,0.285714285714286,0.26984126984127,0.253968253968254,0.174603174603175,0.587301587301587,0.984126984126984,0.873015873015873,0.111111111111111,0.365079365079365,0.880952380952381,0.103174603174603,0.452380952380952,0.936507936507937,0.158730158730159,0.857142857142857,0.714285714285714,0.515873015873016,0.619047619047619,0.80952380952381,0.642857142857143,0.166666666666667,0.674603174603175,0.452380952380952,0.603174603174603,0.976190476190476,0.468253968253968,0.738095238095238,0.468253968253968,0.880952380952381,0.0238095238095238,0.619047619047619,0.722222222222222,0.80952380952381,0.0952380952380952,0.198412698412698,0.857142857142857,0.0873015873015873,0.817460317460317,0.515873015873016,0.476190476190476,0.333333333333333,0.507936507936508,0.531746031746032,0.650793650793651,0.5,0.30952380952381,0.158730158730159,0.388888888888889,0.206349206349206,0.849206349206349,0.388888888888889,0.111111111111111,0.285714285714286,0.134920634920635,0.634920634920635
0.896825396825397,0.984126984126984,0.587301587301587,0.26984126984127,0.492063492063492,0.738095238095238,0.785714285714286,0.357142857142857,0.0873015873015873,0.365079365079365,0.904761904761905,0.428571428571429,0.166666666666667,0.912698412698413,0.53968253968254,0.666666666666667,0.357142857142857,0.246031746031746,0.317460317460317,0.333333333333333,0.626984126984127,0.873015873015873,0.333333333333333,0.793650793650794,0.0793650793650794,0.444444444444444,0.650793650793651,0.484126984126984,0.968253968253968,0.404761904761905,0.952380952380952,0.952380952380952,0.761904761904762,0.817460317460317,0.261904761904762,0.865079365079365,0.896825396825397,0.873015873015873,0.206349206349206,0.833333333333333,0.301587301587302,0.53968253968254,0.0634920634920635,0.0634920634920635,0.547619047619048,0.706349206349206,0.0555555555555556,0.626984126984127,0.404761904761905,1,0.277777777777778,0.253968253968254,0.642857142857143,0.69047619047619,0.682539682539683,0.857142857142857,0.753968253968254,0.206349206349206,0.936507936507937
0.873015873015873,0.888888888888889,0.0238095238095238,0.444444444444444,0.119047619047619,0.888888888888889,0.785714285714286,0.825396825396825,0.0238095238095238,0.738095238095238,0.761904761904762,0.00793650793650794,0.317460317460317,0.23015873015873,0.896825396825397,0.531746031746032,0.698412698412698,0.428571428571429,0.682539682539683,0.682539682539683,0.857142857142857,0.365079365079365,0.111111111111111,0.5,0.579365079365079,0.277777777777778,0.00793650793650794,0.96031746031746,0.261904761904762,0.611111111111111,0.650793650793651,0.134920634920635,0.595238095238095,0.0158730158730159,0.523809523809524,0.642857142857143,0.555555555555556,0.428571428571429,0.23015873015873,0.952380952380952,0.412698412698413,0.00793650793650794,0.619047619047619,0.341269841269841,0.333333333333333,0.174603174603175,0.365079365079365,0.738095238095238,0.166666666666667,0.833333333333333,0.174603174603175,0.0238095238095238,0.880952380952381,0.293650793650794,0.698412698412698,0.920634920634921,0.103174603174603,0.444444444444444,0.920634920634921
0.0317460317460317,0.936507936507937,0.746031746031746,0.0317460317460317,1,0.920634920634921,0.738095238095238,0.126984126984127,0.53968253968254,0.19047619047619,0.523809523809524,0.738095238095238,0.119047619047619,0.603174603174603,0.515873015873016,0.714285714285714,0.484126984126984,0.412698412698413,0.619047619047619,0.285714285714286,0.849206349206349,0.206349206349206,0.166666666666667,0.777777777777778,0.158730158730159,0.698412698412698,0.0793650793650794,0.46031746031746,0.5,0.0317460317460317,0.531746031746032,0.698412698412698,0.984126984126984,0.0714285714285714,0.928571428571429,0.126984126984127,0.865079365079365,0.912698412698413,0.301587301587302,0.571428571428571,0.984126984126984,0.753968253968254,0.992063492063492,0.626984126984127,0.746031746031746,0.547619047619048,0.333333333333333,0.126984126984127,0.26984126984127,0.468253968253968,0.23015873015873,0.682539682539683,0.698412698412698,0.849206349206349,0.19047619047619,0.634920634920635,0.0396825396825397,0.801587301587302,0.817460317460317
0,0.119047619047619,0.436507936507937,0.301587301587302,0.515873015873016,0.119047619047619,0.380952380952381,0.174603174603175,0.69047619047619,0.428571428571429,0.301587301587302,0.698412698412698,0.53968253968254,0.0714285714285714,0.253968253968254,0.277777777777778,0.285714285714286,0.341269841269841,0.738095238095238,0.888888888888889,0.619047619047619,0.904761904761905,0.595238095238095,0.436507936507937,0.761904761904762,0.738095238095238,0.833333333333333,0.666666666666667,0.73015873015873,0.706349206349206,0.0714285714285714,0.142857142857143,0.134920634920635,0.206349206349206,0.523809523809524,0.595238095238095,0.738095238095238,0.246031746031746,0.349206349206349,0.674603174603175,0.73015873015873,0.920634920634921,0.0158730158730159,0.293650793650794,0.619047619047619,0.0555555555555556,0.0793650793650794,0.857142857142857,0.26984126984127,0.396825396825397,0.388888888888889,0.0793650793650794,0.341269841269841,0.531746031746032,0.301587301587302,0.936507936507937,0.380952380952381,0.325396825396825,0.119047619047619
0.76984126984127,0.563492063492063,0.428571428571429,0.103174603174603,0.76984126984127,0.658730158730159,0.0238095238095238,0.412698412698413,0.801587301587302,0.0952380952380952,0.261904761904762,0.00793650793650794,0.428571428571429,0.785714285714286,0.619047619047619,0.00793650793650794,0.96031746031746,0.896825396825397,0.507936507936508,0.119047619047619,0.912698412698413,0.0714285714285714,0.293650793650794,0.412698412698413,0.293650793650794,0.26984126984127,0.365079365079365,0.468253968253968,0.134920634920635,0.476190476190476,0.984126984126984,0.682539682539683,0.111111111111111,0.222222222222222,0.468253968253968,0.738095238095238,0.253968253968254,0.753968253968254,0.388888888888889,0.555555555555556,0.0158730158730159,0.80952380952381,0.5,0.73015873015873,0.73015873015873,0.0238095238095238,0.142857142857143,0.30952380952381,0.0476190476190476,0.365079365079365,0.777777777777778,0.944444444444444,0.682539682539683,0.436507936507937,0.238095238095238,0.246031746031746,0.5,0.341269841269841,0.150793650793651
0.817460317460317,0.706349206349206,0.285714285714286,0.53968253968254,0.642857142857143,0.444444444444444,0.492063492063492,0.746031746031746,0.579365079365079,0.444444444444444,0.96031746031746,0.484126984126984,0.904761904761905,0.69047619047619,0.436507936507937,0.222222222222222,0.611111111111111,0.896825396825397,0.0873015873015873,0.492063492063492,0.166666666666667,0.468253968253968,0.793650793650794,0.912698412698413,0.436507936507937,0.412698412698413,0.277777777777778,0.857142857142857,0.198412698412698,0.452380952380952,0.484126984126984,0.341269841269841,0.0238095238095238,0.404761904761905,0.333333333333333,1,0.214285714285714,0.444444444444444,0.0396825396825397,0.277777777777778,0.801587301587302,0.134920634920635,0.825396825396825,0.611111111111111,1,0.674603174603175,0.507936507936508,0.507936507936508,0.166666666666667,0.976190476190476,0.944444444444444,0.0555555555555556,0.301587301587302,0.0873015873015873,0.563492063492063,0.301587301587302,0.150793650793651,0.30952380952381,0.626984126984127
0.436507936507937,0.182539682539683,0.626984126984127,0.984126984126984,0.73015873015873,0.80952380952381,0.873015873015873,0.531746031746032,0.206349206349206,0.00793650793650794,0.468253968253968,0.26984126984127,0.0714285714285714,0.650793650793651,0.76984126984127,0.277777777777778,1,0.523809523809524,0.214285714285714,0.626984126984127,1,0.468253968253968,0.30952380952381,0,0.817460317460317,0.468253968253968,0.0634920634920635,0,0.380952380952381,0.0476190476190476,0.349206349206349,0.603174603174603,0.682539682539683,0.801587301587302,0.603174603174603,0.904761904761905,0.507936507936508,0.706349206349206,0.53968253968254,0.214285714285714,0.476190476190476,0.904761904761905,0,0.396825396825397,0.880952380952381,0.53968253968254,0.0634920634920635,0.0952380952380952,0.00793650793650794,0.0555555555555556,0.619047619047619,0.261904761904762,0.777777777777778,0.436507936507937,0.0714285714285714,0.674603174603175,0.666666666666667,0.976190476190476,0.857142857142857
0.341269841269841,0.0952380952380952,0.222222222222222,0.880952380952381,0.0396825396825397,0.896825396825397,0.547619047619048,0,0.888888888888889,0.388888888888889,0.23015873015873,0.928571428571429,0.674603174603175,0.380952380952381,0.825396825396825,0.873015873015873,0.825396825396825,0.793650793650794,0.214285714285714,0.126984126984127,0.0873015873015873,0.801587301587302,0.253968253968254,0.753968253968254,0.468253968253968,0.5,0.396825396825397,0.253968253968254,0.222222222222222,0.277777777777778,0.468253968253968,0.880952380952381,0.412698412698413,0.5,0.293650793650794,0.571428571428571,0.119047619047619,0.857142857142857,0.642857142857143,0.896825396825397,0.182539682539683,0.880952380952381,0.420634920634921,0.857142857142857,0.206349206349206,0.119047619047619,0.682539682539683,0.23015873015873,0.380952380952381,0.119047619047619,0.111111111111111,0.293650793650794,0.277777777777778,0.76984126984127,0.619047619047619,0.738095238095238,0.722222222222222,0.26984126984127,0.484126984126984
0.238095238095238,0.158730158730159,0.682539682539683,0.277777777777778,0.277777777777778,0,0.444444444444444,0.865079365079365,0.873015873015873,0.420634920634921,0.841269841269841,0.158730158730159,0.373015873015873,0.928571428571429,0.73015873015873,0.626984126984127,0.96031746031746,0.841269841269841,0.936507936507937,0.0396825396825397,0.166666666666667,0.373015873015873,0,0.388888888888889,0.833333333333333,0.984126984126984,0.944444444444444,0.992063492063492,0.0793650793650794,0.365079365079365,0.706349206349206,0.738095238095238,0.277777777777778,0.523809523809524,0.801587301587302,0.0873015873015873,0.761904761904762,0.69047619047619,1,0.698412698412698,0.904761904761905,0.896825396825397,0.436507936507937,0.222222222222222,0.412698412698413,0.944444444444444,0.380952380952381,0.722222222222222,0.246031746031746,0.611111111111111,0.0238095238095238,0.277777777777778,0.80952380952381,0.888888888888889,0.761904761904762,0.492063492063492,0.0396825396825397,0.26984126984127,0.984126984126984
0.698412698412698,0.76984126984127,0.658730158730159,0.0555555555555556,0.00793650793650794,0.785714285714286,0.23015873015873,0.238095238095238,0.626984126984127,0.222222222222222,0.0555555555555556,0.0634920634920635,0.896825396825397,0.30952380952381,0.674603174603175,0.992063492063492,0.0317460317460317,0.595238095238095,0.626984126984127,0.388888888888889,0.349206349206349,0.0396825396825397,0.404761904761905,0.936507936507937,0.214285714285714,0.611111111111111,0.69047619047619,0.912698412698413,0.380952380952381,0,0.412698412698413,0.412698412698413,0.865079365079365,0.579365079365079,0.158730158730159,0.5,0.603174603174603,0.738095238095238,0.277777777777778,0.388888888888889,0.325396825396825,0.420634920634921,0.277777777777778,0.119047619047619,1,0.222222222222222,0.380952380952381,0.277777777777778,0.722222222222222,0.53968253968254,0.611111111111111,0.436507936507937,0.380952380952381,0.174603174603175,0.658730158730159,0.73015873015873,0.555555555555556,0.793650793650794,0.722222222222222
0.333333333333333,0.642857142857143,0.349206349206349,0.825396825396825,0.531746031746032,0.523809523809524,0.952380952380952,0.126984126984127,0.301587301587302,0.801587301587302,0,0.444444444444444,0.595238095238095,0.492063492063492,0.0238095238095238,0.96031746031746,0.277777777777778,0.246031746031746,0.19047619047619,0.666666666666667,0.722222222222222,0.492063492063492,0.0396825396825397,0.0952380952380952,0.301587301587302,0.579365079365079,0.452380952380952,0.26984126984127,0.285714285714286,0.793650793650794,0.666666666666667,0.936507936507937,0.349206349206349,0.0793650793650794,0.428571428571429,0.142857142857143,0.817460317460317,0.357142857142857,0.0555555555555556,0.0714285714285714,0.873015873015873,0.0555555555555556,0.53968253968254,0.333333333333333,0.492063492063492,0.944444444444444,0.865079365079365,0.547619047619048,0.0158730158730159,0.722222222222222,0.928571428571429,0.595238095238095,0.214285714285714,0.103174603174603,0.166666666666667,0.841269841269841,0.579365079365079,0.30952380952381,0.563492063492063
0.0317460317460317,0.722222222222222,0.619047619047619,0.674603174603175,0.555555555555556,0.0158730158730159,0.603174603174603,0.666666666666667,0.873015873015873,0.277777777777778,0.857142857142857,0.896825396825397,0.0873015873015873,0.761904761904762,0.928571428571429,0.563492063492063,0.0158730158730159,0.0238095238095238,0.523809523809524,0.777777777777778,0.198412698412698,0.468253968253968,0.103174603174603,0.920634920634921,0.404761904761905,0.0714285714285714,0.333333333333333,0.0873015873015873,0.166666666666667,0.944444444444444,0.968253968253968,0.968253968253968,0.658730158730159,0.0952380952380952,0.650793650793651,0.531746031746032,0.603174603174603,0.777777777777778,0.761904761904762,0.857142857142857,0.563492063492063,0.0873015873015873,0.658730158730159,0.261904761904762,0.206349206349206,0.515873015873016,0.76984126984127,0.174603174603175,0.19047619047619,0.428571428571429,0.841269841269841,0.53968253968254,0.126984126984127,0.0634920634920635,0.317460317460317,0.119047619047619,0.214285714285714,0.563492063492063,0.698412698412698
0.658730158730159,0.76984126984127,0.46031746031746,0.5,0.833333333333333,0.634920634920635,0.452380952380952,0.349206349206349,0.357142857142857,0.214285714285714,0.722222222222222,0.968253968253968,0.0158730158730159,0.0714285714285714,0.801587301587302,0.166666666666667,0.547619047619048,0.658730158730159,0.0793650793650794,0.23015873015873,0.0873015873015873,0.285714285714286,0.206349206349206,0.777777777777778,0.73015873015873,0.238095238095238,0.619047619047619,0.952380952380952,0.126984126984127,0.26984126984127,0.563492063492063,0.380952380952381,0.214285714285714,0.706349206349206,0.944444444444444,0.642857142857143,0.0555555555555556,0.595238095238095,0.198412698412698,0.0555555555555556,0.825396825396825,0.293650793650794,0.46031746031746,0.984126984126984,0.452380952380952,0.261904761904762,0.0476190476190476,0.920634920634921,0.777777777777778,0.666666666666667,0.436507936507937,0.722222222222222,0.825396825396825,0.492063492063492,0,0.0555555555555556,0.833333333333333,0.968253968253968,0.174603174603175
0.0634920634920635,0.936507936507937,0.182539682539683,0.984126984126984,0.944444444444444,0.134920634920635,0.166666666666667,0.563492063492063,0.984126984126984,0.134920634920635,0.698412698412698,0.0555555555555556,0.325396825396825,0.253968253968254,0.373015873015873,0.698412698412698,0.761904761904762,0.753968253968254,0.80952380952381,0.880952380952381,0.333333333333333,0.976190476190476,0.492063492063492,0.468253968253968,0.587301587301587,0.0714285714285714,0.261904761904762,0.817460317460317,0.0476190476190476,0.833333333333333,0.706349206349206,0.341269841269841,0.214285714285714,0.103174603174603,0.896825396825397,0.0714285714285714,0.126984126984127,0.30952380952381,0.865079365079365,0.0317460317460317,0.333333333333333,0.182539682539683,0.579365079365079,0.301587301587302,0.563492063492063,0.174603174603175,0.349206349206349,0.388888888888889,0.595238095238095,0.253968253968254,0.317460317460317,0.801587301587302,0.666666666666667,0.515873015873016,0.341269841269841,0.523809523809524,0.0634920634920635,0.888888888888889,0.53968253968254
0.666666666666667,0.119047619047619,0.53968253968254,0.777777777777778,0.626984126984127,0.968253968253968,0.706349206349206,0.857142857142857,0.0238095238095238,0.833333333333333,0.857142857142857,0.785714285714286,0.111111111111111,0.246031746031746,0.238095238095238,0.761904761904762,0.349206349206349,0.571428571428571,0.111111111111111,0.317460317460317,0.365079365079365,0.30952380952381,0.666666666666667,0.674603174603175,0.30952380952381,0.920634920634921,0.801587301587302,0.825396825396825,0.857142857142857,0.984126984126984,0.380952380952381,0.880952380952381,0.817460317460317,0.753968253968254,0.246031746031746,0.746031746031746,0.666666666666667,0.547619047619048,0.444444444444444,0.253968253968254,0.984126984126984,0.452380952380952,0.111111111111111,0.825396825396825,0.23015873015873,0.563492063492063,0.0158730158730159,0.523809523809524,0.246031746031746,0.388888888888889,0.595238095238095,0.412698412698413,0.563492063492063,0.436507936507937,0.992063492063492,0.333333333333333,0.69047619047619,0.642857142857143,0.214285714285714
0.238095238095238,0.841269841269841,0.841269841269841,0.0714285714285714,0.873015873015873,0.523809523809524,0.761904761904762,0.0396825396825397,0.0873015873015873,0.587301587301587,0.976190476190476,0.0555555555555556,0.928571428571429,0.206349206349206,0.793650793650794,0.222222222222222,0.444444444444444,0.944444444444444,0.126984126984127,0.888888888888889,0.595238095238095,0.531746031746032,0.873015873015873,0.619047619047619,0.150793650793651,0.515873015873016,0.666666666666667,0.571428571428571,0.944444444444444,0.420634920634921,0.222222222222222,0.285714285714286,0.174603174603175,0.388888888888889,0.603174603174603,0.833333333333333,0.428571428571429,0.166666666666667,0.0952380952380952,0.174603174603175,0.150793650793651,0.642857142857143,0.928571428571429,0.444444444444444,0.793650793650794,0.317460317460317,0.634920634920635,0.333333333333333,0.214285714285714,0.0714285714285714,0.261904761904762,0.555555555555556,0.126984126984127,0.611111111111111,0.785714285714286,0.158730158730159,0.0238095238095238,0.0476190476190476,0.841269841269841
0.619047619047619,0.857142857142857,0.873015873015873,0.523809523809524,0.888888888888889,0.896825396825397,0.119047619047619,0.944444444444444,0.0476190476190476,0.857142857142857,0.0238095238095238,0.111111111111111,0.00793650793650794,0.0952380952380952,0.595238095238095,0.30952380952381,0.0555555555555556,0.0873015873015873,0.69047619047619,0.571428571428571,0.80952380952381,0.119047619047619,0.373015873015873,0.920634920634921,0.865079365079365,0.373015873015873,0.920634920634921,0.325396825396825,0.150793650793651,0.873015873015873,0.634920634920635,0.912698412698413,0.841269841269841,0.841269841269841,0.761904761904762,0.880952380952381,0.738095238095238,0.817460317460317,0.285714285714286,0.944444444444444,0.396825396825397,0.968253968253968,0.301587301587302,0.103174603174603,0.507936507936508,0.365079365079365,0.595238095238095,0.873015873015873,0.873015873015873,0.555555555555556,0.674603174603175,0.896825396825397,0.80952380952381,0.436507936507937,0.746031746031746,0.293650793650794,0.928571428571429,0.793650793650794,0.880952380952381
0.277777777777778,0.865079365079365,0.0714285714285714,0.865079365079365,0.976190476190476,0.0555555555555556,0.603174603174603,0.896825396825397,0.261904761904762,0.587301587301587,0.126984126984127,0.214285714285714,0.69047619047619,0.111111111111111,0.492063492063492,0.738095238095238,0,0.119047619047619,0.0793650793650794,0.277777777777778,0.293650793650794,0.833333333333333,0.920634920634921,0.96031746031746,0.444444444444444,0.738095238095238,0.325396825396825,0.214285714285714,0.476190476190476,0.563492063492063,0.992063492063492,0.325396825396825,0.936507936507937,0.626984126984127,0.976190476190476,0.5,0.642857142857143,0.293650793650794,0.626984126984127,0.634920634920635,0.912698412698413,0.333333333333333,0.285714285714286,0.80952380952381,0.865079365079365,0.547619047619048,0.69047619047619,0.380952380952381,0.428571428571429,0.452380952380952,0.412698412698413,0.0952380952380952,0.714285714285714,0.158730158730159,0.801587301587302,0.865079365079365,0.888888888888889,0.134920634920635,0.317460317460317
0.396825396825397,0.0714285714285714,0.738095238095238,0.888888888888889,0.174603174603175,0.198412698412698,0.198412698412698,0.547619047619048,0.865079365079365,0.30952380952381,0.436507936507937,0.365079365079365,0.0476190476190476,0.547619047619048,0.380952380952381,0.888888888888889,0.714285714285714,0.206349206349206,0.0873015873015873,0.785714285714286,0.722222222222222,0.944444444444444,0.126984126984127,0.944444444444444,0.388888888888889,0.5,0.53968253968254,0.841269841269841,0.373015873015873,0.619047619047619,0.126984126984127,0.468253968253968,0.968253968253968,0.666666666666667,0.404761904761905,0.992063492063492,0.555555555555556,0.00793650793650794,0.0634920634920635,0.666666666666667,0.785714285714286,0.325396825396825,0.142857142857143,0.642857142857143,0.436507936507937,0.388888888888889,0.817460317460317,0.0476190476190476,0.896825396825397,0.849206349206349,0.579365079365079,0.833333333333333,0.706349206349206,0.420634920634921,0.0952380952380952,0.142857142857143,0.26984126984127,0.253968253968254,0.214285714285714
0.992063492063492,0.5,0.380952380952381,0,0.317460317460317,0.738095238095238,0.420634920634921,0.976190476190476,0.888888888888889,0.0952380952380952,0.738095238095238,0.873015873015873,0.111111111111111,0.00793650793650794,0.984126984126984,0.777777777777778,0.103174603174603,0.626984126984127,0.452380952380952,0.793650793650794,0.277777777777778,0.76984126984127,0.880952380952381,0.476190476190476,0.238095238095238,0.142857142857143,0.611111111111111,0.30952380952381,0.420634920634921,0.261904761904762,0.833333333333333,0.380952380952381,0.19047619047619,0.0158730158730159,0.857142857142857,0.76984126984127,0.682539682539683,0.412698412698413,0.682539682539683,0.19047619047619,0.436507936507937,0.920634920634921,0.23015873015873,0.507936507936508,0.76984126984127,0.19047619047619,0.96031746031746,0.0158730158730159,0.968253968253968,0.325396825396825,0.753968253968254,0.333333333333333,0.103174603174603,0.936507936507937,0.880952380952381,0.896825396825397,0.253968253968254,0.238095238095238,0.746031746031746
0.865079365079365,0.341269841269841,0.753968253968254,0.555555555555556,0.134920634920635,0.920634920634921,0.103174603174603,0.833333333333333,0.992063492063492,0.984126984126984,0.5,0.0555555555555556,0.436507936507937,0.968253968253968,0.30952380952381,0.666666666666667,0.904761904761905,0.571428571428571,0.158730158730159,0.555555555555556,0.484126984126984,0.396825396825397,0.507936507936508,0.0238095238095238,0.619047619047619,0.134920634920635,0.944444444444444,0.246031746031746,0.0873015873015873,0.436507936507937,0.0873015873015873,0.595238095238095,0.492063492063492,0.801587301587302,0.0158730158730159,0.246031746031746,0.904761904761905,0.222222222222222,0.0476190476190476,0.0634920634920635,0.785714285714286,0.722222222222222,0.841269841269841,0.69047619047619,0.396825396825397,0.103174603174603,0.69047619047619,0.857142857142857,0.880952380952381,0.698412698412698,0.880952380952381,0.611111111111111,0.373015873015873,0.0158730158730159,0.76984126984127,0.714285714285714,0.73015873015873,0.857142857142857,0.238095238095238
0.96031746031746,0.579365079365079,0.801587301587302,0.817460317460317,0.968253968253968,0.0873015873015873,0.793650793650794,0,0.468253968253968,0.404761904761905,0.404761904761905,0.261904761904762,0.587301587301587,0.5,0.341269841269841,0.380952380952381,0.158730158730159,1,0.666666666666667,0.444444444444444,0.579365079365079,1,0.0555555555555556,0.976190476190476,0.952380952380952,0.69047619047619,0.222222222222222,0.507936507936508,0.555555555555556,0.682539682539683,0.777777777777778,0.976190476190476,0.166666666666667,0.357142857142857,0.484126984126984,0.380952380952381,0.992063492063492,0.277777777777778,0.150793650793651,0.198412698412698,0.841269841269841,0.531746031746032,0.579365079365079,0.642857142857143,0.253968253968254,0.96031746031746,0.420634920634921,0.00793650793650794,0.833333333333333,0.674603174603175,0.349206349206349,0.388888888888889,0.150793650793651,0.896825396825397,0.801587301587302,0.420634920634921,0.444444444444444,0.373015873015873,0.126984126984127
0.76984126984127,0.928571428571429,0.865079365079365,0.317460317460317,0.5,0.166666666666667,0.365079365079365,0.365079365079365,0.928571428571429,0.849206349206349,0.563492063492063,0.650793650793651,0.420634920634921,0.317460317460317,0.666666666666667,0.746031746031746,0.793650793650794,0.166666666666667,0.492063492063492,0.142857142857143,0.134920634920635,0.420634920634921,0.492063492063492,0.968253968253968,0.00793650793650794,0.880952380952381,0.841269841269841,0.841269841269841,0.912698412698413,0.80952380952381,1,0.563492063492063,0.603174603174603,0.785714285714286,0.134920634920635,0.968253968253968,0.841269841269841,0.73015873015873,0.579365079365079,0.69047619047619,0.650793650793651,0.738095238095238,0.119047619047619,0.5,0.126984126984127,0,0.753968253968254,0.198412698412698,0.182539682539683,0.658730158730159,0.595238095238095,0.0634920634920635,0.222222222222222,1,0.30952380952381,0.920634920634921,0.857142857142857,0.5,0.579365079365079
0.158730158730159,0.777777777777778,0.888888888888889,0.0952380952380952,0.80952380952381,0.936507936507937,0.619047619047619,0.0555555555555556,0.166666666666667,0.626984126984127,0.801587301587302,0.912698412698413,0.992063492063492,0.158730158730159,0.507936507936508,0.111111111111111,0.285714285714286,0.492063492063492,0.579365079365079,0.722222222222222,0.253968253968254,0.619047619047619,0.0555555555555556,0.936507936507937,0.682539682539683,0.158730158730159,0.246031746031746,0.349206349206349,0.76984126984127,0.388888888888889,0.166666666666667,0.936507936507937,0.0873015873015873,0.619047619047619,0.674603174603175,0.841269841269841,0.333333333333333,0.0317460317460317,0.76984126984127,0.412698412698413,0.849206349206349,0.865079365079365,0.444444444444444,0.563492063492063,0.880952380952381,0.666666666666667,0.777777777777778,0.166666666666667,0.317460317460317,0.476190476190476,0.984126984126984,0.111111111111111,0.920634920634921,0.444444444444444,0.611111111111111,0.0317460317460317,0.722222222222222,0.849206349206349,0.674603174603175
0.30952380952381,0.761904761904762,0.880952380952381,0.436507936507937,0.238095238095238,0.96031746031746,0.46031746031746,0.174603174603175,0.912698412698413,0.658730158730159,0.595238095238095,0.761904761904762,0.428571428571429,1,0.468253968253968,0.0238095238095238,0.222222222222222,0.380952380952381,0.19047619047619,0.214285714285714,0.674603174603175,0.587301587301587,0.476190476190476,0.126984126984127,0.785714285714286,0.214285714285714,0.277777777777778,0.912698412698413,0.150793650793651,0.555555555555556,0.547619047619048,0.301587301587302,0.436507936507937,0.920634920634921,0.00793650793650794,0.53968253968254,0.206349206349206,0.119047619047619,0.626984126984127,0.603174603174603,0.706349206349206,0.96031746031746,0.23015873015873,0.412698412698413,0.896825396825397,0.722222222222222,0.238095238095238,0.126984126984127,0.515873015873016,0.23015873015873,0.873015873015873,0.793650793650794,0.0476190476190476,0.357142857142857,0.920634920634921,0.825396825396825,0.904761904761905,0.253968253968254,0.825396825396825
0.5,0.0476190476190476,0.293650793650794,0.103174603174603,0.301587301587302,0.365079365079365,0.920634920634921,0.476190476190476,0.611111111111111,0.547619047619048,0.531746031746032,0.968253968253968,0.198412698412698,0.603174603174603,0.365079365079365,0.80952380952381,0.126984126984127,0.873015873015873,0.365079365079365,0.682539682539683,0.968253968253968,0.69047619047619,0.674603174603175,0.357142857142857,1,0.579365079365079,0.158730158730159,0.126984126984127,0.0952380952380952,0.738095238095238,0.896825396825397,0.555555555555556,0.428571428571429,0.80952380952381,0.587301587301587,0.0396825396825397,0.714285714285714,0.484126984126984,0.30952380952381,0.261904761904762,0.944444444444444,0.976190476190476,0.928571428571429,0.0158730158730159,0.0396825396825397,0.365079365079365,0.992063492063492,0.373015873015873,0.738095238095238,0.277777777777778,0.658730158730159,0.261904761904762,0.0634920634920635,0.420634920634921,0.833333333333333,0.222222222222222,0.857142857142857,0.53968253968254,0.158730158730159
0.674603174603175,0.126984126984127,0.46031746031746,0.626984126984127,0.158730158730159,0.674603174603175,0.0396825396825397,0.388888888888889,0.507936507936508,0.80952380952381,0.833333333333333,0.444444444444444,0.753968253968254,0.96031746031746,0.174603174603175,0.436507936507937,0.698412698412698,0.349206349206349,0.523809523809524,0.587301587301587,0.531746031746032,0.333333333333333,0.492063492063492,0.444444444444444,0.642857142857143,0.801587301587302,0.896825396825397,0.714285714285714,0.222222222222222,0.365079365079365,0.507936507936508,0.785714285714286,0.373015873015873,0.642857142857143,0.563492063492063,0.658730158730159,0.420634920634921,0.563492063492063,0.468253968253968,0.396825396825397,0.0555555555555556,0.301587301587302,0.801587301587302,0.888888888888889,0.928571428571429,0.0396825396825397,0.698412698412698,0.126984126984127,0.253968253968254,0.26984126984127,0.261904761904762,0.0873015873015873,0.944444444444444,0.587301587301587,0.428571428571429,0.103174603174603,0.634920634920635,0.587301587301587,0.873015873015873
0.888888888888889,0.793650793650794,0.746031746031746,0.150793650793651,0.119047619047619,0.865079365079365,0.285714285714286,0.444444444444444,0.873015873015873,0.341269841269841,0.714285714285714,0.626984126984127,0.579365079365079,0.0317460317460317,0.849206349206349,0.825396825396825,0.682539682539683,0.587301587301587,0.253968253968254,0.0873015873015873,0.880952380952381,0.26984126984127,0.69047619047619,0.0952380952380952,0.531746031746032,0.0476190476190476,0.642857142857143,0.182539682539683,0.865079365079365,0.174603174603175,0.436507936507937,0.198412698412698,0.76984126984127,0.738095238095238,0.873015873015873,0.746031746031746,0.793650793650794,0.396825396825397,0.904761904761905,0.626984126984127,0.0158730158730159,0.904761904761905,0.420634920634921,0.0793650793650794,0.134920634920635,0.912698412698413,0.801587301587302,0.682539682539683,0.73015873015873,0.182539682539683,0.611111111111111,0.380952380952381,0.0873015873015873,0.579365079365079,0.666666666666667,0.214285714285714,0.365079365079365,0.0555555555555556,0.174603174603175
0.563492063492063,0.904761904761905,0.841269841269841,0.0793650793650794,0.603174603174603,0.587301587301587,0.833333333333333,1,0.436507936507937,0.777777777777778,0.920634920634921,0.46031746031746,0.0476190476190476,0.30952380952381,0.825396825396825,0.801587301587302,0.174603174603175,0.674603174603175,0.968253968253968,0.0555555555555556,0.182539682539683,0.952380952380952,0.507936507936508,0.801587301587302,0.0555555555555556,0.73015873015873,0.531746031746032,0.857142857142857,0.0158730158730159,0.515873015873016,0.841269841269841,1,0.801587301587302,0.563492063492063,0.111111111111111,0.373015873015873,0.785714285714286,0.134920634920635,0.706349206349206,0.317460317460317,0.0873015873015873,0.0952380952380952,0.317460317460317,0.563492063492063,0.515873015873016,0.444444444444444,0.341269841269841,0.841269841269841,0.69047619047619,0.277777777777778,0.293650793650794,0.896825396825397,0.261904761904762,0.396825396825397,0.277777777777778,0.658730158730159,0.317460317460317,0.492063492063492,0.650793650793651
0.706349206349206,0.515873015873016,0.0396825396825397,0.944444444444444,0.722222222222222,0.746031746031746,0.952380952380952,0.412698412698413,0.849206349206349,0.873015873015873,0.96031746031746,0.817460317460317,0.984126984126984,0.825396825396825,0.492063492063492,0.26984126984127,0.404761904761905,0.19047619047619,0.373015873015873,0.0317460317460317,0.571428571428571,0.412698412698413,0.238095238095238,0.206349206349206,0.579365079365079,0.706349206349206,0.555555555555556,0.912698412698413,0.26984126984127,0.428571428571429,0.531746031746032,0.214285714285714,0.563492063492063,0.722222222222222,0.849206349206349,0.650793650793651,0.0238095238095238,0.0238095238095238,0.96031746031746,0.841269841269841,0.166666666666667,0.277777777777778,0.650793650793651,0.23015873015873,0.563492063492063,0.920634920634921,1,0.523809523809524,0.0873015873015873,0.349206349206349,0.261904761904762,0.888888888888889,0.285714285714286,0.896825396825397,1,0.76984126984127,0.761904761904762,0.896825396825397,0.452380952380952
0.26984126984127,0.968253968253968,0.158730158730159,0.849206349206349,0.5,0.0952380952380952,0.841269841269841,0.476190476190476,0.317460317460317,0.738095238095238,0.388888888888889,0.746031746031746,0.841269841269841,0.928571428571429,0.76984126984127,0.126984126984127,0.53968253968254,0.73015873015873,0.238095238095238,0.46031746031746,0.555555555555556,0.444444444444444,0.746031746031746,0.880952380952381,0.333333333333333,0.373015873015873,0.5,0.0396825396825397,0.571428571428571,0.46031746031746,0.738095238095238,0.53968253968254,0.76984126984127,0.333333333333333,0.0238095238095238,0.103174603174603,0.920634920634921,0.746031746031746,0.936507936507937,0.73015873015873,0.857142857142857,0.0158730158730159,0.0634920634920635,0,0.0555555555555556,0.976190476190476,0.46031746031746,0.698412698412698,0.698412698412698,0.380952380952381,0.388888888888889,0.531746031746032,0.904761904761905,0.714285714285714,0.222222222222222,0.357142857142857,0.53968253968254,0.825396825396825,0.46031746031746
0.722222222222222,0.738095238095238,0.642857142857143,0.507936507936508,0.444444444444444,0.547619047619048,0.753968253968254,0.753968253968254,0.73015873015873,0.928571428571429,1,0.174603174603175,0.746031746031746,0.73015873015873,0.992063492063492,0.674603174603175,0.666666666666667,0.793650793650794,0.285714285714286,0.246031746031746,0.365079365079365,0.984126984126984,0.0714285714285714,0.349206349206349,0.785714285714286,0.634920634920635,0.920634920634921,0.515873015873016,0.468253968253968,0.0317460317460317,0.150793650793651,0.0952380952380952,0.579365079365079,0.976190476190476,0.119047619047619,0.19047619047619,0.507936507936508,0.642857142857143,0.976190476190476,0.492063492063492,0.603174603174603,0.0555555555555556,0.563492063492063,0.476190476190476,0.0714285714285714,0.150793650793651,0.0714285714285714,0.785714285714286,0.904761904761905,0.476190476190476,0.0238095238095238,0.706349206349206,0.595238095238095,0.484126984126984,0.801587301587302,0.119047619047619,0.0238095238095238,0.658730158730159,0.0317460317460317
0.658730158730159,0,0.674603174603175,0.0873015873015873,0.373015873015873,0.746031746031746,0.0158730158730159,0.817460317460317,0.0396825396825397,0.611111111111111,0.444444444444444,0.19047619047619,0.857142857142857,0.785714285714286,0.349206349206349,0.476190476190476,0.634920634920635,1,0.73015873015873,0.46031746031746,0.134920634920635,0.682539682539683,0.0793650793650794,0.603174603174603,0.222222222222222,0.396825396825397,0.658730158730159,0.365079365079365,0.0317460317460317,0.650793650793651,0.119047619047619,0.936507936507937,0.103174603174603,0.30952380952381,0.968253968253968,0.333333333333333,0.412698412698413,0.849206349206349,0.0952380952380952,0.579365079365079,0.523809523809524,0.214285714285714,0.801587301587302,0.658730158730159,0.182539682539683,0.436507936507937,0.19047619047619,0.222222222222222,0.19047619047619,0.222222222222222,0.0476190476190476,0.349206349206349,0.373015873015873,0.277777777777778,0.253968253968254,0.793650793650794,0.523809523809524,0.420634920634921,0.904761904761905
0.476190476190476,1,0.134920634920635,0.246031746031746,0.626984126984127,0.404761904761905,0.896825396825397,0.904761904761905,0.928571428571429,0.531746031746032,0.357142857142857,0.984126984126984,0.0714285714285714,0.46031746031746,0.634920634920635,0.158730158730159,0.944444444444444,0.904761904761905,0.103174603174603,0.619047619047619,0.857142857142857,0.0952380952380952,0.357142857142857,0.412698412698413,0.166666666666667,0.103174603174603,0.428571428571429,0.579365079365079,0.30952380952381,0.452380952380952,0.825396825396825,0.23015873015873,0.896825396825397,0.261904761904762,0.984126984126984,0.571428571428571,0.825396825396825,0.404761904761905,0.817460317460317,0.0714285714285714,0.841269841269841,0.317460317460317,0.0793650793650794,0.563492063492063,0.547619047619048,0.801587301587302,0.880952380952381,0.0793650793650794,0.746031746031746,0.73015873015873,0.873015873015873,0.928571428571429,0.936507936507937,0.992063492063492,0.119047619047619,0.761904761904762,0.785714285714286,0.611111111111111,0.952380952380952
0.150793650793651,0.80952380952381,0.436507936507937,0.126984126984127,0.603174603174603,0.261904761904762,0.666666666666667,0.0634920634920635,0.333333333333333,0.0793650793650794,0.166666666666667,0.134920634920635,0.880952380952381,0.603174603174603,0.388888888888889,0.00793650793650794,0.80952380952381,0.277777777777778,0.761904761904762,0.373015873015873,0.603174603174603,0.865079365079365,0.0238095238095238,0.896825396825397,0.0952380952380952,0.626984126984127,0.738095238095238,0.333333333333333,0.206349206349206,0.134920634920635,0.0396825396825397,0.650793650793651,0.103174603174603,0.69047619047619,0.349206349206349,0.46031746031746,0.158730158730159,0.73015873015873,0.817460317460317,0.182539682539683,0.563492063492063,0.722222222222222,0.825396825396825,0.857142857142857,0.706349206349206,0.912698412698413,0.428571428571429,0.0158730158730159,0.5,0.238095238095238,0.523809523809524,0.30952380952381,0.531746031746032,0.174603174603175,0.0555555555555556,0.428571428571429,0.0476190476190476,0.261904761904762,0.880952380952381
0.642857142857143,0.80952380952381,1,0.674603174603175,0.0396825396825397,0.206349206349206,0.30952380952381,0.111111111111111,0.103174603174603,0.222222222222222,0.722222222222222,0.952380952380952,0.0555555555555556,0.238095238095238,0.341269841269841,0.23015873015873,0.222222222222222,0.69047619047619,0.452380952380952,0.142857142857143,0.619047619047619,0.880952380952381,0.817460317460317,0.301587301587302,0.428571428571429,0.357142857142857,0.555555555555556,0.587301587301587,0.642857142857143,0.317460317460317,0.571428571428571,0.53968253968254,0.357142857142857,0.0238095238095238,0.285714285714286,0.555555555555556,0.492063492063492,0.873015873015873,0.666666666666667,0.301587301587302,0.30952380952381,0.246031746031746,0.30952380952381,0.166666666666667,0.793650793650794,0.349206349206349,0.26984126984127,0.246031746031746,0.849206349206349,0.341269841269841,0.126984126984127,0.642857142857143,0.73015873015873,0.865079365079365,0.325396825396825,0.206349206349206,0.349206349206349,0.301587301587302,0.984126984126984
0.325396825396825,0.642857142857143,0.261904761904762,0,0.246031746031746,0.0873015873015873,0.936507936507937,0.801587301587302,0.111111111111111,0.174603174603175,0.317460317460317,0.333333333333333,0.0873015873015873,0.46031746031746,0.579365079365079,0.642857142857143,1,0.5,0.857142857142857,0.396825396825397,0.801587301587302,0.19047619047619,1,0.825396825396825,0.928571428571429,0.150793650793651,0.873015873015873,0.992063492063492,0.365079365079365,0.984126984126984,0.365079365079365,0.865079365079365,0.801587301587302,0.253968253968254,0.714285714285714,0.277777777777778,0.579365079365079,0.992063492063492,0.214285714285714,0.888888888888889,0.492063492063492,0.579365079365079,0.928571428571429,0.428571428571429,0.579365079365079,0.761904761904762,0.753968253968254,0.214285714285714,0.468253968253968,0.849206349206349,0.817460317460317,0.515873015873016,0.857142857142857,0.547619047619048,1,0.261904761904762,0.634920634920635,0.388888888888889,0.388888888888889
0.0317460317460317,0.952380952380952,0.849206349206349,0.357142857142857,0.166666666666667,0.666666666666667,0.476190476190476,0.26984126984127,0.825396825396825,0.880952380952381,0.388888888888889,0.650793650793651,0.76984126984127,0.0634920634920635,0.579365079365079,0.404761904761905,0.341269841269841,0,0.896825396825397,0.53968253968254,0,0.484126984126984,0.53968253968254,0.0873015873015873,0.976190476190476,0.341269841269841,0.833333333333333,0.396825396825397,0.341269841269841,0.253968253968254,0.80952380952381,0.341269841269841,0.626984126984127,0.674603174603175,0.944444444444444,0.785714285714286,0.134920634920635,0.0555555555555556,0.507936507936508,0.158730158730159,0.396825396825397,0.912698412698413,0.523809523809524,0.531746031746032,0.76984126984127,0.706349206349206,0.80952380952381,0.80952380952381,0.761904761904762,0.920634920634921,0.73015873015873,0.976190476190476,0.571428571428571,0.682539682539683,0.611111111111111,0.507936507936508,0.0238095238095238,0.0317460317460317,0.301587301587302
0.452380952380952,0.968253968253968,0.523809523809524,0.801587301587302,0.134920634920635,0.722222222222222,0.420634920634921,0.126984126984127,0,0.841269841269841,0.111111111111111,0.761904761904762,0.357142857142857,0.952380952380952,0.0476190476190476,0.325396825396825,0.396825396825397,0.515873015873016,0.777777777777778,0.841269841269841,0.952380952380952,0.80952380952381,0.96031746031746,0.642857142857143,0.214285714285714,0.492063492063492,0.293650793650794,0.468253968253968,0.0714285714285714,0.650793650793651,0.698412698412698,0.968253968253968,0.682539682539683,0,0.753968253968254,0.436507936507937,0.896825396825397,0.674603174603175,0.0317460317460317,0.80952380952381,0.412698412698413,0.976190476190476,0.404761904761905,0.746031746031746,0.46031746031746,0.333333333333333,0.349206349206349,0.880952380952381,0.0317460317460317,0.968253968253968,0.531746031746032,0.412698412698413,0.182539682539683,0.674603174603175,0.214285714285714,0.928571428571429,0.888888888888889,0.698412698412698,0.26984126984127
0.404761904761905,0.0634920634920635,0.603174603174603,0.46031746031746,0.341269841269841,0.738095238095238,0.849206349206349,0.650793650793651,0.928571428571429,0.158730158730159,0.587301587301587,0.833333333333333,0.793650793650794,0.357142857142857,0.0158730158730159,1,0.484126984126984,0.682539682539683,0.396825396825397,0.119047619047619,0.0873015873015873,0.793650793650794,0.738095238095238,0.301587301587302,0.0238095238095238,0.984126984126984,0.214285714285714,0.285714285714286,0.682539682539683,0.888888888888889,0.674603174603175,0.642857142857143,0.333333333333333,0.992063492063492,0.19047619047619,0.801587301587302,0.103174603174603,0.0714285714285714,0.944444444444444,0.738095238095238,0.785714285714286,0.904761904761905,0.150793650793651,0.198412698412698,0.0873015873015873,0.174603174603175,0.936507936507937,0.912698412698413,0.325396825396825,0.277777777777778,0.428571428571429,0.126984126984127,0.484126984126984,0.587301587301587,0.412698412698413,0.428571428571429,0.76984126984127,0.936507936507937,0.595238095238095
1,0.468253968253968,0.547619047619048,0.333333333333333,0.944444444444444,0.801587301587302,0.753968253968254,0.53968253968254,0.714285714285714,0.507936507936508,0.912698412698413,0.134920634920635,0.26984126984127,0.0238095238095238,0.785714285714286,0.198412698412698,1,0.150793650793651,0.507936507936508,0.992063492063492,0.825396825396825,0.761904761904762,0.0793650793650794,0.682539682539683,0.555555555555556,0.658730158730159,0.896825396825397,0.174603174603175,0.119047619047619,0.30952380952381,0.896825396825397,0.531746031746032,0.142857142857143,0.666666666666667,0.0714285714285714,0.468253968253968,0.293650793650794,0.341269841269841,0.365079365079365,0.0714285714285714,0.30952380952381,0.507936507936508,0.349206349206349,0.46031746031746,0.428571428571429,0.992063492063492,0.0158730158730159,0.73015873015873,0.46031746031746,0.142857142857143,0.944444444444444,0.428571428571429,0.253968253968254,0.896825396825397,0.571428571428571,0.380952380952381,0.912698412698413,0.0555555555555556,0.285714285714286
0.0634920634920635,0.0158730158730159,0.349206349206349,0.658730158730159,0.0396825396825397,0.722222222222222,0.706349206349206,0.793650793650794,0.920634920634921,0.888888888888889,0.817460317460317,0.253968253968254,0.944444444444444,0.0634920634920635,0.611111111111111,0.579365079365079,0.873015873015873,0.476190476190476,0.992063492063492,0.849206349206349,0.238095238095238,0.984126984126984,0.555555555555556,0.214285714285714,0.992063492063492,0.134920634920635,0.111111111111111,0.746031746031746,0.706349206349206,0.968253968253968,0.198412698412698,0.563492063492063,0.00793650793650794,0.952380952380952,0.150793650793651,0.380952380952381,0.317460317460317,0.476190476190476,0.76984126984127,0.0873015873015873,0.00793650793650794,0.341269841269841,0.333333333333333,0.841269841269841,0.0793650793650794,0.0317460317460317,0.579365079365079,0.896825396825397,0.722222222222222,0.0476190476190476,0.119047619047619,0.246031746031746,0.53968253968254,0.317460317460317,0.753968253968254,0.873015873015873,0.619047619047619,0.214285714285714,0.650793650793651
0.214285714285714,0.888888888888889,0.246031746031746,0.984126984126984,0.317460317460317,0.484126984126984,0.571428571428571,0.0476190476190476,0.69047619047619,0.325396825396825,0.920634920634921,0.793650793650794,0.579365079365079,0.626984126984127,0.198412698412698,0.515873015873016,0.452380952380952,0.53968253968254,0.0317460317460317,0.920634920634921,0.682539682539683,0.912698412698413,0.166666666666667,0.365079365079365,0.111111111111111,0.111111111111111,0.587301587301587,0.873015873015873,0.912698412698413,0.507936507936508,0.714285714285714,0.420634920634921,0.285714285714286,0.73015873015873,0.214285714285714,0.571428571428571,0.246031746031746,0.357142857142857,0.103174603174603,0.412698412698413,0.222222222222222,0.0873015873015873,0.76984126984127,1,0.634920634920635,0.103174603174603,0.507936507936508,0.246031746031746,0.0714285714285714,0.492063492063492,0.166666666666667,0.30952380952381,0.206349206349206,0.761904761904762,0.222222222222222,0.182539682539683,0.5,0.674603174603175,0.388888888888889
0.103174603174603,0.420634920634921,0.357142857142857,0.515873015873016,0.785714285714286,0.0634920634920635,0.222222222222222,0.492063492063492,0.817460317460317,0.214285714285714,0.150793650793651,0.277777777777778,0.912698412698413,0,0.928571428571429,0.420634920634921,0.198412698412698,0.222222222222222,0.873015873015873,0.428571428571429,0.341269841269841,0.666666666666667,0.0793650793650794,0.825396825396825,0.841269841269841,0.492063492063492,0.825396825396825,0.817460317460317,0.825396825396825,0.436507936507937,0.341269841269841,0.738095238095238,0.706349206349206,0.23015873015873,0.0396825396825397,0.698412698412698,0,0.26984126984127,0.817460317460317,0.246031746031746,0.134920634920635,0.420634920634921,0.706349206349206,0.285714285714286,0.0634920634920635,0.825396825396825,0.341269841269841,0.650793650793651,0.912698412698413,0.126984126984127,0.793650793650794,0.333333333333333,0.277777777777778,0.603174603174603,0.206349206349206,0.571428571428571,0.349206349206349,0.73015873015873,0.928571428571429
0.571428571428571,0.944444444444444,0.174603174603175,0.412698412698413,0.380952380952381,0.468253968253968,0.722222222222222,0.880952380952381,0.0476190476190476,0.682539682539683,0.936507936507937,0.293650793650794,0.253968253968254,0.682539682539683,0.23015873015873,0.301587301587302,0.714285714285714,0.301587301587302,0.253968253968254,0,0.317460317460317,0,0.849206349206349,0.793650793650794,1,0.0873015873015873,0.222222222222222,0.69047619047619,0.0317460317460317,0.0793650793650794,0.277777777777778,0.80952380952381,0.785714285714286,0.5,0.920634920634921,0.738095238095238,0.801587301587302,0.611111111111111,0.476190476190476,0.158730158730159,0.626984126984127,0.777777777777778,0.206349206349206,0.801587301587302,0.619047619047619,0.738095238095238,0.761904761904762,0.142857142857143,0.198412698412698,0.0317460317460317,0.563492063492063,0.0396825396825397,0.833333333333333,0.634920634920635,0.722222222222222,0.0714285714285714,0.801587301587302,0.666666666666667,0.626984126984127
0.976190476190476,0.0873015873015873,0.5,0.555555555555556,0.404761904761905,0.158730158730159,0.253968253968254,0.785714285714286,0.142857142857143,0.166666666666667,0.753968253968254,0.23015873015873,0.698412698412698,0.761904761904762,0.976190476190476,0.738095238095238,0.357142857142857,0.912698412698413,0.579365079365079,0.0714285714285714,0.30952380952381,0.0714285714285714,0.341269841269841,0.444444444444444,0.880952380952381,0.76984126984127,0.00793650793650794,0.158730158730159,0.984126984126984,0.317460317460317,0.0555555555555556,0.619047619047619,0.714285714285714,0.206349206349206,0.174603174603175,0.650793650793651,0.174603174603175,0.841269841269841,0.357142857142857,0.595238095238095,0.896825396825397,0.984126984126984,0.365079365079365,0.984126984126984,0.650793650793651,0.682539682539683,0.80952380952381,0.682539682539683,0.69047619047619,0.293650793650794,0.30952380952381,0.738095238095238,0.563492063492063,0.142857142857143,0.166666666666667,0.682539682539683,0.674603174603175,0.0952380952380952,0.246031746031746
0.468253968253968,0.00793650793650794,0.992063492063492,0.0396825396825397,0.746031746031746,0.865079365079365,0.53968253968254,0.30952380952381,0.531746031746032,0.388888888888889,0.857142857142857,0.555555555555556,0.976190476190476,0.53968253968254,0.0714285714285714,0.404761904761905,0.174603174603175,0.134920634920635,0.158730158730159,0.293650793650794,0.825396825396825,0.0238095238095238,0.444444444444444,0.984126984126984,0.793650793650794,0.404761904761905,0.753968253968254,0.0238095238095238,0.873015873015873,0.857142857142857,0.936507936507937,0.992063492063492,0.325396825396825,0.214285714285714,0.682539682539683,0.888888888888889,0.428571428571429,0.373015873015873,0.976190476190476,0.531746031746032,0.0714285714285714,0.976190476190476,0.603174603174603,0.436507936507937,1,0.904761904761905,0.523809523809524,0.0555555555555556,0.80952380952381,0.984126984126984,0.452380952380952,0.912698412698413,0.365079365079365,0.563492063492063,0.261904761904762,0.0476190476190476,1,0.0158730158730159,0.563492063492063
0.761904761904762,0.873015873015873,0.23015873015873,0.412698412698413,0.238095238095238,0.928571428571429,0.833333333333333,0.841269841269841,0.952380952380952,0.880952380952381,0.126984126984127,0.865079365079365,0.119047619047619,0.76984126984127,0.650793650793651,0.134920634920635,0.666666666666667,0.428571428571429,0.357142857142857,0.706349206349206,0.992063492063492,0.166666666666667,0,0.547619047619048,0.904761904761905,0.0634920634920635,0.682539682539683,0.841269841269841,0.492063492063492,0.714285714285714,0.182539682539683,0.865079365079365,0.5,0.698412698412698,0.682539682539683,0.849206349206349,0.706349206349206,0.531746031746032,0.714285714285714,0.976190476190476,0.69047619047619,0.555555555555556,0.825396825396825,0.785714285714286,0.23015873015873,0.206349206349206,0.595238095238095,0.825396825396825,0.992063492063492,0.777777777777778,0.0873015873015873,0.452380952380952,0.150793650793651,0.611111111111111,0.579365079365079,0.547619047619048,0.595238095238095,0.452380952380952,0.182539682539683
0,0.777777777777778,0.912698412698413,0.531746031746032,0.76984126984127,0.333333333333333,0.341269841269841,0.674603174603175,0.928571428571429,0.103174603174603,0.0317460317460317,0.150793650793651,0.476190476190476,0.238095238095238,0.373015873015873,0.666666666666667,0.0317460317460317,0.873015873015873,0.992063492063492,0.349206349206349,0.111111111111111,0.738095238095238,0.420634920634921,0.523809523809524,0.968253968253968,0.285714285714286,0.753968253968254,0.761904761904762,0.444444444444444,0.142857142857143,0.404761904761905,0.293650793650794,0.0238095238095238,0.5,0.833333333333333,0.452380952380952,0.865079365079365,0.293650793650794,0.492063492063492,0.317460317460317,0.293650793650794,0.833333333333333,0.0555555555555556,0.0952380952380952,0.0317460317460317,0.0714285714285714,0.849206349206349,0.444444444444444,0.96031746031746,0.5,0.134920634920635,0.555555555555556,0.841269841269841,0.682539682539683,0.674603174603175,0.746031746031746,0.404761904761905,0.436507936507937,0.73015873015873
0.0555555555555556,0.293650793650794,0.19047619047619,0.285714285714286,0.912698412698413,0.0555555555555556,0.0952380952380952,0.984126984126984,0.825396825396825,0.476190476190476,0.69047619047619,0.761904761904762,1,0.30952380952381,0.563492063492063,0.833333333333333,0.833333333333333,0.373015873015873,0.428571428571429,0.317460317460317,0.0714285714285714,0.603174603174603,0.111111111111111,0.992063492063492,0.833333333333333,0.396825396825397,0.5,0.968253968253968,0.0634920634920635,0.142857142857143,0.126984126984127,0.666666666666667,0.658730158730159,0.841269841269841,0.19047619047619,0.412698412698413,0.531746031746032,0.238095238095238,0.428571428571429,0.0158730158730159,0.0793650793650794,0.650793650793651,0.976190476190476,0.301587301587302,0.0476190476190476,0.555555555555556,1,0.293650793650794,0.857142857142857,0.888888888888889,0.349206349206349,0.19047619047619,0.920634920634921,0.992063492063492,0.325396825396825,0.468253968253968,0.579365079365079,0.904761904761905,0.626984126984127
0.841269841269841,0.325396825396825,0.325396825396825,0.571428571428571,0.484126984126984,0.722222222222222,0.666666666666667,0.412698412698413,0.738095238095238,0.206349206349206,0.777777777777778,0.857142857142857,0.96031746031746,0.277777777777778,0.753968253968254,0.238095238095238,0.0396825396825397,0.555555555555556,0.880952380952381,0.920634920634921,0.650793650793651,0.0873015873015873,0.793650793650794,0.793650793650794,0.317460317460317,0.841269841269841,0.976190476190476,0.896825396825397,0.873015873015873,0.293650793650794,0.325396825396825,0.936507936507937,0.357142857142857,0.26984126984127,0.23015873015873,0.968253968253968,0.952380952380952,0.801587301587302,0.523809523809524,0.857142857142857,0.698412698412698,0.73015873015873,1,0.507936507936508,0.674603174603175,0.984126984126984,0.69047619047619,0.388888888888889,0.484126984126984,0.468253968253968,0.468253968253968,0.777777777777778,0.428571428571429,0.452380952380952,0.849206349206349,0.380952380952381,0.0238095238095238,0.388888888888889,0.246031746031746
0.325396825396825,1,0.380952380952381,0.912698412698413,0,0.992063492063492,0.634920634920635,0.698412698412698,0.96031746031746,0.0476190476190476,0.53968253968254,0.0476190476190476,0.0238095238095238,0.0476190476190476,0.880952380952381,0.317460317460317,0.761904761904762,0.134920634920635,0.666666666666667,0.650793650793651,0.23015873015873,0.642857142857143,0.142857142857143,0.253968253968254,0.76984126984127,0.26984126984127,0.206349206349206,0.46031746031746,0.293650793650794,0.380952380952381,0.380952380952381,0.968253968253968,0.0158730158730159,0.674603174603175,0.119047619047619,0.761904761904762,0.80952380952381,0.46031746031746,0.0555555555555556,0.46031746031746,0.619047619047619,0.142857142857143,0.150793650793651,0.714285714285714,0.944444444444444,0.365079365079365,0.650793650793651,0.587301587301587,0.849206349206349,0.96031746031746,0.166666666666667,0.19047619047619,0.444444444444444,0.722222222222222,0.301587301587302,0.158730158730159,0.0317460317460317,0.103174603174603,0.896825396825397
0.0793650793650794,0.0714285714285714,0.436507936507937,0.142857142857143,0.69047619047619,0.380952380952381,0.238095238095238,0.222222222222222,0.150793650793651,0.738095238095238,0.888888888888889,0.563492063492063,0.944444444444444,0.476190476190476,0.0714285714285714,0.96031746031746,0.134920634920635,0.214285714285714,0.73015873015873,0.103174603174603,0.777777777777778,0.150793650793651,0.492063492063492,0.76984126984127,0.515873015873016,0.00793650793650794,0.325396825396825,0.611111111111111,0.642857142857143,0.904761904761905,0,0.531746031746032,0.277777777777778,0.26984126984127,0.53968253968254,0.00793650793650794,0.0396825396825397,0.738095238095238,0.373015873015873,0.611111111111111,0.968253968253968,0.0396825396825397,0.682539682539683,0.563492063492063,0.920634920634921,0.126984126984127,0.611111111111111,0.0714285714285714,0.468253968253968,0.80952380952381,0.26984126984127,0.0158730158730159,0.793650793650794,0.468253968253968,0.134920634920635,0.880952380952381,0.293650793650794,0.571428571428571,0.73015873015873
0.119047619047619,0.777777777777778,0.674603174603175,0.492063492063492,0.198412698412698,0.277777777777778,0.0634920634920635,0.738095238095238,0.698412698412698,0.285714285714286,0.642857142857143,0.992063492063492,0.19047619047619,0.174603174603175,0.333333333333333,0.857142857142857,0.817460317460317,0.571428571428571,0.523809523809524,0.0555555555555556,0.968253968253968,0.587301587301587,0.96031746031746,0.30952380952381,0.357142857142857,0.206349206349206,0.0238095238095238,0.76984126984127,0.595238095238095,0.468253968253968,0.0952380952380952,0.80952380952381,0.476190476190476,0.571428571428571,0.0873015873015873,0.26984126984127,0.357142857142857,0.817460317460317,0.53968253968254,0.976190476190476,0.642857142857143,0.261904761904762,0.46031746031746,0.587301587301587,0.380952380952381,0.150793650793651,0.150793650793651,0.365079365079365,0.214285714285714,0.452380952380952,0.944444444444444,0.317460317460317,0.0714285714285714,0.873015873015873,0.238095238095238,0.634920634920635,0.349206349206349,0.293650793650794,0.920634920634921
0.896825396825397,0.825396825396825,0.801587301587302,0.53968253968254,0.317460317460317,0.206349206349206,0.912698412698413,0.198412698412698,0.507936507936508,0.611111111111111,0.333333333333333,0.00793650793650794,0.682539682539683,0.873015873015873,1,0.706349206349206,0.936507936507937,0,0.0634920634920635,0.825396825396825,0.833333333333333,0.436507936507937,0.30952380952381,0.706349206349206,0.515873015873016,0.46031746031746,0.0873015873015873,0.0396825396825397,0.984126984126984,0.777777777777778,0.547619047619048,0.174603174603175,0.920634920634921,0.658730158730159,0.0952380952380952,0.873015873015873,0.325396825396825,0.611111111111111,0.571428571428571,0.904761904761905,0.0238095238095238,0.238095238095238,0.698412698412698,0.920634920634921,0.976190476190476,0.611111111111111,0.396825396825397,0.976190476190476,0.777777777777778,0.968253968253968,0,0.611111111111111,0.214285714285714,0.626984126984127,1,0.817460317460317,0.333333333333333,0.492063492063492,0.952380952380952
0.587301587301587,0.952380952380952,0.222222222222222,0.873015873015873,0.976190476190476,0.365079365079365,0.873015873015873,0.611111111111111,0.76984126984127,0.126984126984127,0.888888888888889,0.0714285714285714,0.912698412698413,0.563492063492063,0.00793650793650794,0.0555555555555556,0.523809523809524,0.817460317460317,0.0555555555555556,0.920634920634921,0.404761904761905,0.0396825396825397,0.468253968253968,0.476190476190476,0.182539682539683,0.968253968253968,0.412698412698413,0.698412698412698,0.738095238095238,0.222222222222222,0.261904761904762,0.222222222222222,0.476190476190476,0.746031746031746,0.468253968253968,0.96031746031746,0.293650793650794,0.317460317460317,0.833333333333333,0.365079365079365,0.507936507936508,0.0158730158730159,0.563492063492063,0.753968253968254,0.817460317460317,0.642857142857143,0.19047619047619,1,0.5,0.944444444444444,0.349206349206349,0.682539682539683,0.857142857142857,0.349206349206349,0.76984126984127,0.873015873015873,0.833333333333333,0.166666666666667,0.428571428571429
0.19047619047619,0.158730158730159,0.166666666666667,0.317460317460317,0.0555555555555556,0.412698412698413,0.96031746031746,0.444444444444444,1,0.53968253968254,0.857142857142857,0.793650793650794,0.253968253968254,0.674603174603175,0.96031746031746,0.928571428571429,0.0634920634920635,0.261904761904762,0.96031746031746,0.373015873015873,0.674603174603175,0.174603174603175,0.222222222222222,0.46031746031746,0.444444444444444,0.0238095238095238,0.0317460317460317,0.158730158730159,0.571428571428571,0.277777777777778,0.246031746031746,0.253968253968254,0.587301587301587,0.968253968253968,0.817460317460317,0.428571428571429,0.103174603174603,0.261904761904762,0.777777777777778,0.976190476190476,0.111111111111111,0.53968253968254,0.904761904761905,0.0476190476190476,0.30952380952381,0.76984126984127,0,0.317460317460317,0.111111111111111,0.928571428571429,0.5,0.261904761904762,0.46031746031746,0.706349206349206,0.19047619047619,0.19047619047619,0.984126984126984,0.722222222222222,0.341269841269841
0.380952380952381,0.936507936507937,0.126984126984127,0.904761904761905,0.357142857142857,0.468253968253968,0.563492063492063,0.753968253968254,0.928571428571429,0.96031746031746,0.317460317460317,0.111111111111111,0.674603174603175,0.0238095238095238,0.0714285714285714,0.444444444444444,0.0952380952380952,0.182539682539683,0.0555555555555556,0.555555555555556,0.253968253968254,0.753968253968254,0.833333333333333,0.722222222222222,0.0158730158730159,0.69047619047619,0.0238095238095238,0.849206349206349,0.547619047619048,0.944444444444444,0.134920634920635,0.30952380952381,0.53968253968254,0.0317460317460317,0.865079365079365,0.928571428571429,0.19047619047619,0.849206349206349,0.333333333333333,1,0.753968253968254,0.285714285714286,0.96031746031746,0.515873015873016,0.158730158730159,0.404761904761905,0.80952380952381,0.420634920634921,0.706349206349206,0.515873015873016,0.357142857142857,0.777777777777778,0.658730158730159,0.23015873015873,0.484126984126984,0.841269841269841,0.46031746031746,0.0238095238095238,0.492063492063492
0.984126984126984,0.341269841269841,0.0238095238095238,0.206349206349206,0.436507936507937,0.103174603174603,0.412698412698413,0.119047619047619,0.658730158730159,0.349206349206349,0.801587301587302,0.563492063492063,0.23015873015873,0.428571428571429,0.761904761904762,0,0.0634920634920635,0.174603174603175,0.53968253968254,0.746031746031746,0.293650793650794,0.634920634920635,0.142857142857143,0.801587301587302,0.476190476190476,0.952380952380952,0.0555555555555556,0.73015873015873,0.357142857142857,0.214285714285714,0.777777777777778,0.912698412698413,0.357142857142857,0.722222222222222,0.0396825396825397,0.261904761904762,0.531746031746032,0.476190476190476,0.0952380952380952,0.80952380952381,0.26984126984127,0.857142857142857,0.785714285714286,0.325396825396825,0.349206349206349,0.698412698412698,0.849206349206349,0.682539682539683,0.920634920634921,0.0158730158730159,0.904761904761905,0.595238095238095,0.507936507936508,0.0317460317460317,0.158730158730159,0.73015873015873,0.333333333333333,0.952380952380952,0.793650793650794
0.238095238095238,0.603174603174603,0.984126984126984,0.246031746031746,0.341269841269841,0.880952380952381,0.507936507936508,1,0.579365079365079,0.714285714285714,0.825396825396825,0.619047619047619,0.23015873015873,0.880952380952381,0.96031746031746,0.420634920634921,0.626984126984127,0.238095238095238,0.785714285714286,0.174603174603175,0.507936507936508,0.365079365079365,0.992063492063492,0.198412698412698,0.920634920634921,0.261904761904762,0.714285714285714,0.26984126984127,0.158730158730159,0.849206349206349,0.5,0.80952380952381,0.484126984126984,0.595238095238095,0.595238095238095,0.976190476190476,0.896825396825397,0.119047619047619,0.936507936507937,0.428571428571429,0.198412698412698,0,0.30952380952381,0.626984126984127,0.603174603174603,0.214285714285714,0.325396825396825,0.103174603174603,0.126984126984127,0.0793650793650794,0.0158730158730159,0.904761904761905,0.349206349206349,0.341269841269841,0.753968253968254,0.0317460317460317,0.134920634920635,0.76984126984127,0.206349206349206
0.611111111111111,0.896825396825397,0.444444444444444,0.19047619047619,0.626984126984127,0.817460317460317,0.587301587301587,0.976190476190476,0.452380952380952,0.888888888888889,0.0238095238095238,0.26984126984127,0.69047619047619,0.865079365079365,0.865079365079365,0.174603174603175,0.19047619047619,0.206349206349206,0.246031746031746,0.23015873015873,0.142857142857143,0.507936507936508,0.182539682539683,0.246031746031746,0.666666666666667,0.642857142857143,0.484126984126984,0.119047619047619,0.928571428571429,0.706349206349206,0.0952380952380952,0.595238095238095,0.119047619047619,0.658730158730159,0.738095238095238,0.0634920634920635,0.920634920634921,0.119047619047619,0.111111111111111,0.793650793650794,0.80952380952381,0.738095238095238,0.658730158730159,0.214285714285714,0.26984126984127,0.198412698412698,0.634920634920635,0.753968253968254,0.801587301587302,0.182539682539683,0.111111111111111,0.682539682539683,0.666666666666667,0.523809523809524,0.380952380952381,0.928571428571429,0.301587301587302,0,0.595238095238095
0.650793650793651,0.0396825396825397,0.26984126984127,0.603174603174603,0.0634920634920635,0.206349206349206,0.246031746031746,0.873015873015873,0.0158730158730159,0.753968253968254,0.952380952380952,0.587301587301587,0.603174603174603,0.80952380952381,0.182539682539683,0.206349206349206,0.880952380952381,0.952380952380952,0.341269841269841,0.476190476190476,0.0634920634920635,0.873015873015873,0,0.968253968253968,0.0555555555555556,0.96031746031746,0.380952380952381,0.968253968253968,0.396825396825397,0.0317460317460317,0.968253968253968,0.325396825396825,0.96031746031746,0.5,0.150793650793651,0.928571428571429,0.746031746031746,0.206349206349206,0.436507936507937,0.293650793650794,0.404761904761905,0.253968253968254,0.166666666666667,0.341269841269841,0.825396825396825,0.849206349206349,0.444444444444444,0.706349206349206,0.293650793650794,0.182539682539683,0.484126984126984,0.825396825396825,0.619047619047619,0.873015873015873,0.174603174603175,0.0317460317460317,0.658730158730159,0.222222222222222,0.865079365079365
0.992063492063492,0.841269841269841,0.150793650793651,0.682539682539683,0.26984126984127,0.0793650793650794,0.317460317460317,0.738095238095238,0.555555555555556,0.476190476190476,0.134920634920635,0.46031746031746,0.595238095238095,0.96031746031746,0.00793650793650794,0.992063492063492,0.857142857142857,0.841269841269841,0.214285714285714,0.222222222222222,0.658730158730159,0.420634920634921,0.714285714285714,0.26984126984127,0.277777777777778,0.253968253968254,0.825396825396825,0.246031746031746,0.547619047619048,0.333333333333333,0.285714285714286,0.261904761904762,0.849206349206349,0.595238095238095,0.722222222222222,0.80952380952381,0.0714285714285714,0.0714285714285714,0.650793650793651,0.746031746031746,0.0317460317460317,0.825396825396825,0.5,0.380952380952381,0.317460317460317,0.73015873015873,0.46031746031746,0.507936507936508,0.476190476190476,0.793650793650794,0.325396825396825,0.984126984126984,0.428571428571429,0.119047619047619,0,0.682539682539683,0.214285714285714,0.753968253968254,0.452380952380952
0.634920634920635,0.674603174603175,0.0793650793650794,0.0793650793650794,0.515873015873016,0.69047619047619,0.341269841269841,0.603174603174603,0.142857142857143,0.174603174603175,0.0714285714285714,0.111111111111111,0.968253968253968,0.642857142857143,0.904761904761905,0.492063492063492,0.412698412698413,0.920634920634921,0.880952380952381,0.293650793650794,0.992063492063492,0.595238095238095,0.253968253968254,0.857142857142857,0.0238095238095238,0.253968253968254,0.380952380952381,0.293650793650794,0.674603174603175,0.206349206349206,0.0317460317460317,0.484126984126984,0.0793650793650794,0.761904761904762,0.0634920634920635,0.634920634920635,0.650793650793651,0.952380952380952,0.134920634920635,0.698412698412698,0.80952380952381,0.801587301587302,0.388888888888889,0.206349206349206,0.595238095238095,0.96031746031746,0.0555555555555556,0.73015873015873,0.19047619047619,0.666666666666667,0.968253968253968,0.706349206349206,0.547619047619048,0.96031746031746,0.333333333333333,0.182539682539683,0.968253968253968,0.404761904761905,0.523809523809524
0.801587301587302,0.507936507936508,0.150793650793651,0.738095238095238,0.865079365079365,0.380952380952381,0.365079365079365,0.658730158730159,0.0634920634920635,0.30952380952381,0.912698412698413,0.166666666666667,0.825396825396825,0.349206349206349,0.492063492063492,0.595238095238095,0.698412698412698,0.761904761904762,0.904761904761905,0.976190476190476,0.801587301587302,0.634920634920635,0.968253968253968,0.698412698412698,0.0555555555555556,0.46031746031746,0.833333333333333,0.341269841269841,0.19047619047619,0.920634920634921,0.214285714285714,0.920634920634921,0.984126984126984,0.69047619047619,0.00793650793650794,0.484126984126984,0.634920634920635,0.865079365079365,0.936507936507937,0.928571428571429,0.0714285714285714,0.388888888888889,0.896825396825397,0.73015873015873,0.873015873015873,0.103174603174603,0.19047619047619,0.317460317460317,0.0317460317460317,0.76984126984127,0.761904761904762,0.936507936507937,0.0873015873015873,0.976190476190476,0.912698412698413,0.00793650793650794,0.563492063492063,0.436507936507937,0.619047619047619
0.412698412698413,0.579365079365079,0.293650793650794,0.992063492063492,0.0476190476190476,0.634920634920635,0.182539682539683,0.531746031746032,0.261904761904762,0.912698412698413,0.103174603174603,0.722222222222222,0.531746031746032,0.0476190476190476,0.952380952380952,0.357142857142857,0.857142857142857,0.142857142857143,0.119047619047619,0.0158730158730159,0.738095238095238,0.484126984126984,0.865079365079365,0.53968253968254,0.944444444444444,0.0873015873015873,0.396825396825397,0.801587301587302,0.468253968253968,0.46031746031746,0.0396825396825397,0.103174603174603,0.26984126984127,0.150793650793651,0.547619047619048,0.119047619047619,0.142857142857143,0.873015873015873,0.674603174603175,0.658730158730159,0.642857142857143,0.992063492063492,0.73015873015873,0.246031746031746,0.476190476190476,0.293650793650794,0.00793650793650794,1,0.126984126984127,0.53968253968254,0.0476190476190476,0.515873015873016,0.674603174603175,0.150793650793651,0.674603174603175,0.142857142857143,0.0714285714285714,0,0.793650793650794
0.396825396825397,0.674603174603175,0.492063492063492,0.166666666666667,0.333333333333333,0.936507936507937,0.531746031746032,0.96031746031746,0.468253968253968,0.753968253968254,0.595238095238095,0.76984126984127,0.0317460317460317,0.904761904761905,0.26984126984127,0.30952380952381,0.0317460317460317,0.468253968253968,0.650793650793651,0.595238095238095,0.73015873015873,0.817460317460317,0.0317460317460317,0.333333333333333,0.825396825396825,0.626984126984127,0.96031746031746,0.158730158730159,0.595238095238095,0.436507936507937,0.357142857142857,0.134920634920635,0.698412698412698,0.246031746031746,0.841269841269841,0.468253968253968,0.801587301587302,0.912698412698413,0.857142857142857,0.928571428571429,0.317460317460317,0.182539682539683,0.0396825396825397,0.920634920634921,0.301587301587302,0.0476190476190476,0.142857142857143,0.0793650793650794,0.547619047619048,0.420634920634921,0.452380952380952,0.587301587301587,0.904761904761905,0.301587301587302,0.253968253968254,0.301587301587302,0.365079365079365,0.134920634920635,0.833333333333333
0.126984126984127,0.0873015873015873,0.555555555555556,0.341269841269841,0.30952380952381,0.30952380952381,0.619047619047619,0.714285714285714,1,0.873015873015873,0.888888888888889,0.944444444444444,0.0793650793650794,0.325396825396825,0.944444444444444,0.30952380952381,0.222222222222222,0.222222222222222,0.865079365079365,0.968253968253968,0.142857142857143,0.746031746031746,0.634920634920635,0.738095238095238,0.253968253968254,0.650793650793651,0.682539682539683,0.452380952380952,0.976190476190476,0.928571428571429,0.515873015873016,0.80952380952381,0.0238095238095238,0.317460317460317,0.968253968253968,0.142857142857143,0.603174603174603,0.30952380952381,0.992063492063492,0.73015873015873,0.682539682539683,0.436507936507937,0.0873015873015873,0.5,0.714285714285714,0.476190476190476,0.825396825396825,0.293650793650794,0.293650793650794,0.325396825396825,0.833333333333333,0.880952380952381,0.873015873015873,0.952380952380952,0.555555555555556,0.976190476190476,0.0873015873015873,0.976190476190476,0.777777777777778
0.349206349206349,0.841269841269841,0.595238095238095,0.23015873015873,0.412698412698413,0.277777777777778,0.349206349206349,0.174603174603175,0.746031746031746,0.738095238095238,0.73015873015873,0.801587301587302,0.214285714285714,0.69047619047619,0.920634920634921,0.396825396825397,0.206349206349206,0.253968253968254,0.103174603174603,0.563492063492063,0.349206349206349,0.984126984126984,0.587301587301587,0.849206349206349,0.0396825396825397,0.976190476190476,0.507936507936508,0.888888888888889,0.76984126984127,0.0714285714285714,0.793650793650794,0.380952380952381,0.0555555555555556,0.888888888888889,0.801587301587302,0.896825396825397,0.142857142857143,0.142857142857143,0.888888888888889,0.444444444444444,0.380952380952381,0.214285714285714,0.198412698412698,0.785714285714286,0.634920634920635,0.698412698412698,0.166666666666667,0.5,0.611111111111111,0.928571428571429,0.777777777777778,0.484126984126984,0.174603174603175,0.785714285714286,0.277777777777778,0.484126984126984,0.698412698412698,0.738095238095238,0.26984126984127
0.357142857142857,0.0476190476190476,0.920634920634921,0.936507936507937,0.865079365079365,0.722222222222222,0.452380952380952,0.761904761904762,0.484126984126984,0.0793650793650794,0.53968253968254,0.873015873015873,0.658730158730159,0.547619047619048,0.944444444444444,0.642857142857143,0.753968253968254,0.69047619047619,0.944444444444444,0.476190476190476,0.571428571428571,0.0952380952380952,0.26984126984127,0.603174603174603,0.753968253968254,0.563492063492063,0.198412698412698,0.611111111111111,0.857142857142857,0.111111111111111,0.301587301587302,0.198412698412698,0.841269841269841,0.515873015873016,0.0317460317460317,0.23015873015873,0.571428571428571,0.341269841269841,0.111111111111111,0.452380952380952,0.777777777777778,0,0.388888888888889,0.325396825396825,0.119047619047619,0.0396825396825397,0.912698412698413,0.984126984126984,0.626984126984127,0.380952380952381,0.936507936507937,0.142857142857143,0.126984126984127,0.134920634920635,0.706349206349206,0.825396825396825,0.5,0.873015873015873,0.476190476190476
0.246031746031746,0.547619047619048,0.26984126984127,0.849206349206349,0.642857142857143,0.23015873015873,0.380952380952381,0.23015873015873,0.444444444444444,0.222222222222222,0.5,0.658730158730159,0.674603174603175,0.166666666666667,1,0.0396825396825397,0.246031746031746,0.412698412698413,0.69047619047619,0.349206349206349,0.428571428571429,0.277777777777778,0.73015873015873,0.515873015873016,0.357142857142857,0.365079365079365,0.293650793650794,0.30952380952381,0.650793650793651,0.380952380952381,0.373015873015873,0.0634920634920635,0.642857142857143,0.936507936507937,0.611111111111111,0.714285714285714,0.206349206349206,0.777777777777778,0.0634920634920635,0.119047619047619,0.166666666666667,0.801587301587302,0.261904761904762,0.777777777777778,0.952380952380952,0.30952380952381,0.912698412698413,0.0238095238095238,0.198412698412698,0.0158730158730159,0.658730158730159,0.103174603174603,0.642857142857143,0.587301587301587,0.119047619047619,0.571428571428571,0.873015873015873,0.912698412698413,0.150793650793651
0.182539682539683,0.976190476190476,0.349206349206349,0.261904761904762,0.698412698412698,0,0.0634920634920635,0.833333333333333,0.158730158730159,0.380952380952381,0.484126984126984,0.80952380952381,0.69047619047619,0.571428571428571,0.626984126984127,0.150793650793651,0.325396825396825,0.73015873015873,0.341269841269841,0.825396825396825,0.666666666666667,0.777777777777778,0.253968253968254,0.571428571428571,0.0634920634920635,0.555555555555556,0.134920634920635,0.0476190476190476,0.5,0.69047619047619,0.849206349206349,0.722222222222222,0.69047619047619,0.841269841269841,0.563492063492063,0.666666666666667,0.706349206349206,0.0158730158730159,0.698412698412698,0.222222222222222,0.246031746031746,0.476190476190476,0.73015873015873,0.150793650793651,0.849206349206349,0.658730158730159,0.849206349206349,0.0317460317460317,0.349206349206349,0.507936507936508,0.0793650793650794,0.428571428571429,0.992063492063492,0.388888888888889,0.436507936507937,0.706349206349206,0.793650793650794,0.682539682539683,0.246031746031746
0.53968253968254,0.817460317460317,0.706349206349206,0.714285714285714,0.714285714285714,0.380952380952381,0.849206349206349,0.301587301587302,0.603174603174603,0.0238095238095238,0.619047619047619,0.0158730158730159,0.928571428571429,0.285714285714286,0.436507936507937,0.119047619047619,0.984126984126984,0.817460317460317,0.896825396825397,0.261904761904762,0.182539682539683,0.0238095238095238,0.158730158730159,0.53968253968254,0.396825396825397,0.833333333333333,0.873015873015873,0.126984126984127,0.674603174603175,0.349206349206349,0.373015873015873,0.571428571428571,0.30952380952381,0.896825396825397,0.817460317460317,0.73015873015873,0.849206349206349,0.920634920634921,0.111111111111111,0.388888888888889,0.277777777777778,0.301587301587302,0.214285714285714,0.23015873015873,0.777777777777778,0.476190476190476,0.976190476190476,0.452380952380952,0.873015873015873,0.888888888888889,0.619047619047619,0.404761904761905,0.373015873015873,0.301587301587302,0.722222222222222,0.936507936507937,0.238095238095238,0.150793650793651,0.261904761904762
0.650793650793651,0.674603174603175,0.0238095238095238,0.698412698412698,0.912698412698413,0.849206349206349,0.238095238095238,0.26984126984127,0.0873015873015873,0.0952380952380952,0.301587301587302,0.5,0,0.365079365079365,0.96031746031746,0.174603174603175,0.984126984126984,0.658730158730159,0.0238095238095238,0.452380952380952,0.484126984126984,0.650793650793651,0.753968253968254,0.912698412698413,0.76984126984127,0.0714285714285714,0.634920634920635,0.944444444444444,0.714285714285714,0.150793650793651,0.587301587301587,0.0158730158730159,0.261904761904762,0.626984126984127,0.365079365079365,0.849206349206349,0.785714285714286,0.341269841269841,0.992063492063492,0.492063492063492,0.626984126984127,0.26984126984127,0.26984126984127,0.555555555555556,0.904761904761905,0.634920634920635,0.222222222222222,0.476190476190476,0.0317460317460317,0.484126984126984,0.920634920634921,0.73015873015873,0.134920634920635,0.26984126984127,0.53968253968254,0.841269841269841,0.992063492063492,0.333333333333333,0.412698412698413
0.261904761904762,0.436507936507937,0.428571428571429,0.53968253968254,0.547619047619048,1,0.801587301587302,0.253968253968254,0.214285714285714,0.595238095238095,0.976190476190476,0.301587301587302,0.761904761904762,0.333333333333333,0.468253968253968,0.103174603174603,0.69047619047619,0.0634920634920635,0.801587301587302,0.468253968253968,0.507936507936508,0.80952380952381,0.436507936507937,0.666666666666667,0.476190476190476,0.984126984126984,0.46031746031746,0.746031746031746,0.23015873015873,0.436507936507937,0.00793650793650794,0.936507936507937,0.587301587301587,0.571428571428571,0.992063492063492,0.174603174603175,0.166666666666667,0.428571428571429,0.357142857142857,0.873015873015873,0.476190476190476,0.880952380952381,0.849206349206349,0.365079365079365,0.0952380952380952,0.650793650793651,0.746031746031746,0.174603174603175,0.26984126984127,0.761904761904762,0.293650793650794,0.634920634920635,0.753968253968254,0.30952380952381,0.904761904761905,0.103174603174603,0.96031746031746,0.912698412698413,0.317460317460317
0.26984126984127,0.30952380952381,0.484126984126984,0.0555555555555556,0.373015873015873,0.0317460317460317,0.658730158730159,0.0714285714285714,0.23015873015873,0.873015873015873,0.698412698412698,0.380952380952381,0.420634920634921,0.484126984126984,0.158730158730159,0.182539682539683,0.833333333333333,0.944444444444444,0.0873015873015873,0.0793650793650794,0.865079365079365,0.5,0.261904761904762,0.626984126984127,0.357142857142857,0.301587301587302,0.0793650793650794,0.412698412698413,0.404761904761905,0.841269841269841,0.388888888888889,0.111111111111111,0.515873015873016,0.365079365079365,0.238095238095238,0.253968253968254,0.492063492063492,0.976190476190476,0.619047619047619,0.30952380952381,0.555555555555556,0.238095238095238,0.285714285714286,0.0952380952380952,0.0873015873015873,0.619047619047619,0.301587301587302,0.484126984126984,0.53968253968254,0.0317460317460317,0.642857142857143,0.793650793650794,0.587301587301587,0.436507936507937,0.166666666666667,0.238095238095238,0.23015873015873,0.857142857142857,0.261904761904762
0.76984126984127,0.103174603174603,0.873015873015873,0,0.0396825396825397,0.380952380952381,0.571428571428571,0.531746031746032,0.420634920634921,0.206349206349206,0.373015873015873,0.5,0.142857142857143,0.515873015873016,0.793650793650794,0.253968253968254,0.904761904761905,0.452380952380952,0.277777777777778,0.277777777777778,0.666666666666667,0.174603174603175,0.611111111111111,0.380952380952381,0.80952380952381,0.952380952380952,0.373015873015873,0.714285714285714,0.484126984126984,0.142857142857143,0.880952380952381,0.134920634920635,0.714285714285714,0.880952380952381,0.0714285714285714,0.134920634920635,0.0714285714285714,0.00793650793650794,0.0396825396825397,0.476190476190476,0.579365079365079,0.634920634920635,0.984126984126984,0,0.547619047619048,0.325396825396825,0.452380952380952,0.404761904761905,0.246031746031746,0.253968253968254,0.658730158730159,0.468253968253968,0.484126984126984,0.00793650793650794,0.865079365079365,0.547619047619048,0.492063492063492,0.658730158730159,0.357142857142857
0.547619047619048,0.920634920634921,0.53968253968254,0.944444444444444,0.579365079365079,0.785714285714286,0.396825396825397,0.0317460317460317,0.753968253968254,0.246031746031746,0.825396825396825,0.777777777777778,0.325396825396825,0.571428571428571,0.0317460317460317,0.0555555555555556,0.388888888888889,0.936507936507937,0.253968253968254,0.634920634920635,0.746031746031746,0.436507936507937,0.873015873015873,0.984126984126984,0.373015873015873,0.317460317460317,0.325396825396825,0.793650793650794,0.206349206349206,0.214285714285714,0.682539682539683,0.642857142857143,0.126984126984127,0.484126984126984,0.484126984126984,0.484126984126984,0.206349206349206,0.484126984126984,0.0793650793650794,0.563492063492063,0.0396825396825397,0.841269841269841,1,0.658730158730159,0.904761904761905,0.76984126984127,0.579365079365079,0.73015873015873,0.825396825396825,0.801587301587302,0.76984126984127,0.333333333333333,0.904761904761905,0.103174603174603,0.0158730158730159,0.119047619047619,0.666666666666667,0.928571428571429,0.634920634920635
0.396825396825397,0.523809523809524,0.412698412698413,0.738095238095238,0.738095238095238,0.595238095238095,0.76984126984127,0.222222222222222,0.801587301587302,0.246031746031746,0.785714285714286,0.587301587301587,0.555555555555556,0.341269841269841,0.420634920634921,0.976190476190476,0.952380952380952,0.531746031746032,0.880952380952381,0.666666666666667,0.428571428571429,0.396825396825397,0.674603174603175,0.753968253968254,0.26984126984127,0.0873015873015873,0.111111111111111,0.285714285714286,0.158730158730159,0.285714285714286,0.261904761904762,0.158730158730159,0.103174603174603,0.444444444444444,1,0.650793650793651,0.761904761904762,0.547619047619048,0.333333333333333,0.936507936507937,0.928571428571429,0.968253968253968,0.674603174603175,0.0396825396825397,0.833333333333333,0.00793650793650794,0.26984126984127,0.595238095238095,0.214285714285714,0.968253968253968,0.888888888888889,0.46031746031746,0.880952380952381,0.0476190476190476,0.222222222222222,0.46031746031746,0.253968253968254,0.452380952380952,0.80952380952381
0.825396825396825,0.492063492063492,0.912698412698413,0.507936507936508,0.285714285714286,0.293650793650794,0.563492063492063,0.968253968253968,0.698412698412698,0.785714285714286,0.0238095238095238,0.547619047619048,0.0793650793650794,0.968253968253968,0.603174603174603,0.896825396825397,0.857142857142857,0.198412698412698,0.619047619047619,0.936507936507937,0.928571428571429,0.317460317460317,1,0.214285714285714,0.0476190476190476,0.380952380952381,0.349206349206349,0.80952380952381,0.428571428571429,0.587301587301587,0.0714285714285714,0.626984126984127,0.952380952380952,0.579365079365079,0.253968253968254,0.761904761904762,0.333333333333333,0.833333333333333,0.658730158730159,0.134920634920635,0.523809523809524,0.761904761904762,0.523809523809524,0.0634920634920635,0.698412698412698,0.349206349206349,0.865079365079365,0.380952380952381,0.357142857142857,0.166666666666667,0.642857142857143,0.761904761904762,0.619047619047619,0.0476190476190476,0.920634920634921,0.992063492063492,0.119047619047619,0.507936507936508,0.380952380952381
0.555555555555556,0.865079365079365,0.793650793650794,0.46031746031746,0.825396825396825,0.444444444444444,0.904761904761905,0.253968253968254,0.785714285714286,0.365079365079365,0.619047619047619,0.714285714285714,0.984126984126984,0.666666666666667,0.674603174603175,0.357142857142857,0.420634920634921,0.666666666666667,0.380952380952381,0.30952380952381,0.952380952380952,0.119047619047619,0.476190476190476,0.523809523809524,1,0.531746031746032,0.698412698412698,0,0.698412698412698,0.706349206349206,0.388888888888889,0.714285714285714,0.396825396825397,0.492063492063492,0.23015873015873,0.00793650793650794,0.976190476190476,0.341269841269841,0.817460317460317,0.349206349206349,0.373015873015873,0.222222222222222,0.523809523809524,0.0317460317460317,0.0714285714285714,0.412698412698413,0.365079365079365,0.396825396825397,0.952380952380952,0.587301587301587,1,0,0.5,0.928571428571429,0.642857142857143,0.738095238095238,0.69047619047619,0.166666666666667,0.944444444444444
0.00793650793650794,0.753968253968254,0.388888888888889,0.0952380952380952,0.952380952380952,0.341269841269841,0.857142857142857,0.373015873015873,0.317460317460317,0.706349206349206,0.436507936507937,1,0.357142857142857,0.150793650793651,0.333333333333333,0.206349206349206,0.912698412698413,0.333333333333333,0.119047619047619,0.777777777777778,0.944444444444444,0.968253968253968,0.714285714285714,0.134920634920635,0.373015873015873,0.0317460317460317,0.761904761904762,0.126984126984127,0.182539682539683,0.357142857142857,0.111111111111111,0.23015873015873,0.0238095238095238,0.611111111111111,0.388888888888889,0.261904761904762,0.738095238095238,0.761904761904762,0.69047619047619,0.912698412698413,0.873015873015873,0.801587301587302,0.531746031746032,0.603174603174603,0.722222222222222,0.103174603174603,0.888888888888889,0.198412698412698,0.484126984126984,0.865079365079365,0.80952380952381,0.285714285714286,0.444444444444444,0.555555555555556,0.373015873015873,0.801587301587302,0.595238095238095,0.626984126984127,0.174603174603175
0.119047619047619,0.357142857142857,0.436507936507937,0.0634920634920635,0.896825396825397,0.761904761904762,0.722222222222222,0.0952380952380952,0.182539682539683,0.126984126984127,0.103174603174603,0.880952380952381,0.80952380952381,0.976190476190476,0.515873015873016,0.198412698412698,0.00793650793650794,0.174603174603175,0.968253968253968,0.738095238095238,0.0873015873015873,0.777777777777778,0.619047619047619,0.96031746031746,0.880952380952381,0.777777777777778,0.182539682539683,0.182539682539683,0.928571428571429,0.753968253968254,0.317460317460317,0.0158730158730159,0.388888888888889,0.0238095238095238,0.555555555555556,0.714285714285714,0.761904761904762,0.920634920634921,0.404761904761905,0.341269841269841,0.452380952380952,0.531746031746032,0.865079365079365,0.261904761904762,0.547619047619048,0.984126984126984,0.0238095238095238,0.341269841269841,0.23015873015873,0.317460317460317,0.357142857142857,0.611111111111111,0.0634920634920635,0.833333333333333,0.611111111111111,0.261904761904762,0.53968253968254,0.928571428571429,0.849206349206349
0.912698412698413,0.285714285714286,0.912698412698413,0.126984126984127,0.587301587301587,0.825396825396825,0.0714285714285714,0.619047619047619,0.285714285714286,0.285714285714286,0.26984126984127,0.603174603174603,0.0317460317460317,0.69047619047619,0,0.531746031746032,0.920634920634921,0.738095238095238,0.0793650793650794,0.246031746031746,0.301587301587302,0.761904761904762,0.968253968253968,0.634920634920635,0.46031746031746,0.134920634920635,0.642857142857143,0.349206349206349,0.158730158730159,0.944444444444444,0.571428571428571,0.976190476190476,0.896825396825397,0.992063492063492,0.476190476190476,0.388888888888889,0.436507936507937,0.253968253968254,0,0.896825396825397,0.468253968253968,0.420634920634921,0.642857142857143,0.428571428571429,0.587301587301587,0.722222222222222,0.952380952380952,0,0.920634920634921,0.746031746031746,0.222222222222222,0.753968253968254,0,0.849206349206349,0.293650793650794,0.5,0.952380952380952,0.976190476190476,0.349206349206349
0.492063492063492,0.420634920634921,0.992063492063492,0.888888888888889,0.984126984126984,0.444444444444444,0.166666666666667,0.920634920634921,0.722222222222222,0.579365079365079,0.920634920634921,0.785714285714286,0.825396825396825,0.865079365079365,0.944444444444444,1,0.674603174603175,0.587301587301587,0.19047619047619,0.198412698412698,0.0476190476190476,0.53968253968254,0.53968253968254,0.555555555555556,0.507936507936508,1,0.793650793650794,0.76984126984127,0.412698412698413,0.849206349206349,0.357142857142857,0.325396825396825,0.753968253968254,0.373015873015873,0.365079365079365,0.658730158730159,0.365079365079365,0.833333333333333,0.722222222222222,0.992063492063492,0.126984126984127,0.857142857142857,0.253968253968254,0.833333333333333,0.753968253968254,0.0714285714285714,0.0873015873015873,0.626984126984127,0.746031746031746,0.888888888888889,0.5,0.238095238095238,0.833333333333333,0.674603174603175,0.746031746031746,0.492063492063492,0.174603174603175,0.944444444444444,0.634920634920635
0.746031746031746,0.365079365079365,0.888888888888889,0.658730158730159,0.76984126984127,0.865079365079365,0.436507936507937,0.261904761904762,0.277777777777778,0.634920634920635,0.666666666666667,0.507936507936508,0.634920634920635,0.76984126984127,0.365079365079365,0.634920634920635,0.992063492063492,0.388888888888889,0.0714285714285714,0.523809523809524,0.531746031746032,0.976190476190476,0.182539682539683,0.333333333333333,0.626984126984127,0.365079365079365,0.198412698412698,0.912698412698413,0.0793650793650794,0.214285714285714,0.674603174603175,0.761904761904762,0.19047619047619,0.150793650793651,0.880952380952381,0.817460317460317,0.00793650793650794,0.674603174603175,0.158730158730159,0.0158730158730159,0.603174603174603,0.468253968253968,0.293650793650794,0.0238095238095238,0.682539682539683,0.428571428571429,0.150793650793651,0.666666666666667,0.634920634920635,0.103174603174603,0.380952380952381,0.23015873015873,0.206349206349206,0.952380952380952,0.0952380952380952,0.0396825396825397,0.119047619047619,0.738095238095238,0.936507936507937
0.579365079365079,0,0.349206349206349,0.579365079365079,0.0793650793650794,0.30952380952381,0.777777777777778,0.841269841269841,0.222222222222222,0.492063492063492,0.198412698412698,0.888888888888889,0.277777777777778,0.404761904761905,0.142857142857143,0.714285714285714,0.357142857142857,0.523809523809524,0.746031746031746,0.603174603174603,0.396825396825397,0.801587301587302,0.777777777777778,0.873015873015873,0.753968253968254,0.0555555555555556,0.896825396825397,0.619047619047619,0.150793650793651,0.674603174603175,0.904761904761905,0.666666666666667,0.523809523809524,0.69047619047619,0.857142857142857,0.984126984126984,0.436507936507937,0.896825396825397,0.0793650793650794,0.817460317460317,0.126984126984127,0.492063492063492,0.746031746031746,0.880952380952381,0.619047619047619,0.626984126984127,0.0396825396825397,0.722222222222222,0.952380952380952,0.603174603174603,0.0158730158730159,0.103174603174603,0.0634920634920635,0.119047619047619,0.206349206349206,0.277777777777778,0.396825396825397,0.69047619047619,0.333333333333333
0.134920634920635,0.80952380952381,0,0.111111111111111,0.873015873015873,0.611111111111111,0.682539682539683,0.873015873015873,0.611111111111111,0.96031746031746,0.0396825396825397,0.619047619047619,0.404761904761905,0.46031746031746,0.0555555555555556,0.912698412698413,0.00793650793650794,0.968253968253968,0.920634920634921,0.920634920634921,0.0476190476190476,0.277777777777778,0.182539682539683,0.00793650793650794,0.0317460317460317,0.952380952380952,0.349206349206349,0.865079365079365,0.515873015873016,0.412698412698413,0.150793650793651,0.174603174603175,0.0793650793650794,0.174603174603175,0.00793650793650794,0.0555555555555556,0.817460317460317,0.968253968253968,0.555555555555556,0.825396825396825,0.666666666666667,0.126984126984127,0.611111111111111,0.174603174603175,0.515873015873016,0.53968253968254,1,0.301587301587302,0.452380952380952,0.555555555555556,0.0476190476190476,0.396825396825397,0.880952380952381,0.595238095238095,0.476190476190476,0.0238095238095238,0.23015873015873,0.579365079365079,0.555555555555556
0.365079365079365,0.0317460317460317,0.0317460317460317,0.0476190476190476,0.142857142857143,0.142857142857143,0.571428571428571,0.73015873015873,0.896825396825397,0.865079365079365,0.849206349206349,0.571428571428571,0.293650793650794,0.896825396825397,0.849206349206349,0.928571428571429,0.595238095238095,0.80952380952381,0.26984126984127,0.666666666666667,0.111111111111111,0.19047619047619,0.0952380952380952,0.698412698412698,0.333333333333333,0.920634920634921,0.595238095238095,0.666666666666667,0.0158730158730159,0.182539682539683,0.285714285714286,0.785714285714286,0.865079365079365,0.174603174603175,0.0476190476190476,0.19047619047619,0.896825396825397,0.595238095238095,0.833333333333333,0.69047619047619,0.253968253968254,0.26984126984127,0.531746031746032,0.396825396825397,0.682539682539683,0.0476190476190476,0.523809523809524,0.484126984126984,0.174603174603175,0.0476190476190476,0.825396825396825,0.753968253968254,0.0555555555555556,0.817460317460317,0.46031746031746,0.388888888888889,0.841269841269841,0,0.761904761904762
0.412698412698413,0.111111111111111,0.603174603174603,0.587301587301587,0.420634920634921,0.944444444444444,0.880952380952381,1,0.0476190476190476,0.0634920634920635,0.555555555555556,0,0.698412698412698,0.833333333333333,0.658730158730159,0.547619047619048,0.46031746031746,0.150793650793651,0.436507936507937,0.206349206349206,0.547619047619048,0.349206349206349,0.238095238095238,0.222222222222222,0.833333333333333,0.166666666666667,0.666666666666667,0.0714285714285714,0.46031746031746,0.388888888888889,0.428571428571429,0.341269841269841,0.0634920634920635,0.412698412698413,0.73015873015873,0.865079365079365,0.658730158730159,0.373015873015873,0.261904761904762,0.214285714285714,0.833333333333333,0.579365079365079,0.547619047619048,1,0.492063492063492,0.206349206349206,0.222222222222222,0.0238095238095238,0.738095238095238,0.126984126984127,0.468253968253968,0.944444444444444,0.0476190476190476,0.650793650793651,0.0396825396825397,0.642857142857143,0.952380952380952,0.293650793650794,0.174603174603175
0.484126984126984,0.492063492063492,0.0952380952380952,0.198412698412698,0.396825396825397,0.96031746031746,0.238095238095238,0.801587301587302,0.277777777777778,0.80952380952381,0.698412698412698,0.341269841269841,0.492063492063492,0.198412698412698,0.00793650793650794,0.317460317460317,0.357142857142857,0.992063492063492,0.119047619047619,0.380952380952381,0.595238095238095,0.396825396825397,0.611111111111111,0.714285714285714,0.253968253968254,0.611111111111111,0.80952380952381,0.968253968253968,0.626984126984127,0.650793650793651,0.76984126984127,0.880952380952381,0.904761904761905,0.484126984126984,0.5,0.944444444444444,0.96031746031746,0.579365079365079,0.555555555555556,0.992063492063492,0.0873015873015873,0.80952380952381,0.0793650793650794,0.46031746031746,0.865079365079365,0.492063492063492,0.388888888888889,0.174603174603175,0.603174603174603,0.0158730158730159,0.436507936507937,0.261904761904762,0.746031746031746,0.333333333333333,0.738095238095238,0.896825396825397,0.865079365079365,0.865079365079365,0.761904761904762
0.293650793650794,0.174603174603175,0.619047619047619,0.753968253968254,0.182539682539683,0.134920634920635,0.53968253968254,0.0714285714285714,0.896825396825397,0.492063492063492,0.119047619047619,0.00793650793650794,0.0714285714285714,0.571428571428571,0.674603174603175,0.19047619047619,0.0476190476190476,0.873015873015873,0.634920634920635,0.547619047619048,0.555555555555556,0.634920634920635,0.436507936507937,0.928571428571429,0.428571428571429,0.69047619047619,0.738095238095238,0.00793650793650794,0.515873015873016,0.793650793650794,0.76984126984127,0.0396825396825397,0.142857142857143,0.198412698412698,0.936507936507937,0.722222222222222,0.595238095238095,0.103174603174603,0,0.595238095238095,0.444444444444444,0.706349206349206,0.444444444444444,0.777777777777778,0.666666666666667,0.857142857142857,0.206349206349206,0.841269841269841,0.801587301587302,0.222222222222222,0.325396825396825,0.198412698412698,0.293650793650794,0.373015873015873,0.936507936507937,0.476190476190476,0.746031746031746,0.674603174603175,0.198412698412698
0.825396825396825,0.984126984126984,0.944444444444444,0.944444444444444,0.634920634920635,0.349206349206349,0.857142857142857,0.420634920634921,0.507936507936508,0.73015873015873,0.984126984126984,0.587301587301587,0.341269841269841,0.746031746031746,0.293650793650794,0.484126984126984,0.706349206349206,0.904761904761905,0.349206349206349,0.158730158730159,0.801587301587302,0.674603174603175,0.0555555555555556,0.261904761904762,0.126984126984127,0.865079365079365,0.642857142857143,0.253968253968254,0.658730158730159,0.0634920634920635,0.761904761904762,0.261904761904762,0.0317460317460317,0.674603174603175,0.658730158730159,0.00793650793650794,0.198412698412698,0.896825396825397,0.23015873015873,0.698412698412698,0.563492063492063,0.634920634920635,0.476190476190476,0.912698412698413,0.285714285714286,0.968253968253968,0.793650793650794,0.928571428571429,0.904761904761905,0.984126984126984,0.992063492063492,0.150793650793651,0.412698412698413,0.833333333333333,0.833333333333333,0.849206349206349,0.26984126984127,0.73015873015873,0.0476190476190476
0.388888888888889,0.46031746031746,0.841269841269841,0.0634920634920635,0.992063492063492,0.896825396825397,0.222222222222222,0.738095238095238,0.96031746031746,0.69047619047619,0.817460317460317,0.134920634920635,0.214285714285714,0.674603174603175,0.103174603174603,0.134920634920635,0.404761904761905,0.825396825396825,0.80952380952381,0.896825396825397,0,0.285714285714286,0.865079365079365,0.341269841269841,0.198412698412698,0.468253968253968,0.873015873015873,0.642857142857143,0.404761904761905,0.944444444444444,0.976190476190476,0.0793650793650794,0.833333333333333,0.984126984126984,0.182539682539683,0.00793650793650794,0.642857142857143,0.650793650793651,0.476190476190476,0.507936507936508,0.26984126984127,0.611111111111111,0.357142857142857,0.222222222222222,0.373015873015873,0.865079365079365,0.738095238095238,0.976190476190476,0.579365079365079,0,0.80952380952381,0.476190476190476,0.452380952380952,0.00793650793650794,0.103174603174603,0.0952380952380952,0.579365079365079,0.198412698412698,0.246031746031746
0.920634920634921,0.0476190476190476,0.738095238095238,0.634920634920635,0.531746031746032,0.706349206349206,0.365079365079365,0.682539682539683,0.849206349206349,0.777777777777778,0.785714285714286,0.841269841269841,0.626984126984127,0.523809523809524,0.976190476190476,0.428571428571429,0.849206349206349,0.5,0.682539682539683,0.984126984126984,0.23015873015873,0.936507936507937,0.753968253968254,0.468253968253968,0.706349206349206,0.420634920634921,0.126984126984127,0.484126984126984,0.880952380952381,0.992063492063492,0.984126984126984,0.0238095238095238,0.476190476190476,0.246031746031746,0.682539682539683,0.0793650793650794,0.277777777777778,0.936507936507937,1,0.253968253968254,0.365079365079365,0.904761904761905,0.515873015873016,0.849206349206349,0.0238095238095238,0.69047619047619,0.849206349206349,0.952380952380952,0.19047619047619,0.119047619047619,0.253968253968254,0.722222222222222,0.23015873015873,0.174603174603175,0.373015873015873,0.19047619047619,0.841269841269841,0.761904761904762,0.0238095238095238
0.507936507936508,0.301587301587302,0.761904761904762,0.817460317460317,0.222222222222222,0.476190476190476,0.968253968253968,0.698412698412698,0.547619047619048,0.30952380952381,0.0158730158730159,0.579365079365079,0.746031746031746,0.333333333333333,0.619047619047619,0.0158730158730159,0.896825396825397,0.388888888888889,0.936507936507937,0.579365079365079,0.0793650793650794,0.0555555555555556,0.150793650793651,0.206349206349206,0.53968253968254,0.674603174603175,0.444444444444444,0.666666666666667,0.595238095238095,0.126984126984127,0.587301587301587,0.5,0.333333333333333,0.547619047619048,0.920634920634921,0.674603174603175,0.96031746031746,0.452380952380952,0.571428571428571,0,0.444444444444444,0.634920634920635,0.603174603174603,0.0873015873015873,0.857142857142857,0.658730158730159,0.404761904761905,0.571428571428571,0.222222222222222,0.738095238095238,0.547619047619048,0.896825396825397,0.825396825396825,0.23015873015873,0.857142857142857,0.968253968253968,0.73015873015873,0.0476190476190476,0.817460317460317
0.753968253968254,0.753968253968254,0.825396825396825,0.142857142857143,0.373015873015873,0.753968253968254,0.896825396825397,0.0476190476190476,0.428571428571429,0.388888888888889,0.388888888888889,0.198412698412698,0.952380952380952,0.857142857142857,0.365079365079365,0.73015873015873,0.952380952380952,0.817460317460317,0.714285714285714,0,0.674603174603175,0.214285714285714,0.833333333333333,0.396825396825397,0.817460317460317,0.23015873015873,0.714285714285714,0.928571428571429,0.373015873015873,1,0.0873015873015873,0.841269841269841,0.888888888888889,0.174603174603175,0.714285714285714,0.293650793650794,0.174603174603175,0.777777777777778,0.746031746031746,0.80952380952381,0.833333333333333,0.198412698412698,0.222222222222222,0.373015873015873,0.944444444444444,0.238095238095238,0.531746031746032,0.777777777777778,0.785714285714286,0.158730158730159,0.0555555555555556,0.452380952380952,0.00793650793650794,0.46031746031746,0.341269841269841,0.150793650793651,0.69047619047619,0.523809523809524,0.103174603174603
0.0555555555555556,0.992063492063492,0.492063492063492,0.793650793650794,0.515873015873016,0.793650793650794,0.753968253968254,0.865079365079365,0.984126984126984,0.333333333333333,0.468253968253968,0.666666666666667,0.920634920634921,0.793650793650794,0.896825396825397,0.380952380952381,0.0793650793650794,0.174603174603175,0.174603174603175,0.698412698412698,0.849206349206349,0.246031746031746,0.555555555555556,0.198412698412698,0.373015873015873,0.357142857142857,0.428571428571429,0.753968253968254,0.420634920634921,0.841269841269841,0.920634920634921,0.404761904761905,0.238095238095238,0.515873015873016,0.293650793650794,0.801587301587302,0.785714285714286,0.523809523809524,0.587301587301587,0.261904761904762,1,0.0158730158730159,0.174603174603175,0.126984126984127,0.261904761904762,0.333333333333333,0.253968253968254,0.976190476190476,0.436507936507937,0.785714285714286,0.396825396825397,0,0.682539682539683,0.214285714285714,0.825396825396825,0.976190476190476,0.698412698412698,0.563492063492063,0.00793650793650794
0.0317460317460317,0.103174603174603,0.404761904761905,0.547619047619048,0.420634920634921,0.00793650793650794,0.134920634920635,0.0634920634920635,0.134920634920635,0.0396825396825397,0.76984126984127,0.0634920634920635,0.825396825396825,0.246031746031746,0.0714285714285714,0.158730158730159,0.380952380952381,0.103174603174603,0.817460317460317,0.531746031746032,0.166666666666667,0.611111111111111,0.912698412698413,0.0714285714285714,0.73015873015873,0.801587301587302,0.357142857142857,0.5,0.0396825396825397,0.436507936507937,0.444444444444444,0.119047619047619,0.96031746031746,0.420634920634921,0.722222222222222,0.396825396825397,0.396825396825397,0.650793650793651,0.642857142857143,0.142857142857143,0.420634920634921,0.492063492063492,0.698412698412698,0.452380952380952,0.182539682539683,0.0238095238095238,0.365079365079365,0.753968253968254,0.126984126984127,0.277777777777778,0.0793650793650794,0.317460317460317,0.642857142857143,0.801587301587302,0.222222222222222,0.611111111111111,0.206349206349206,0.476190476190476,0.555555555555556
0.103174603174603,0.341269841269841,0.579365079365079,0.0476190476190476,0.301587301587302,0.682539682539683,0.166666666666667,0.595238095238095,0.317460317460317,0.825396825396825,1,0.674603174603175,0.563492063492063,0.365079365079365,0.579365079365079,0.293650793650794,0.968253968253968,0.00793650793650794,0.746031746031746,0.476190476190476,0.373015873015873,0.0476190476190476,0.992063492063492,0.944444444444444,0.896825396825397,0.30952380952381,0.801587301587302,0.952380952380952,0.76984126984127,0.142857142857143,0.76984126984127,0.920634920634921,0.19047619047619,0.920634920634921,0.865079365079365,0.650793650793651,0.468253968253968,0.952380952380952,1,0.857142857142857,0.206349206349206,0.444444444444444,0.158730158730159,0.865079365079365,0.515873015873016,0.380952380952381,0.365079365079365,0.436507936507937,0.547619047619048,0.658730158730159,0.23015873015873,0.0714285714285714,0.76984126984127,0.833333333333333,0.515873015873016,0.563492063492063,0.912698412698413,0.126984126984127,0.722222222222222
0.587301587301587,0.253968253968254,0.888888888888889,0.706349206349206,0.333333333333333,0.182539682539683,0.293650793650794,0.26984126984127,1,0.722222222222222,0.23015873015873,0.53968253968254,0.404761904761905,0.476190476190476,0.619047619047619,0.992063492063492,0.142857142857143,0.944444444444444,0.365079365079365,0.952380952380952,0.619047619047619,0.984126984126984,0.698412698412698,0.238095238095238,0.746031746031746,0.936507936507937,0.484126984126984,0.436507936507937,0.873015873015873,0.785714285714286,0.0238095238095238,0.634920634920635,0.857142857142857,0.111111111111111,0.396825396825397,0.182539682539683,0.174603174603175,0.793650793650794,0.952380952380952,0.166666666666667,1,0.587301587301587,0.801587301587302,0.873015873015873,0.428571428571429,0.174603174603175,0.277777777777778,0.563492063492063,0.698412698412698,0.888888888888889,0.96031746031746,0.0952380952380952,0.214285714285714,0.912698412698413,0.968253968253968,0.420634920634921,0.650793650793651,0.801587301587302,0.571428571428571
0.880952380952381,0.904761904761905,0.214285714285714,0.801587301587302,0.0238095238095238,0.412698412698413,0.19047619047619,0.801587301587302,0.984126984126984,0.0238095238095238,0.984126984126984,0.19047619047619,1,0.0476190476190476,0.722222222222222,0.761904761904762,0.365079365079365,0.785714285714286,0.484126984126984,0.333333333333333,0.563492063492063,0.0952380952380952,0.984126984126984,0.96031746031746,0.492063492063492,0.436507936507937,0.0238095238095238,0.793650793650794,0.373015873015873,0.5,0.0714285714285714,0.753968253968254,0.531746031746032,0.611111111111111,0.833333333333333,0.555555555555556,0.746031746031746,0.333333333333333,0.984126984126984,0.777777777777778,0.666666666666667,0.293650793650794,0.444444444444444,0.857142857142857,0.976190476190476,0.126984126984127,0.96031746031746,0.158730158730159,0.579365079365079,0.634920634920635,0.00793650793650794,0.753968253968254,0.0952380952380952,0.0317460317460317,0.507936507936508,0.952380952380952,0.476190476190476,0.00793650793650794,0.658730158730159
0.793650793650794,0.801587301587302,0.69047619047619,0.563492063492063,0.119047619047619,0.468253968253968,0.238095238095238,0.373015873015873,0.80952380952381,0.523809523809524,0.904761904761905,0.658730158730159,0.952380952380952,0.642857142857143,0.523809523809524,0.896825396825397,0.595238095238095,0.523809523809524,0.428571428571429,0.507936507936508,0.214285714285714,0.880952380952381,0.198412698412698,0.420634920634921,0.285714285714286,0.873015873015873,1,0.246031746031746,0.738095238095238,0.976190476190476,0.341269841269841,0.682539682539683,0.547619047619048,0.206349206349206,0.492063492063492,0.817460317460317,0.317460317460317,0.984126984126984,0.246031746031746,0.126984126984127,0.404761904761905,0.111111111111111,0.349206349206349,0.317460317460317,0.349206349206349,0.714285714285714,0.976190476190476,0.222222222222222,0.0714285714285714,0.0396825396825397,0.158730158730159,0.111111111111111,0,0.666666666666667,0.976190476190476,0.293650793650794,0.0555555555555556,0.928571428571429,0.0555555555555556
0.984126984126984,0.69047619047619,0.412698412698413,0.365079365079365,0.841269841269841,0.682539682539683,0.801587301587302,0.761904761904762,0.563492063492063,0.412698412698413,0.563492063492063,0.833333333333333,0.492063492063492,0.0158730158730159,0.833333333333333,0.968253968253968,0.5,0.833333333333333,0.277777777777778,0.761904761904762,0.817460317460317,0.380952380952381,0.896825396825397,0.293650793650794,0.722222222222222,0.0952380952380952,0.555555555555556,0.126984126984127,0.420634920634921,0.198412698412698,0.23015873015873,0.277777777777778,0.23015873015873,0.0555555555555556,0.563492063492063,0.301587301587302,0.174603174603175,0.222222222222222,0.817460317460317,0.0476190476190476,0.119047619047619,0.793650793650794,0.0952380952380952,0.476190476190476,0.69047619047619,0.214285714285714,0.825396825396825,0.817460317460317,0.944444444444444,0.69047619047619,0.785714285714286,0.833333333333333,0.698412698412698,0.611111111111111,0.531746031746032,0.753968253968254,0.103174603174603,0.388888888888889,0.619047619047619
0.0634920634920635,0.76984126984127,0.53968253968254,0.349206349206349,0.452380952380952,0.0555555555555556,0.412698412698413,0.96031746031746,0.444444444444444,0.825396825396825,0.166666666666667,0.492063492063492,0.865079365079365,0.896825396825397,0.912698412698413,0.595238095238095,0.26984126984127,0.420634920634921,0.404761904761905,0.952380952380952,0,0.515873015873016,0.785714285714286,0.412698412698413,0.0714285714285714,0.587301587301587,0.30952380952381,0.293650793650794,0.158730158730159,0.357142857142857,0.857142857142857,0.142857142857143,0.166666666666667,0.365079365079365,0.23015873015873,0.880952380952381,0.0396825396825397,0.674603174603175,0.920634920634921,0.976190476190476,0,0.984126984126984,0.0634920634920635,0.476190476190476,0.0317460317460317,0.253968253968254,0.698412698412698,0.341269841269841,0.317460317460317,0.738095238095238,0.0317460317460317,0.5,0.404761904761905,0.349206349206349,0.698412698412698,0.595238095238095,0.412698412698413,0.682539682539683,0.222222222222222
0.0396825396825397,0.182539682539683,0.650793650793651,0.833333333333333,0.793650793650794,0.984126984126984,0.333333333333333,0.825396825396825,0.0873015873015873,0.944444444444444,0.23015873015873,0.952380952380952,0.468253968253968,0.738095238095238,0.904761904761905,0.404761904761905,0.714285714285714,0.73015873015873,0.666666666666667,0.412698412698413,0.746031746031746,0.698412698412698,0.158730158730159,0.873015873015873,0.53968253968254,0.293650793650794,0.119047619047619,0.0714285714285714,0.96031746031746,0.706349206349206,0.150793650793651,0.753968253968254,0.698412698412698,0.46031746031746,0.626984126984127,0.46031746031746,0.182539682539683,0.293650793650794,0.682539682539683,0.714285714285714,0.801587301587302,0.563492063492063,0.857142857142857,0.817460317460317,0.349206349206349,0.753968253968254,0.0873015873015873,0.650793650793651,0.333333333333333,0.968253968253968,0.23015873015873,0.579365079365079,0.253968253968254,0.253968253968254,0.246031746031746,0.444444444444444,0.857142857142857,0.587301587301587,0.365079365079365
0.53968253968254,0.619047619047619,0.261904761904762,0.0238095238095238,0.468253968253968,0.761904761904762,0.825396825396825,0.198412698412698,0.69047619047619,0.30952380952381,0.23015873015873,0.317460317460317,0.69047619047619,0.0317460317460317,0.396825396825397,0.30952380952381,0.111111111111111,0.642857142857143,0.182539682539683,0.452380952380952,0.714285714285714,1,0.412698412698413,0.714285714285714,0.0317460317460317,0.865079365079365,0.619047619047619,0.198412698412698,0.198412698412698,0.238095238095238,0.904761904761905,0.53968253968254,0.476190476190476,0.0555555555555556,0.357142857142857,0,0.476190476190476,0.404761904761905,0.452380952380952,0.936507936507937,0.865079365079365,0.603174603174603,0.0714285714285714,0.404761904761905,0.888888888888889,0.944444444444444,0.174603174603175,0.841269841269841,0.753968253968254,0.198412698412698,0.103174603174603,0,0.801587301587302,0.920634920634921,0.992063492063492,0.952380952380952,0.0158730158730159,0.992063492063492,0.0714285714285714
0.158730158730159,0.206349206349206,0.984126984126984,0.698412698412698,0.468253968253968,0.365079365079365,0.182539682539683,0.30952380952381,0.888888888888889,0.722222222222222,0.5,0.920634920634921,0.30952380952381,0.420634920634921,0.222222222222222,0.0634920634920635,0.0476190476190476,0.0793650793650794,0.142857142857143,0.714285714285714,0.611111111111111,0.206349206349206,0.23015873015873,0.00793650793650794,0.555555555555556,0.761904761904762,0.928571428571429,0.857142857142857,0.238095238095238,0.841269841269841,0.698412698412698,0.69047619047619,0.595238095238095,0.952380952380952,0.0873015873015873,0.666666666666667,0.579365079365079,0.80952380952381,0.904761904761905,0.238095238095238,0.920634920634921,0.182539682539683,0.666666666666667,0.214285714285714,0.698412698412698,0.0714285714285714,0.880952380952381,0.293650793650794,0.484126984126984,0.587301587301587,0.388888888888889,0.634920634920635,0.650793650793651,0.706349206349206,0.722222222222222,0.166666666666667,0,0.468253968253968,0.452380952380952
0.801587301587302,0.0634920634920635,0.888888888888889,0.277777777777778,0.753968253968254,0.571428571428571,0.0396825396825397,0.158730158730159,0.634920634920635,0.19047619047619,0.992063492063492,0.0158730158730159,0.166666666666667,0.142857142857143,0.80952380952381,0.30952380952381,0.325396825396825,0.293650793650794,0.857142857142857,0.801587301587302,0.0238095238095238,0.285714285714286,0.936507936507937,0.134920634920635,0.785714285714286,0.920634920634921,0.253968253968254,0.253968253968254,0.246031746031746,0.00793650793650794,0.412698412698413,0.444444444444444,0.246031746031746,0.293650793650794,0.0952380952380952,0.76984126984127,0.158730158730159,0.222222222222222,0.658730158730159,1,0.126984126984127,0.69047619047619,0.555555555555556,0.0793650793650794,0.793650793650794,0.468253968253968,1,0.634920634920635,0.103174603174603,0.801587301587302,0.531746031746032,0.0158730158730159,0.976190476190476,0.206349206349206,0.944444444444444,0.515873015873016,0.142857142857143,0.103174603174603,0.53968253968254
0.928571428571429,0.198412698412698,0.857142857142857,0.341269841269841,0.968253968253968,0.96031746031746,0.206349206349206,0.317460317460317,0.73015873015873,0.904761904761905,0.19047619047619,0.365079365079365,0.603174603174603,0.992063492063492,0.928571428571429,0.833333333333333,0.126984126984127,0.928571428571429,0.0476190476190476,0.420634920634921,0.0396825396825397,0.484126984126984,0.134920634920635,0.666666666666667,0.206349206349206,0.833333333333333,0.888888888888889,0.793650793650794,0.611111111111111,0.317460317460317,0.992063492063492,0,0.5,0.746031746031746,0.865079365079365,0.388888888888889,0.111111111111111,0.0238095238095238,0.801587301587302,0.619047619047619,0.80952380952381,0.142857142857143,0.428571428571429,0.698412698412698,0.753968253968254,0.428571428571429,0.611111111111111,0.801587301587302,0.134920634920635,0.444444444444444,0.642857142857143,0.904761904761905,0.611111111111111,0.555555555555556,0.46031746031746,0.428571428571429,0.365079365079365,0.357142857142857,0.484126984126984
0.714285714285714,0,1,0.880952380952381,0.206349206349206,0.452380952380952,0.682539682539683,0.174603174603175,0.333333333333333,0.134920634920635,0.277777777777778,0.706349206349206,0.523809523809524,0.142857142857143,0.00793650793650794,0.0952380952380952,0.19047619047619,0.555555555555556,0.650793650793651,0.738095238095238,0.30952380952381,0.857142857142857,0.904761904761905,0.174603174603175,0.19047619047619,0.388888888888889,0.777777777777778,0.76984126984127,0.53968253968254,0.404761904761905,0.166666666666667,0.904761904761905,0.746031746031746,0.507936507936508,0.119047619047619,0.634920634920635,0.912698412698413,0.444444444444444,0.492063492063492,0.841269841269841,0.484126984126984,0.642857142857143,0.936507936507937,1,0.888888888888889,0.301587301587302,0.365079365079365,0.198412698412698,0.873015873015873,0.682539682539683,0.603174603174603,0.825396825396825,0.793650793650794,0.738095238095238,0.714285714285714,0.603174603174603,0.817460317460317,0.53968253968254,1
0.722222222222222,0.53968253968254,0.793650793650794,0.634920634920635,1,0.555555555555556,0.412698412698413,0.0317460317460317,0.563492063492063,0.547619047619048,0.833333333333333,0.428571428571429,0.380952380952381,0.579365079365079,0.595238095238095,0.904761904761905,0.619047619047619,0.738095238095238,0.738095238095238,0.103174603174603,0.119047619047619,0.603174603174603,0.634920634920635,0.928571428571429,0.666666666666667,0.880952380952381,0.476190476190476,0.468253968253968,0.80952380952381,0.531746031746032,0.174603174603175,0.992063492063492,0.595238095238095,0.46031746031746,0.0317460317460317,0.206349206349206,0.952380952380952,0.492063492063492,0.865079365079365,0.912698412698413,0.515873015873016,0.365079365079365,0.912698412698413,0.261904761904762,0.76984126984127,0.833333333333333,0.793650793650794,0.222222222222222,0,0.849206349206349,0.888888888888889,0.373015873015873,0.0476190476190476,0.825396825396825,0.277777777777778,0.357142857142857,0.611111111111111,0.301587301587302,0.952380952380952
0.928571428571429,0.928571428571429,0.158730158730159,0.841269841269841,0.857142857142857,0.912698412698413,0.976190476190476,0.746031746031746,0.388888888888889,0.0238095238095238,0.698412698412698,0.277777777777778,0.626984126984127,0.722222222222222,0.46031746031746,0.253968253968254,0.682539682539683,0.642857142857143,0.19047619047619,0.0714285714285714,0.73015873015873,0.841269841269841,0.880952380952381,0.119047619047619,0.412698412698413,0.119047619047619,0.420634920634921,0.547619047619048,0.746031746031746,0.888888888888889,0.0396825396825397,0.920634920634921,0.246031746031746,0.793650793650794,0.261904761904762,0.404761904761905,0.674603174603175,0.777777777777778,0.920634920634921,0,0.53968253968254,0.0634920634920635,0.492063492063492,0.142857142857143,0.333333333333333,0.896825396825397,0.888888888888889,0.642857142857143,0.111111111111111,0.5,0.888888888888889,0.0952380952380952,0.349206349206349,0.452380952380952,0,0.103174603174603,0.182539682539683,0.484126984126984,0.285714285714286
0.96031746031746,0.666666666666667,0.968253968253968,0.0476190476190476,0.26984126984127,0.333333333333333,0.222222222222222,0.611111111111111,0.873015873015873,0,0.0158730158730159,0.865079365079365,0.666666666666667,0.452380952380952,0.484126984126984,0.444444444444444,0.920634920634921,0.76984126984127,0.76984126984127,0.547619047619048,0.944444444444444,0.484126984126984,0.920634920634921,0.261904761904762,0.388888888888889,0.515873015873016,0.73015873015873,0.285714285714286,0.96031746031746,0.984126984126984,0.396825396825397,0.00793650793650794,0.0634920634920635,0.936507936507937,0.753968253968254,0.341269841269841,0.277777777777778,0.968253968253968,0.984126984126984,0.0396825396825397,0.722222222222222,0.0952380952380952,0.714285714285714,0.896825396825397,0.222222222222222,0.0238095238095238,0.896825396825397,0.706349206349206,0.722222222222222,0.801587301587302,0.849206349206349,0.595238095238095,0.952380952380952,0.952380952380952,0.428571428571429,0.523809523809524,0.785714285714286,0.96031746031746,0.0873015873015873
0.634920634920635,0.865079365079365,0.865079365079365,0.674603174603175,0.793650793650794,0.952380952380952,0.722222222222222,0.53968253968254,0.0634920634920635,0.674603174603175,0.531746031746032,0.928571428571429,0.587301587301587,0.261904761904762,0.103174603174603,0.515873015873016,0.73015873015873,0.404761904761905,0.896825396825397,0.246031746031746,0.507936507936508,0.277777777777778,0.888888888888889,0.571428571428571,0.706349206349206,0.0555555555555556,0.571428571428571,0.666666666666667,0.182539682539683,0.0238095238095238,0.412698412698413,0.46031746031746,0.801587301587302,0.968253968253968,0.515873015873016,0.293650793650794,0.00793650793650794,0.706349206349206,0.285714285714286,0.285714285714286,0,0.214285714285714,0.46031746031746,0.706349206349206,0.912698412698413,0.944444444444444,0.579365079365079,0.753968253968254,0.928571428571429,0.785714285714286,0.682539682539683,0.928571428571429,0.658730158730159,0.650793650793651,0.285714285714286,0.912698412698413,0.650793650793651,0.246031746031746,0.468253968253968
0.365079365079365,0.968253968253968,0.944444444444444,0.150793650793651,0.0396825396825397,0.626984126984127,0.69047619047619,0.817460317460317,0.952380952380952,0.761904761904762,0.865079365079365,0.69047619047619,1,0.53968253968254,0.214285714285714,0.976190476190476,0.626984126984127,0.753968253968254,0.896825396825397,0.833333333333333,0.373015873015873,0.0634920634920635,0.920634920634921,0.19047619047619,0.253968253968254,0.238095238095238,0.388888888888889,0.0793650793650794,0.928571428571429,0.841269841269841,0,0.0317460317460317,0.380952380952381,0.746031746031746,0.666666666666667,0.214285714285714,0.0873015873015873,0.73015873015873,0.841269841269841,0.0634920634920635,0.285714285714286,0.833333333333333,0.222222222222222,0.277777777777778,0.880952380952381,0.595238095238095,0.150793650793651,0.0317460317460317,0.0873015873015873,0.761904761904762,0.80952380952381,0.333333333333333,0.134920634920635,0.626984126984127,0.96031746031746,0.761904761904762,0.277777777777778,0.507936507936508,0.785714285714286
0.198412698412698,0.134920634920635,0.365079365079365,0.976190476190476,0.23015873015873,0.277777777777778,0.261904761904762,0.357142857142857,0.166666666666667,0.26984126984127,0.166666666666667,0.746031746031746,0.00793650793650794,0.904761904761905,0.650793650793651,0,0.111111111111111,0.373015873015873,0.587301587301587,0.5,0.126984126984127,0.976190476190476,0.841269841269841,0.293650793650794,0.428571428571429,0.904761904761905,0.746031746031746,0.793650793650794,0.119047619047619,0.428571428571429,0.476190476190476,0.119047619047619,1,0.134920634920635,0.976190476190476,0.523809523809524,0.150793650793651,0.896825396825397,0.317460317460317,0.293650793650794,0.761904761904762,1,0.523809523809524,0.206349206349206,0.523809523809524,0.492063492063492,0.706349206349206,0.373015873015873,0.0476190476190476,0.30952380952381,0.595238095238095,0.119047619047619,0.26984126984127,0.246031746031746,0.658730158730159,0.253968253968254,0.920634920634921,0.515873015873016,0.174603174603175
0.619047619047619,0.579365079365079,0.0873015873015873,0.0317460317460317,0.603174603174603,0.150793650793651,0.936507936507937,0.777777777777778,0.103174603174603,0.984126984126984,0.19047619047619,0.896825396825397,0.0396825396825397,0.817460317460317,0.0238095238095238,0.595238095238095,0.634920634920635,0.301587301587302,0.976190476190476,0.785714285714286,0.396825396825397,0.833333333333333,0.23015873015873,0.492063492063492,0.0158730158730159,0.388888888888889,0.642857142857143,0.817460317460317,0.341269841269841,0.444444444444444,0.476190476190476,0.626984126984127,0.30952380952381,0.349206349206349,0.96031746031746,0.626984126984127,0.611111111111111,0.626984126984127,0.404761904761905,0.873015873015873,0.746031746031746,0.507936507936508,0.507936507936508,0.817460317460317,0.246031746031746,0.642857142857143,0,0.666666666666667,0.738095238095238,0.801587301587302,0.936507936507937,0.555555555555556,0.5,0.53968253968254,0.880952380952381,0.547619047619048,0.992063492063492,0.896825396825397,0.761904761904762
0.777777777777778,0.0396825396825397,0.563492063492063,0.246031746031746,0.0238095238095238,0.349206349206349,0.912698412698413,0.238095238095238,0.428571428571429,0.30952380952381,0.103174603174603,0.246031746031746,0.936507936507937,0.174603174603175,0.984126984126984,0.492063492063492,0.555555555555556,0.753968253968254,0.761904761904762,0.896825396825397,0.325396825396825,0.515873015873016,0.26984126984127,0.666666666666667,0.222222222222222,0.198412698412698,0.0793650793650794,0.19047619047619,0.76984126984127,0.817460317460317,0.476190476190476,0.317460317460317,0.666666666666667,0.80952380952381,0.214285714285714,0.357142857142857,0.119047619047619,0.579365079365079,0.174603174603175,0.817460317460317,0.468253968253968,0.404761904761905,0.119047619047619,0.23015873015873,0.793650793650794,0.579365079365079,0.253968253968254,0.650793650793651,0.976190476190476,0.134920634920635,0.349206349206349,0.571428571428571,0.904761904761905,0,0.69047619047619,0.658730158730159,0.484126984126984,0.325396825396825,0.0634920634920635
0.76984126984127,0.222222222222222,0.76984126984127,0.785714285714286,0,0.920634920634921,0.682539682539683,0.484126984126984,0.214285714285714,0.801587301587302,0.333333333333333,0.396825396825397,0.333333333333333,0.626984126984127,0.325396825396825,0,0.912698412698413,0.0396825396825397,0.880952380952381,0.944444444444444,0.571428571428571,0.222222222222222,0.277777777777778,0.349206349206349,0.801587301587302,0.801587301587302,0.912698412698413,0.404761904761905,0.817460317460317,0.547619047619048,0.619047619047619,0.380952380952381,0.571428571428571,0,0.920634920634921,0.952380952380952,0.603174603174603,0.380952380952381,0.349206349206349,0.0158730158730159,0,0.761904761904762,0.880952380952381,0.857142857142857,0.80952380952381,0.206349206349206,0.896825396825397,0.896825396825397,0.373015873015873,0.388888888888889,0.222222222222222,0.714285714285714,0.23015873015873,0.420634920634921,0.0317460317460317,0.404761904761905,0.849206349206349,0.166666666666667,0.904761904761905
0.904761904761905,0.642857142857143,0.126984126984127,0.873015873015873,0.682539682539683,0.69047619047619,0.357142857142857,0.142857142857143,0.746031746031746,0.0634920634920635,0.0793650793650794,0.777777777777778,0.5,0.587301587301587,0.865079365079365,0.150793650793651,0.595238095238095,0.793650793650794,0.523809523809524,0.0714285714285714,0.373015873015873,0.611111111111111,0.634920634920635,0.158730158730159,0.579365079365079,0.825396825396825,0.214285714285714,0.642857142857143,0.333333333333333,0.698412698412698,0.19047619047619,0.468253968253968,0.150793650793651,0.880952380952381,0.841269841269841,0.587301587301587,0,0.341269841269841,0.0317460317460317,0.658730158730159,1,0.920634920634921,0.841269841269841,0.928571428571429,0.0317460317460317,0.53968253968254,0.650793650793651,0.722222222222222,0.476190476190476,0.341269841269841,0.738095238095238,0.0476190476190476,0.46031746031746,0,0.134920634920635,0.30952380952381,0,0.365079365079365,0.714285714285714
0.674603174603175,0.277777777777778,0.698412698412698,0,0.484126984126984,0.595238095238095,0.928571428571429,0.261904761904762,0.555555555555556,0.436507936507937,0.857142857142857,0.388888888888889,0.0952380952380952,0.841269841269841,0.53968253968254,0.626984126984127,0.293650793650794,0.214285714285714,0.0555555555555556,0.111111111111111,0.952380952380952,0,0.944444444444444,0.571428571428571,0.142857142857143,0.214285714285714,0.507936507936508,0.26984126984127,0.206349206349206,0.817460317460317,0.928571428571429,0.484126984126984,0.0158730158730159,0.579365079365079,0.317460317460317,0.555555555555556,0.476190476190476,0.658730158730159,0.428571428571429,0.968253968253968,0.76984126984127,0.436507936507937,0.531746031746032,0.19047619047619,0.293650793650794,0.30952380952381,0.626984126984127,0.333333333333333,0.0793650793650794,0.0238095238095238,0.0317460317460317,0.0952380952380952,0.293650793650794,0.142857142857143,0.0396825396825397,0.920634920634921,0.658730158730159,0.841269841269841,0.420634920634921
0.103174603174603,0.0634920634920635,0.182539682539683,0.142857142857143,0.801587301587302,0.0555555555555556,0.515873015873016,0,0.452380952380952,0.484126984126984,0.976190476190476,1,0.0317460317460317,0.849206349206349,0.658730158730159,0.841269841269841,0.23015873015873,0.0714285714285714,0.682539682539683,0.722222222222222,0.325396825396825,0.722222222222222,0.777777777777778,0.261904761904762,0,0.507936507936508,0.285714285714286,0.0873015873015873,0.698412698412698,0.857142857142857,0.23015873015873,0.103174603174603,0.761904761904762,0.825396825396825,0.642857142857143,0.904761904761905,0.841269841269841,0.0396825396825397,0.277777777777778,0.261904761904762,0.738095238095238,0.555555555555556,1,0.452380952380952,0.626984126984127,0.134920634920635,0.174603174603175,0.896825396825397,0.69047619047619,0.515873015873016,0.126984126984127,0.365079365079365,0.373015873015873,0.388888888888889,0.896825396825397,0.341269841269841,0.373015873015873,0.611111111111111,0.507936507936508
0.976190476190476,0.301587301587302,0.69047619047619,0.873015873015873,0.650793650793651,0.722222222222222,0.0396825396825397,0.0158730158730159,0.325396825396825,0.222222222222222,0.563492063492063,0.626984126984127,0.984126984126984,0.404761904761905,0.738095238095238,0.285714285714286,0.80952380952381,0.00793650793650794,0.603174603174603,0.523809523809524,0.801587301587302,0.547619047619048,0.880952380952381,0.317460317460317,0.849206349206349,0.952380952380952,0.968253968253968,0.206349206349206,0.785714285714286,0.0317460317460317,0.0952380952380952,0.436507936507937,0.5,0.0873015873015873,0.126984126984127,0.444444444444444,0.555555555555556,0.0714285714285714,0.761904761904762,0.833333333333333,0.880952380952381,0.198412698412698,0.976190476190476,0.26984126984127,0.714285714285714,0.785714285714286,0.706349206349206,0.888888888888889,0.46031746031746,0.928571428571429,0.150793650793651,0.96031746031746,0.357142857142857,0.968253968253968,0.611111111111111,0.841269841269841,0.865079365079365,0.198412698412698,0.0714285714285714
0.650793650793651,0.0555555555555556,0.23015873015873,0.261904761904762,0.26984126984127,0.841269841269841,0.285714285714286,0.650793650793651,0,0.825396825396825,0.357142857142857,0.111111111111111,0.80952380952381,0.928571428571429,0.349206349206349,0.0555555555555556,0.793650793650794,0.293650793650794,0.301587301587302,0.984126984126984,0.674603174603175,0.238095238095238,1,0.69047619047619,0.452380952380952,0.0793650793650794,0.849206349206349,0.0555555555555556,0,0.912698412698413,0.150793650793651,0.341269841269841,0.444444444444444,0.238095238095238,0.420634920634921,0.468253968253968,0.984126984126984,0.380952380952381,0.150793650793651,0.452380952380952,0.825396825396825,0.150793650793651,0.103174603174603,0.888888888888889,0.73015873015873,1,0.301587301587302,0.753968253968254,0.642857142857143,0.69047619047619,0.825396825396825,0.841269841269841,0.476190476190476,0.746031746031746,0.507936507936508,0.896825396825397,0.349206349206349,0.484126984126984,0.936507936507937
0.214285714285714,0.246031746031746,0.333333333333333,0.5,0.888888888888889,0.222222222222222,0.968253968253968,0.333333333333333,0.825396825396825,0.5,0.484126984126984,0.476190476190476,0.0476190476190476,0.126984126984127,0.468253968253968,0.650793650793651,0.182539682539683,0.714285714285714,0.444444444444444,0.611111111111111,0.912698412698413,0.214285714285714,0.0793650793650794,0.0634920634920635,0.666666666666667,0.817460317460317,0.0634920634920635,0.714285714285714,0.873015873015873,0.0158730158730159,0.603174603174603,0.976190476190476,0.849206349206349,0.0238095238095238,0.0634920634920635,0.976190476190476,0.301587301587302,0.531746031746032,0.833333333333333,0.388888888888889,0.984126984126984,0.626984126984127,0.96031746031746,0.857142857142857,0.111111111111111,0.492063492063492,0.642857142857143,0.26984126984127,0.404761904761905,0.611111111111111,0.785714285714286,0.126984126984127,0.626984126984127,0.555555555555556,0.706349206349206,0.849206349206349,0.142857142857143,0.0634920634920635,0.603174603174603
0.23015873015873,0.936507936507937,0.785714285714286,0.515873015873016,0.642857142857143,0.515873015873016,0.0952380952380952,0.507936507936508,0.0634920634920635,0.0952380952380952,0,0.73015873015873,0.944444444444444,0.746031746031746,0.246031746031746,0.857142857142857,0.920634920634921,0.944444444444444,0.388888888888889,0.206349206349206,0.174603174603175,0.793650793650794,0.547619047619048,0.452380952380952,0.134920634920635,0.198412698412698,0.198412698412698,0.896825396825397,0.515873015873016,0.166666666666667,0.698412698412698,0.166666666666667,0.285714285714286,0.436507936507937,0.722222222222222,0.373015873015873,0.928571428571429,0.682539682539683,0.325396825396825,0.182539682539683,0.96031746031746,0.0158730158730159,0.134920634920635,0.0158730158730159,0.642857142857143,0.76984126984127,0.650793650793651,0.817460317460317,0.603174603174603,0.603174603174603,0.206349206349206,0.888888888888889,0.420634920634921,0.484126984126984,0.642857142857143,0.936507936507937,0.523809523809524,0.134920634920635,0.523809523809524
0.0952380952380952,0.0952380952380952,0.452380952380952,0.293650793650794,0.666666666666667,0.30952380952381,0.698412698412698,0.944444444444444,0.341269841269841,0.603174603174603,0.69047619047619,0.365079365079365,0.476190476190476,0.658730158730159,1,0.611111111111111,0.793650793650794,0.444444444444444,0.0317460317460317,0.912698412698413,0.857142857142857,0.0158730158730159,0.0396825396825397,0.238095238095238,0.0952380952380952,0.325396825396825,0.761904761904762,0.825396825396825,0.76984126984127,0.0873015873015873,0.341269841269841,0.0714285714285714,0.333333333333333,0.373015873015873,0.944444444444444,0.420634920634921,0.373015873015873,0.444444444444444,0.714285714285714,0.428571428571429,0.674603174603175,0.920634920634921,0.380952380952381,0.801587301587302,0.380952380952381,0.222222222222222,0.238095238095238,0.587301587301587,0.904761904761905,0.785714285714286,0.880952380952381,0.80952380952381,0.984126984126984,0.968253968253968,0.849206349206349,0.365079365079365,0.793650793650794,0.920634920634921,0.944444444444444
0.253968253968254,0.873015873015873,0.952380952380952,0.634920634920635,0.873015873015873,0.452380952380952,0.849206349206349,0.412698412698413,0.912698412698413,0.698412698412698,0.0952380952380952,0.968253968253968,0.373015873015873,0.53968253968254,0.0634920634920635,0.738095238095238,0.817460317460317,0.357142857142857,0.666666666666667,0.0158730158730159,0.73015873015873,0.563492063492063,0.333333333333333,0.73015873015873,0.746031746031746,1,0.0476190476190476,0.380952380952381,0.69047619047619,0.674603174603175,0.865079365079365,0.404761904761905,0.944444444444444,0.603174603174603,0.0714285714285714,0.611111111111111,0.396825396825397,0.0396825396825397,0.0317460317460317,0.69047619047619,0.0634920634920635,0.452380952380952,0.420634920634921,0.976190476190476,0.920634920634921,0.492063492063492,0.984126984126984,0.142857142857143,0.365079365079365,0.484126984126984,0.293650793650794,0.547619047619048,0.206349206349206,0.53968253968254,0.507936507936508,0.968253968253968,0.404761904761905,0.357142857142857,0.0317460317460317
0,0.761904761904762,0.0476190476190476,0.0793650793650794,0.936507936507937,0.380952380952381,0.5,0.26984126984127,0.119047619047619,0.642857142857143,0.285714285714286,0.80952380952381,0.857142857142857,0.119047619047619,0.0476190476190476,0.873015873015873,0.0634920634920635,0.484126984126984,0.0793650793650794,0.801587301587302,0.325396825396825,0.365079365079365,0.182539682539683,0.285714285714286,0.134920634920635,0.388888888888889,0.301587301587302,0.968253968253968,0.373015873015873,0.30952380952381,0.285714285714286,0.0634920634920635,0.777777777777778,0.976190476190476,0.603174603174603,0.23015873015873,0.976190476190476,0.46031746031746,0.69047619047619,0.206349206349206,0.23015873015873,0.619047619047619,0.706349206349206,0.849206349206349,0.0793650793650794,0.785714285714286,0.134920634920635,0.253968253968254,0.817460317460317,0.0396825396825397,0.452380952380952,0.873015873015873,0.0634920634920635,0.103174603174603,0.444444444444444,0.317460317460317,0.30952380952381,0.277777777777778,0.753968253968254
0.952380952380952,0.341269841269841,0.587301587301587,0.341269841269841,0.722222222222222,0.642857142857143,0.23015873015873,0.111111111111111,0.936507936507937,0.325396825396825,0.746031746031746,0.666666666666667,0.452380952380952,0.0476190476190476,0.936507936507937,0.888888888888889,0.261904761904762,0.706349206349206,0.682539682539683,0.626984126984127,0.119047619047619,0.531746031746032,0.579365079365079,0.904761904761905,0.833333333333333,0.119047619047619,0.714285714285714,0.0952380952380952,0.817460317460317,0.468253968253968,0.420634920634921,0.619047619047619,0.698412698412698,0.785714285714286,0.880952380952381,0.849206349206349,0.412698412698413,0.444444444444444,0.952380952380952,0.468253968253968,0.357142857142857,0.777777777777778,0.111111111111111,0.76984126984127,0.73015873015873,0.111111111111111,0.587301587301587,0.698412698412698,0.952380952380952,0.928571428571429,0.0793650793650794,0.0476190476190476,0.547619047619048,0.23015873015873,0.936507936507937,0.380952380952381,0.277777777777778,0.817460317460317,0.698412698412698
0.436507936507937,0.5,0.992063492063492,0.261904761904762,0.301587301587302,0.698412698412698,0.896825396825397,0.984126984126984,0.865079365079365,0.76984126984127,0.880952380952381,0.698412698412698,0.904761904761905,0.936507936507937,0.650793650793651,0.920634920634921,0.53968253968254,0.246031746031746,0.206349206349206,0.0873015873015873,0.76984126984127,0.912698412698413,0.611111111111111,0.96031746031746,0.73015873015873,0.476190476190476,0.904761904761905,0.515873015873016,0.246031746031746,0.928571428571429,0.285714285714286,0.0317460317460317,0.626984126984127,0.785714285714286,0.206349206349206,0.492063492063492,0.801587301587302,0.507936507936508,0.222222222222222,0.920634920634921,0.111111111111111,0.420634920634921,0.00793650793650794,0.349206349206349,0.293650793650794,0.0158730158730159,0.5,0.150793650793651,0.849206349206349,0.595238095238095,0.706349206349206,0.388888888888889,0.507936507936508,0.507936507936508,0.428571428571429,0.238095238095238,0.119047619047619,0.563492063492063,0.476190476190476
0.396825396825397,0.246031746031746,0.976190476190476,0.0952380952380952,0.396825396825397,0.531746031746032,0.396825396825397,0.626984126984127,0.96031746031746,0.531746031746032,0.341269841269841,0.00793650793650794,0.523809523809524,0.722222222222222,0.563492063492063,0.26984126984127,0.579365079365079,0.69047619047619,0.611111111111111,0.817460317460317,0.325396825396825,0.777777777777778,0.158730158730159,0.793650793650794,0.912698412698413,0.904761904761905,0.158730158730159,0.206349206349206,0.222222222222222,0.547619047619048,0.412698412698413,0.277777777777778,0.53968253968254,0.936507936507937,0.992063492063492,0.0873015873015873,0.507936507936508,0.26984126984127,0.753968253968254,0.238095238095238,0.571428571428571,0.0238095238095238,0.0238095238095238,0.246031746031746,0.23015873015873,0.682539682539683,0.19047619047619,0.857142857142857,0.428571428571429,0.444444444444444,0.547619047619048,0.984126984126984,0.0238095238095238,0.365079365079365,0.563492063492063,0.785714285714286,0.912698412698413,0.706349206349206,0.357142857142857
0.595238095238095,0.753968253968254,0.277777777777778,0.198412698412698,0.793650793650794,0.507936507936508,0.293650793650794,0.0396825396825397,0.0793650793650794,0.857142857142857,0.785714285714286,0.412698412698413,0.76984126984127,0.777777777777778,0.0793650793650794,0.80952380952381,0.746031746031746,0.277777777777778,0.301587301587302,0.992063492063492,0.404761904761905,0.285714285714286,0.484126984126984,0.761904761904762,0.968253968253968,0.142857142857143,0.992063492063492,0.992063492063492,0.801587301587302,0.73015873015873,0.968253968253968,0.76984126984127,0.571428571428571,0.468253968253968,0.285714285714286,0.333333333333333,0.26984126984127,0.896825396825397,0.452380952380952,0.595238095238095,0.619047619047619,0.571428571428571,0.174603174603175,0.587301587301587,0.595238095238095,0.984126984126984,0.5,0.317460317460317,0.682539682539683,0.746031746031746,0.00793650793650794,0.214285714285714,0.873015873015873,0.476190476190476,0.563492063492063,0.523809523809524,0.238095238095238,0.849206349206349,1
0.325396825396825,0.174603174603175,0.793650793650794,0.817460317460317,0.238095238095238,0.698412698412698,0.738095238095238,0.563492063492063,0.714285714285714,0.650793650793651,0.96031746031746,0.0634920634920635,0.968253968253968,0.444444444444444,0.53968253968254,0.531746031746032,0.80952380952381,0.341269841269841,0.746031746031746,0.555555555555556,0.595238095238095,0.111111111111111,0.222222222222222,0.238095238095238,0.515873015873016,0.492063492063492,1,0.944444444444444,0.841269841269841,0.0714285714285714,0.682539682539683,0.801587301587302,0.428571428571429,0.746031746031746,0.293650793650794,0.365079365079365,0.682539682539683,0.603174603174603,0.603174603174603,0.0873015873015873,0.26984126984127,0.682539682539683,0,1,0.0873015873015873,0.682539682539683,0.714285714285714,0.428571428571429,0.365079365079365,0.753968253968254,0.507936507936508,0.722222222222222,0.0714285714285714,0.396825396825397,0.0634920634920635,0.865079365079365,0.777777777777778,0,0.214285714285714
0.0555555555555556,0.0238095238095238,0.611111111111111,0.936507936507937,0.246031746031746,0.936507936507937,0.0714285714285714,0.976190476190476,0.650793650793651,0.111111111111111,0.587301587301587,0.587301587301587,0.611111111111111,0.507936507936508,0.285714285714286,0.587301587301587,0.0873015873015873,0.666666666666667,0.30952380952381,0.650793650793651,0.134920634920635,0.53968253968254,0.317460317460317,1,0.579365079365079,0.246031746031746,0,0.0555555555555556,0.571428571428571,0.507936507936508,0.5,0.357142857142857,0.976190476190476,0.0634920634920635,0.325396825396825,0.698412698412698,0.0476190476190476,0.468253968253968,0.261904761904762,0.857142857142857,0.150793650793651,0.0952380952380952,0.5,0.484126984126984,0.920634920634921,0.349206349206349,0.849206349206349,0.0634920634920635,0.880952380952381,0.73015873015873,0.611111111111111,0.158730158730159,0.111111111111111,0.246031746031746,0.634920634920635,0.0476190476190476,0.936507936507937,0.587301587301587,0.468253968253968
0.476190476190476,0.619047619047619,0.111111111111111,0.30952380952381,0.642857142857143,0.547619047619048,0.365079365079365,0.968253968253968,0.111111111111111,0.69047619047619,0.523809523809524,0.341269841269841,0.555555555555556,0.825396825396825,0.30952380952381,0.634920634920635,0.658730158730159,0.80952380952381,0.126984126984127,1,0.706349206349206,0.0714285714285714,0.277777777777778,0.174603174603175,0.992063492063492,0.436507936507937,0.46031746031746,0.69047619047619,0.73015873015873,0.555555555555556,0.992063492063492,0.992063492063492,0.761904761904762,0.0317460317460317,0.0555555555555556,0.0952380952380952,0.992063492063492,0.984126984126984,0.515873015873016,0.515873015873016,0.595238095238095,0.126984126984127,0.738095238095238,0.00793650793650794,0.658730158730159,0.277777777777778,0.428571428571429,0.373015873015873,0.96031746031746,0.69047619047619,0.531746031746032,0.507936507936508,0.952380952380952,0.793650793650794,0.80952380952381,0.166666666666667,0.793650793650794,0.0793650793650794,0.928571428571429
0.0873015873015873,0.261904761904762,0.246031746031746,0.0793650793650794,0.333333333333333,0.158730158730159,0.682539682539683,0.285714285714286,0.936507936507937,0.896825396825397,0.658730158730159,0.928571428571429,0.531746031746032,0.849206349206349,0.603174603174603,0.119047619047619,0.555555555555556,0.261904761904762,0.341269841269841,0.30952380952381,0.650793650793651,0.563492063492063,0.468253968253968,0.563492063492063,0.103174603174603,0.373015873015873,0.325396825396825,0.182539682539683,0.547619047619048,0.658730158730159,0.674603174603175,0.515873015873016,0.650793650793651,0.277777777777778,0.531746031746032,0.992063492063492,0.73015873015873,0.611111111111111,0.738095238095238,0.888888888888889,0.325396825396825,0.396825396825397,0.246031746031746,0.936507936507937,0.111111111111111,0.896825396825397,0.722222222222222,0.984126984126984,0.0317460317460317,0.198412698412698,0.944444444444444,0.888888888888889,0.698412698412698,0.73015873015873,0.452380952380952,0.0873015873015873,0.174603174603175,0.301587301587302,0.158730158730159
0.30952380952381,0.579365079365079,0.896825396825397,0.198412698412698,0.111111111111111,0.333333333333333,0.658730158730159,0.468253968253968,0.507936507936508,0.285714285714286,0.944444444444444,0.5,0.23015873015873,0.182539682539683,0.222222222222222,0.00793650793650794,0.150793650793651,0.587301587301587,0.944444444444444,0.833333333333333,0.0238095238095238,0.984126984126984,0.119047619047619,1,0.912698412698413,0.984126984126984,0.658730158730159,0.984126984126984,0.142857142857143,0.920634920634921,1,0.0793650793650794,0.619047619047619,0.761904761904762,0.650793650793651,0.293650793650794,0.333333333333333,0.436507936507937,0.968253968253968,0.174603174603175,0.984126984126984,0.841269841269841,0.261904761904762,0.69047619047619,0.563492063492063,0.0476190476190476,0.674603174603175,0.214285714285714,0,0.0396825396825397,0.738095238095238,0.357142857142857,0.206349206349206,0.714285714285714,0.349206349206349,0.936507936507937,0.420634920634921,0.53968253968254,0.428571428571429
0.563492063492063,0.452380952380952,0.626984126984127,0.261904761904762,0.817460317460317,0.579365079365079,0.722222222222222,0.738095238095238,0.46031746031746,0.150793650793651,0.571428571428571,0.571428571428571,0.150793650793651,0.0555555555555556,0.119047619047619,0.428571428571429,0.96031746031746,0.468253968253968,0.761904761904762,0.317460317460317,0.698412698412698,0.357142857142857,0.587301587301587,0.23015873015873,0.722222222222222,0.833333333333333,1,0.238095238095238,0.912698412698413,0.158730158730159,0.96031746031746,0.944444444444444,0.888888888888889,0.126984126984127,0.761904761904762,0.873015873015873,0.396825396825397,0.253968253968254,0.380952380952381,0.738095238095238,0.23015873015873,0.515873015873016,0.174603174603175,0.484126984126984,0.857142857142857,0.0555555555555556,0.19047619047619,0.158730158730159,0.912698412698413,1,0.69047619047619,0.0317460317460317,0.420634920634921,0.0634920634920635,0.0158730158730159,0.603174603174603,0.611111111111111,0.515873015873016,0.873015873015873
0.714285714285714,0.920634920634921,0.0634920634920635,0.150793650793651,0.682539682539683,0.579365079365079,0.166666666666667,0.642857142857143,0.642857142857143,0,0.587301587301587,0.658730158730159,0.880952380952381,0.206349206349206,0.357142857142857,0.857142857142857,0.333333333333333,0.166666666666667,0.547619047619048,0.619047619047619,0.976190476190476,0.912698412698413,0.0476190476190476,0.563492063492063,0.952380952380952,0.76984126984127,0.150793650793651,1,0.365079365079365,0.0476190476190476,0.634920634920635,0.126984126984127,0.5,0.452380952380952,0.261904761904762,0.515873015873016,0.76984126984127,0.373015873015873,0.880952380952381,0.349206349206349,0.825396825396825,0.650793650793651,0.0158730158730159,0.285714285714286,0.357142857142857,0.46031746031746,0.206349206349206,0.119047619047619,0.246031746031746,0.142857142857143,0.380952380952381,0.26984126984127,0.285714285714286,0.857142857142857,0.293650793650794,0.658730158730159,0.404761904761905,0.920634920634921,0.301587301587302
0.182539682539683,0.603174603174603,0.833333333333333,0.738095238095238,0.30952380952381,0.928571428571429,0.476190476190476,0.976190476190476,0.182539682539683,0.547619047619048,0.984126984126984,0.317460317460317,0.0555555555555556,0.658730158730159,0.261904761904762,0.00793650793650794,0.777777777777778,0.0952380952380952,0.0714285714285714,0.182539682539683,0.452380952380952,0.126984126984127,0.0952380952380952,0.944444444444444,0.46031746031746,0.785714285714286,0.380952380952381,0.365079365079365,0.587301587301587,0.404761904761905,0.626984126984127,0.587301587301587,0.682539682539683,0.563492063492063,0.182539682539683,0.5,0.96031746031746,0.158730158730159,0.904761904761905,0.134920634920635,0.650793650793651,0.507936507936508,1,0.777777777777778,0.531746031746032,0.174603174603175,0.452380952380952,0.714285714285714,0.0873015873015873,0.857142857142857,0.920634920634921,0.388888888888889,0.976190476190476,0.492063492063492,0.976190476190476,0.785714285714286,0.484126984126984,0.833333333333333,0.563492063492063
0.603174603174603,0.452380952380952,0.80952380952381,0.222222222222222,0.428571428571429,0.880952380952381,0.817460317460317,0.904761904761905,0.30952380952381,0.333333333333333,0.333333333333333,0.365079365079365,0.198412698412698,0.468253968253968,0.674603174603175,0.912698412698413,0.182539682539683,0.896825396825397,1,0.293650793650794,0.666666666666667,0.261904761904762,0.0952380952380952,0.428571428571429,0.492063492063492,0.19047619047619,0.825396825396825,0.53968253968254,0.976190476190476,0.277777777777778,0.0158730158730159,0.373015873015873,0.611111111111111,0.857142857142857,0.0555555555555556,0.531746031746032,0.182539682539683,0.96031746031746,0.706349206349206,0.0873015873015873,0.896825396825397,0.547619047619048,0.642857142857143,0.650793650793651,0.880952380952381,0.976190476190476,0.785714285714286,0.222222222222222,0.76984126984127,0.484126984126984,0.174603174603175,0.317460317460317,0.650793650793651,0.833333333333333,0.896825396825397,0.206349206349206,0.0634920634920635,0.198412698412698,0.619047619047619
0.19047619047619,0.0714285714285714,0.341269841269841,0.746031746031746,0.80952380952381,0.26984126984127,0.666666666666667,0.452380952380952,0.476190476190476,0.777777777777778,0.00793650793650794,0.706349206349206,0.0952380952380952,0.428571428571429,0.555555555555556,0.555555555555556,0.26984126984127,0.571428571428571,0.253968253968254,0.865079365079365,0.134920634920635,0.103174603174603,0.206349206349206,0.841269841269841,0.849206349206349,0.714285714285714,0.0873015873015873,0.444444444444444,0.492063492063492,0.547619047619048,0.920634920634921,0.817460317460317,0.246031746031746,0.0396825396825397,0.880952380952381,0.325396825396825,0.420634920634921,0.428571428571429,0.888888888888889,0.698412698412698,0.0793650793650794,0.753968253968254,0.571428571428571,0.119047619047619,0.0714285714285714,1,0.238095238095238,0.801587301587302,0.595238095238095,0.714285714285714,0.96031746031746,0.142857142857143,0.452380952380952,0.722222222222222,0.222222222222222,0.261904761904762,0.388888888888889,1,0.373015873015873
0.579365079365079,0.888888888888889,0.111111111111111,0.119047619047619,0.166666666666667,0.674603174603175,0.992063492063492,0.817460317460317,0.650793650793651,0.658730158730159,0.698412698412698,0.992063492063492,0.5,0.857142857142857,0.19047619047619,0.563492063492063,0.936507936507937,0.968253968253968,0.944444444444444,0.0158730158730159,0.428571428571429,0.817460317460317,0.285714285714286,0.26984126984127,0.373015873015873,0.404761904761905,0.682539682539683,0.555555555555556,0.920634920634921,0.0238095238095238,0.246031746031746,0.714285714285714,0.0476190476190476,0.166666666666667,0.277777777777778,0.817460317460317,0.214285714285714,0.293650793650794,0.301587301587302,0.0396825396825397,0.936507936507937,0.611111111111111,0.936507936507937,0.73015873015873,0.579365079365079,0.365079365079365,0.626984126984127,0.277777777777778,0.222222222222222,0.944444444444444,0.428571428571429,0.00793650793650794,0.396825396825397,0.444444444444444,0.753968253968254,0.849206349206349,0.317460317460317,0.333333333333333,0.349206349206349
0.928571428571429,0.0634920634920635,0.373015873015873,0.865079365079365,0.214285714285714,0.857142857142857,0.912698412698413,0.968253968253968,0.563492063492063,0.150793650793651,0.944444444444444,0.603174603174603,0.865079365079365,0.785714285714286,0.436507936507937,0.380952380952381,0.492063492063492,0.317460317460317,0.452380952380952,0.373015873015873,0.634920634920635,0.936507936507937,0.976190476190476,0.857142857142857,0.30952380952381,0.849206349206349,0.920634920634921,0.968253968253968,0.928571428571429,0.214285714285714,0.904761904761905,0.738095238095238,0.198412698412698,0.182539682539683,0.404761904761905,0.0555555555555556,0.777777777777778,0.507936507936508,0.325396825396825,0.714285714285714,0.722222222222222,0.317460317460317,0.476190476190476,0.801587301587302,0.634920634920635,0.23015873015873,0.873015873015873,0.698412698412698,0.531746031746032,0.0476190476190476,0.325396825396825,0.777777777777778,0.642857142857143,0.396825396825397,0.507936507936508,0.0873015873015873,0.0555555555555556,0.0634920634920635,0.412698412698413
0.801587301587302,0.26984126984127,0.722222222222222,0.634920634920635,0.444444444444444,0.103174603174603,0.182539682539683,0.595238095238095,0.238095238095238,0.69047619047619,0.793650793650794,0.912698412698413,0.357142857142857,0.920634920634921,0.865079365079365,0.785714285714286,0.833333333333333,0.714285714285714,0.349206349206349,0.563492063492063,0.920634920634921,0.0396825396825397,0.849206349206349,0.436507936507937,0.849206349206349,0.333333333333333,0.23015873015873,0.80952380952381,0.396825396825397,0.111111111111111,0.5,0.0317460317460317,0.80952380952381,0.420634920634921,0.293650793650794,0.642857142857143,0.26984126984127,0.285714285714286,0.174603174603175,0.841269841269841,0.428571428571429,0.341269841269841,0.238095238095238,0.658730158730159,0.952380952380952,0.412698412698413,0.976190476190476,0.595238095238095,0.984126984126984,0.142857142857143,0.444444444444444,0.952380952380952,0.841269841269841,0.0634920634920635,0.857142857142857,0.428571428571429,0.634920634920635,0.23015873015873,0.761904761904762
0.944444444444444,0.317460317460317,0.26984126984127,0.674603174603175,0.531746031746032,0.904761904761905,0.611111111111111,0.825396825396825,0.00793650793650794,0.373015873015873,0.404761904761905,0.912698412698413,0.777777777777778,0.857142857142857,0.285714285714286,0.873015873015873,0.69047619047619,0.833333333333333,0.476190476190476,0.920634920634921,0.468253968253968,0.0238095238095238,0.992063492063492,0.634920634920635,0.420634920634921,0.198412698412698,0.698412698412698,0.531746031746032,0.246031746031746,0.896825396825397,0.0952380952380952,0.777777777777778,0.0238095238095238,0.626984126984127,0.793650793650794,0.0317460317460317,0.682539682539683,0.0396825396825397,0.888888888888889,0.380952380952381,0.650793650793651,0.0793650793650794,0.476190476190476,0.888888888888889,0.976190476190476,0.555555555555556,0.349206349206349,0.19047619047619,1,0.126984126984127,0.674603174603175,1,0.706349206349206,0.365079365079365,0.111111111111111,0.547619047619048,0.365079365079365,0.642857142857143,0.714285714285714
0.0873015873015873,0.277777777777778,0.30952380952381,0.777777777777778,0.26984126984127,0.285714285714286,0.253968253968254,0.317460317460317,0.80952380952381,0.126984126984127,0.484126984126984,0.968253968253968,0.277777777777778,0.888888888888889,0.111111111111111,0.333333333333333,0.206349206349206,0.849206349206349,0.206349206349206,0.873015873015873,0.777777777777778,0.650793650793651,0.246031746031746,0.182539682539683,0.785714285714286,0.611111111111111,0.531746031746032,0.992063492063492,0.944444444444444,0.253968253968254,0.825396825396825,0.150793650793651,0.841269841269841,0.333333333333333,0.642857142857143,0.801587301587302,0.563492063492063,0.976190476190476,0.158730158730159,0.658730158730159,0.301587301587302,0.246031746031746,0.444444444444444,0.706349206349206,0.642857142857143,0.452380952380952,0.706349206349206,0.198412698412698,0.76984126984127,0.722222222222222,0.238095238095238,0.246031746031746,0.880952380952381,0.658730158730159,0.19047619047619,0.944444444444444,0.507936507936508,0.896825396825397,0.19047619047619
0.428571428571429,0.984126984126984,0.603174603174603,0.5,0.777777777777778,0.468253968253968,0.666666666666667,0.698412698412698,0.420634920634921,0,0.873015873015873,0.19047619047619,0.611111111111111,0.96031746031746,0.0793650793650794,0.0873015873015873,0.468253968253968,0.404761904761905,0.468253968253968,0.817460317460317,0.166666666666667,0.238095238095238,0.642857142857143,0.158730158730159,0.896825396825397,0,0.563492063492063,0.134920634920635,0.515873015873016,0.817460317460317,0.0873015873015873,0.944444444444444,0.301587301587302,0.841269841269841,0.238095238095238,0.30952380952381,0.0238095238095238,0.912698412698413,0.865079365079365,0.920634920634921,0.484126984126984,0.119047619047619,0.317460317460317,0.0793650793650794,0.825396825396825,0.357142857142857,0.317460317460317,0.76984126984127,0.285714285714286,0.0158730158730159,0.444444444444444,0.166666666666667,0.563492063492063,0.182539682539683,0.579365079365079,0.587301587301587,0.571428571428571,0.873015873015873,0.158730158730159
0.547619047619048,0.412698412698413,0.428571428571429,0.436507936507937,0.46031746031746,0.793650793650794,0.484126984126984,0.396825396825397,0.507936507936508,0.373015873015873,1,0.111111111111111,0.880952380952381,0.126984126984127,0.158730158730159,0.817460317460317,0.563492063492063,0.53968253968254,0.73015873015873,0.222222222222222,0.166666666666667,1,0.198412698412698,0.96031746031746,0.634920634920635,0.928571428571429,0.515873015873016,0.238095238095238,0.944444444444444,0.0714285714285714,0.404761904761905,0.246031746031746,0.46031746031746,0.555555555555556,0.849206349206349,0.626984126984127,0.793650793650794,0.674603174603175,0.206349206349206,0.825396825396825,0.682539682539683,0.611111111111111,0.857142857142857,0.984126984126984,0.0476190476190476,0.523809523809524,0.0396825396825397,0.706349206349206,0.880952380952381,0.53968253968254,0.619047619047619,0.428571428571429,0.26984126984127,0.912698412698413,0.865079365079365,0.0158730158730159,0.849206349206349,0.412698412698413,0.579365079365079
0.96031746031746,0.634920634920635,0.174603174603175,0.761904761904762,0.0158730158730159,0.595238095238095,0.880952380952381,0.857142857142857,0.753968253968254,0.76984126984127,0.80952380952381,0.952380952380952,0.714285714285714,0.0873015873015873,0.00793650793650794,0.793650793650794,0.0476190476190476,0.23015873015873,0.158730158730159,0.952380952380952,0.103174603174603,0.119047619047619,0.555555555555556,0.841269841269841,0.698412698412698,0.46031746031746,0.0555555555555556,0.396825396825397,0.976190476190476,0.206349206349206,0.0555555555555556,0.523809523809524,0.944444444444444,0.984126984126984,0.26984126984127,0.0952380952380952,0.896825396825397,0,0.857142857142857,0.0714285714285714,0.952380952380952,0.476190476190476,0.587301587301587,0.428571428571429,0.69047619047619,0.626984126984127,0.436507936507937,0.746031746031746,0.555555555555556,0.53968253968254,0.341269841269841,0.817460317460317,0.341269841269841,0.888888888888889,0.619047619047619,0.412698412698413,0.341269841269841,0.904761904761905,0.595238095238095
0.0634920634920635,0.952380952380952,1,0.444444444444444,0.896825396825397,0.246031746031746,0.507936507936508,0.619047619047619,0.373015873015873,0.103174603174603,0.134920634920635,0.563492063492063,0.746031746031746,0.936507936507937,0.626984126984127,0.492063492063492,0.119047619047619,0.825396825396825,0.484126984126984,0.841269841269841,0.587301587301587,0.873015873015873,0.706349206349206,0.396825396825397,0.373015873015873,0.214285714285714,0.841269841269841,0.111111111111111,0.26984126984127,0,0.222222222222222,0.603174603174603,0.507936507936508,0.222222222222222,0.349206349206349,0.103174603174603,0.571428571428571,0.944444444444444,0.801587301587302,0.595238095238095,0.738095238095238,0.849206349206349,0.26984126984127,0.642857142857143,0.0396825396825397,0.373015873015873,0.484126984126984,0.865079365079365,0.158730158730159,0.30952380952381,0.0476190476190476,0.53968253968254,0.0873015873015873,0.166666666666667,0.301587301587302,0.547619047619048,0.984126984126984,0.0714285714285714,0.142857142857143
0.0158730158730159,0.857142857142857,0.896825396825397,0.746031746031746,0.833333333333333,0.373015873015873,0.396825396825397,0.333333333333333,0.80952380952381,0.00793650793650794,0.753968253968254,0.428571428571429,0.904761904761905,0.841269841269841,0.293650793650794,0.0952380952380952,0.603174603174603,0.626984126984127,0.936507936507937,0.142857142857143,0.404761904761905,0.865079365079365,0.365079365079365,0.492063492063492,1,0.0238095238095238,0.238095238095238,0.150793650793651,0.46031746031746,0.0873015873015873,0.547619047619048,0.0634920634920635,0.698412698412698,0.0873015873015873,0.325396825396825,0.69047619047619,0.936507936507937,0.833333333333333,0.0952380952380952,0.380952380952381,0.0873015873015873,0.746031746031746,0.80952380952381,0.936507936507937,0.944444444444444,0.531746031746032,0.301587301587302,0.444444444444444,0.484126984126984,0.476190476190476,0.714285714285714,0.301587301587302,0.603174603174603,0.00793650793650794,0.150793650793651,0.507936507936508,0.888888888888889,0.150793650793651,0.920634920634921
0.674603174603175,1,0.277777777777778,0.222222222222222,1,0.80952380952381,0.333333333333333,0.5,1,0.992063492063492,0.714285714285714,0.571428571428571,0.214285714285714,0.76984126984127,0.0158730158730159,0.111111111111111,0.603174603174603,0.0714285714285714,0.285714285714286,0.761904761904762,0.436507936507937,0.484126984126984,0.849206349206349,0.174603174603175,0.595238095238095,0.738095238095238,0.666666666666667,0.873015873015873,0.444444444444444,0.222222222222222,0.817460317460317,0.317460317460317,0.341269841269841,0.563492063492063,0.484126984126984,0.150793650793651,0.833333333333333,0.619047619047619,0.23015873015873,0.76984126984127,0.277777777777778,0.976190476190476,0.261904761904762,0.555555555555556,0.206349206349206,0.896825396825397,0.412698412698413,0.341269841269841,0.0396825396825397,0.404761904761905,0.30952380952381,0.492063492063492,0.96031746031746,0.182539682539683,0.706349206349206,0.880952380952381,0.944444444444444,0.246031746031746,0.00793650793650794
0.857142857142857,0.833333333333333,0.00793650793650794,0.126984126984127,0.722222222222222,0.349206349206349,0.182539682539683,0.579365079365079,0.928571428571429,0.603174603174603,0.825396825396825,0.388888888888889,0.928571428571429,0.00793650793650794,0.126984126984127,0.571428571428571,0.246031746031746,0.698412698412698,0.380952380952381,0.19047619047619,0.666666666666667,0.658730158730159,0.396825396825397,0.761904761904762,0.0793650793650794,0.523809523809524,0.222222222222222,0.515873015873016,0.301587301587302,0.904761904761905,0.706349206349206,0.753968253968254,0.865079365079365,0.325396825396825,0.46031746031746,0.396825396825397,0.111111111111111,0.674603174603175,0.214285714285714,0.928571428571429,0.452380952380952,0.865079365079365,0.738095238095238,0.103174603174603,0.992063492063492,0.642857142857143,0.571428571428571,0.30952380952381,0.26984126984127,0.30952380952381,0.0634920634920635,0.261904761904762,0.444444444444444,0.920634920634921,0.26984126984127,0.468253968253968,0.174603174603175,0.0158730158730159,0.865079365079365
0.111111111111111,0.579365079365079,0.452380952380952,0.317460317460317,0.0873015873015873,0.833333333333333,0.452380952380952,0.396825396825397,0.492063492063492,0.46031746031746,0.142857142857143,0.976190476190476,0.888888888888889,0.412698412698413,0.206349206349206,0.0238095238095238,0.873015873015873,0.619047619047619,0.69047619047619,0.325396825396825,0.952380952380952,0.563492063492063,0.968253968253968,0.246031746031746,0.341269841269841,0.920634920634921,0.452380952380952,0.849206349206349,0.992063492063492,1,0.904761904761905,0.76984126984127,0.753968253968254,0.531746031746032,0.698412698412698,0.904761904761905,0.603174603174603,0.880952380952381,0.785714285714286,0.158730158730159,0.547619047619048,0.373015873015873,0.714285714285714,0.134920634920635,0.0317460317460317,0.595238095238095,0.142857142857143,0.76984126984127,0.26984126984127,1,0.19047619047619,0.928571428571429,0.484126984126984,0.738095238095238,0.928571428571429,0.785714285714286,0.349206349206349,0.579365079365079,0.396825396825397
0.126984126984127,0.904761904761905,0.642857142857143,0.920634920634921,0.182539682539683,0.253968253968254,0.277777777777778,0.944444444444444,0.380952380952381,0.476190476190476,0.73015873015873,0.849206349206349,0.722222222222222,0.880952380952381,0.880952380952381,0.0158730158730159,0.904761904761905,0.746031746031746,0.341269841269841,0.682539682539683,0.849206349206349,0.738095238095238,0.412698412698413,0.0873015873015873,0.317460317460317,0.801587301587302,0.555555555555556,0.571428571428571,0.825396825396825,0.833333333333333,1,0.642857142857143,0.246031746031746,0.261904761904762,0.682539682539683,0.5,0.484126984126984,0.5,0.76984126984127,0.873015873015873,0.373015873015873,0.563492063492063,0.388888888888889,0.46031746031746,0.436507936507937,0.253968253968254,0.611111111111111,0.46031746031746,0.23015873015873,0.865079365079365,0.214285714285714,0.253968253968254,0.436507936507937,0.357142857142857,0.896825396825397,1,0.515873015873016,0.23015873015873,0.698412698412698
0.325396825396825,0.476190476190476,0.428571428571429,0.944444444444444,0.563492063492063,0.293650793650794,0.904761904761905,0.436507936507937,0.103174603174603,0.555555555555556,0.0396825396825397,0.76984126984127,0.214285714285714,0.873015873015873,0.126984126984127,0.976190476190476,0.158730158730159,0.412698412698413,0.761904761904762,0.0158730158730159,0.674603174603175,0.388888888888889,0.468253968253968,0.80952380952381,0.968253968253968,0.349206349206349,0.888888888888889,0.777777777777778,0.73015873015873,0.26984126984127,0.444444444444444,0.507936507936508,0.968253968253968,0.793650793650794,0.30952380952381,0.76984126984127,0.96031746031746,0.865079365079365,0.563492063492063,0.412698412698413,0.777777777777778,0.468253968253968,0.0476190476190476,0.523809523809524,0.412698412698413,0.134920634920635,0.0873015873015873,0.206349206349206,0.388888888888889,0.222222222222222,0.714285714285714,0.619047619047619,0.658730158730159,0.412698412698413,0.373015873015873,0.698412698412698,0.30952380952381,0.76984126984127,0.642857142857143
0.0873015873015873,0.0158730158730159,0.587301587301587,0.603174603174603,0.0793650793650794,0.904761904761905,0.865079365079365,0.626984126984127,0.547619047619048,0.603174603174603,0.246031746031746,0.412698412698413,0.325396825396825,0.23015873015873,0.468253968253968,0.753968253968254,0.53968253968254,0.111111111111111,0.817460317460317,0.317460317460317,0.865079365079365,0.53968253968254,0.222222222222222,0.150793650793651,0.0238095238095238,0.182539682539683,0.26984126984127,0.80952380952381,0.166666666666667,0.880952380952381,0.0238095238095238,0.896825396825397,0.73015873015873,0.0873015873015873,0.976190476190476,0.0793650793650794,0.738095238095238,0.912698412698413,0.920634920634921,0.69047619047619,0.642857142857143,0.214285714285714,0.825396825396825,0.150793650793651,0.261904761904762,0.428571428571429,0.793650793650794,0.261904761904762,0.626984126984127,0.587301587301587,0,0.833333333333333,0.253968253968254,0.126984126984127,0.261904761904762,0.134920634920635,0.746031746031746,0.0317460317460317,0.0952380952380952
0.531746031746032,0.714285714285714,0.349206349206349,0.53968253968254,0.166666666666667,0.134920634920635,0.436507936507937,0.182539682539683,0.555555555555556,0.738095238095238,0.904761904761905,0.119047619047619,0.563492063492063,0.317460317460317,0.246031746031746,0.912698412698413,0.0634920634920635,0.984126984126984,0.857142857142857,0.619047619047619,0.468253968253968,0.515873015873016,0,0.301587301587302,0.865079365079365,0.992063492063492,0.174603174603175,0.833333333333333,0.444444444444444,0.111111111111111,0.19047619047619,0.357142857142857,0.738095238095238,0.587301587301587,0.301587301587302,0.626984126984127,0.365079365079365,0.936507936507937,0.19047619047619,0.261904761904762,0.865079365079365,0.19047619047619,0.801587301587302,0.246031746031746,0.111111111111111,0.150793650793651,0.563492063492063,0.166666666666667,0.658730158730159,0.96031746031746,0.00793650793650794,0.53968253968254,0.714285714285714,0.896825396825397,0.96031746031746,0.738095238095238,0.388888888888889,0.349206349206349,0
0.373015873015873,0.888888888888889,0.753968253968254,0.404761904761905,0.23015873015873,0.936507936507937,0.515873015873016,0.0873015873015873,0.206349206349206,0.73015873015873,0.420634920634921,0.452380952380952,0.968253968253968,0.603174603174603,0.436507936507937,0.674603174603175,0.5,0.714285714285714,0.142857142857143,0.603174603174603,0.579365079365079,0.706349206349206,0.388888888888889,0.182539682539683,0.00793650793650794,0.5,0.126984126984127,0.142857142857143,0.492063492063492,0.785714285714286,0.0714285714285714,0.412698412698413,0.0952380952380952,0.912698412698413,0.317460317460317,0.507936507936508,0.373015873015873,1,0.484126984126984,0.944444444444444,0.285714285714286,0.0714285714285714,0.111111111111111,0.0238095238095238,0.761904761904762,0.80952380952381,0.436507936507937,0.936507936507937,0.0158730158730159,0.547619047619048,1,1,0.857142857142857,0.873015873015873,0.325396825396825,0.126984126984127,0.674603174603175,0.246031746031746,0.26984126984127
0.515873015873016,0.507936507936508,0.357142857142857,0.849206349206349,0.698412698412698,0.984126984126984,0.26984126984127,0.301587301587302,0.246031746031746,0.531746031746032,0.182539682539683,0.0476190476190476,0.182539682539683,0.476190476190476,0.261904761904762,0.682539682539683,0.484126984126984,0.00793650793650794,0.642857142857143,0.198412698412698,0.365079365079365,0.611111111111111,0.865079365079365,0.841269841269841,0.595238095238095,0.515873015873016,0.944444444444444,0.746031746031746,0.420634920634921,0.650793650793651,0.880952380952381,0.420634920634921,0.428571428571429,0.626984126984127,0.238095238095238,0.0238095238095238,0.76984126984127,0.23015873015873,0.777777777777778,0.373015873015873,0.849206349206349,0.936507936507937,0.142857142857143,0.0873015873015873,0.285714285714286,0.23015873015873,0.0476190476190476,0.253968253968254,0.928571428571429,0.793650793650794,0.246031746031746,0.880952380952381,0.841269841269841,0.0793650793650794,0.373015873015873,0.349206349206349,0.507936507936508,0.357142857142857,0.658730158730159
0.222222222222222,0.722222222222222,0.523809523809524,0.30952380952381,0.119047619047619,0.611111111111111,0.452380952380952,0.944444444444444,0.682539682539683,0.365079365079365,0.674603174603175,0.579365079365079,0.301587301587302,0,0.984126984126984,0.46031746031746,0.182539682539683,1,0.0952380952380952,0.301587301587302,0,0.706349206349206,0.46031746031746,0.849206349206349,0.0873015873015873,0.888888888888889,0.246031746031746,0.301587301587302,0.373015873015873,0.214285714285714,0.182539682539683,0.23015873015873,0.515873015873016,0.119047619047619,0.444444444444444,0.619047619047619,0.507936507936508,0.833333333333333,0.579365079365079,0.0396825396825397,0.00793650793650794,0.666666666666667,0.73015873015873,0.293650793650794,0.841269841269841,0.0476190476190476,0.373015873015873,0.404761904761905,0.341269841269841,0.285714285714286,0.476190476190476,0.19047619047619,0.412698412698413,0.0238095238095238,0.222222222222222,0.714285714285714,0,0.388888888888889,0.888888888888889
0.0793650793650794,0.579365079365079,0.96031746031746,0.420634920634921,0.468253968253968,0.119047619047619,0,0.96031746031746,0.119047619047619,0.0238095238095238,0.825396825396825,0.484126984126984,0.603174603174603,0.158730158730159,0.547619047619048,0.412698412698413,0.5,0.634920634920635,0.206349206349206,0.976190476190476,0.992063492063492,0.103174603174603,0.5,0.682539682539683,0.246031746031746,0.0317460317460317,0.333333333333333,0.912698412698413,0.785714285714286,0.126984126984127,0.396825396825397,0.119047619047619,0.317460317460317,0.873015873015873,0.26984126984127,0.746031746031746,0.0873015873015873,0.00793650793650794,0.0317460317460317,0.468253968253968,0.150793650793651,0.515873015873016,0.920634920634921,0.555555555555556,0.0952380952380952,0.698412698412698,0.253968253968254,0.53968253968254,0.968253968253968,0.357142857142857,0.158730158730159,0.0873015873015873,0.912698412698413,0.698412698412698,0.984126984126984,0.642857142857143,0.928571428571429,0.0952380952380952,0.571428571428571
0.46031746031746,0.642857142857143,0.714285714285714,0.619047619047619,0.182539682539683,0.492063492063492,0.531746031746032,0.0238095238095238,0.880952380952381,0.785714285714286,0.642857142857143,0.0873015873015873,0.126984126984127,0.00793650793650794,0.198412698412698,0.293650793650794,0.158730158730159,0.174603174603175,0.547619047619048,0.944444444444444,0.404761904761905,0.833333333333333,0.404761904761905,0.253968253968254,0.468253968253968,0.420634920634921,0.198412698412698,0.174603174603175,0.674603174603175,0.420634920634921,0.198412698412698,0.341269841269841,0.0714285714285714,0.738095238095238,0.531746031746032,0.0555555555555556,0.222222222222222,0.484126984126984,0.206349206349206,0.484126984126984,0.904761904761905,0.626984126984127,0.373015873015873,0.563492063492063,0.619047619047619,0.0793650793650794,0.53968253968254,0.579365079365079,0.984126984126984,0.484126984126984,1,0.166666666666667,0,0.714285714285714,0.174603174603175,0.944444444444444,0.777777777777778,0.80952380952381,0.103174603174603
0.920634920634921,0.357142857142857,0.0793650793650794,0.952380952380952,0.26984126984127,0.0555555555555556,0.468253968253968,0.26984126984127,0.404761904761905,0.579365079365079,0.436507936507937,0.468253968253968,0.793650793650794,0.388888888888889,0.214285714285714,0.253968253968254,0.825396825396825,0.00793650793650794,0.849206349206349,0.896825396825397,0.317460317460317,0.587301587301587,0.301587301587302,0.920634920634921,0.698412698412698,0.571428571428571,0.46031746031746,0.888888888888889,0.206349206349206,0.0873015873015873,0.492063492063492,0.595238095238095,0.357142857142857,0.968253968253968,0.206349206349206,0.626984126984127,1,0.555555555555556,0.0158730158730159,0.69047619047619,0.936507936507937,0.182539682539683,0.928571428571429,0.912698412698413,0.134920634920635,0.261904761904762,0.111111111111111,0.841269841269841,0.357142857142857,0.325396825396825,0.69047619047619,0.111111111111111,0.150793650793651,0.246031746031746,0.563492063492063,0.76984126984127,0.952380952380952,0.158730158730159,0.0158730158730159
0.706349206349206,0.904761904761905,0.69047619047619,0.277777777777778,0.0714285714285714,1,0.0793650793650794,0.73015873015873,0.626984126984127,0.412698412698413,0.547619047619048,0.976190476190476,0.571428571428571,0.492063492063492,0.746031746031746,0.349206349206349,0.603174603174603,0.912698412698413,0.0158730158730159,0.80952380952381,0.69047619047619,0.428571428571429,0.904761904761905,0.920634920634921,0.277777777777778,0.103174603174603,0.841269841269841,0.0555555555555556,0.0952380952380952,0.579365079365079,0.984126984126984,0.626984126984127,0.825396825396825,0.23015873015873,0.753968253968254,0.119047619047619,0.00793650793650794,0.507936507936508,0.119047619047619,0.166666666666667,0.333333333333333,0.0714285714285714,0.626984126984127,0.507936507936508,0.722222222222222,0.753968253968254,0.253968253968254,0.293650793650794,0.666666666666667,0.222222222222222,0.492063492063492,0.682539682539683,0.349206349206349,0.833333333333333,0.452380952380952,0.968253968253968,0.777777777777778,0.658730158730159,0.634920634920635
0.865079365079365,0.468253968253968,0.992063492063492,0.928571428571429,0.642857142857143,0.301587301587302,0.785714285714286,0.706349206349206,0.293650793650794,0.341269841269841,0.23015873015873,0.0476190476190476,0.0952380952380952,0.373015873015873,0.452380952380952,0.0873015873015873,0.333333333333333,0.523809523809524,0.0476190476190476,0.380952380952381,0.293650793650794,0.111111111111111,0.0555555555555556,0.53968253968254,0.936507936507937,0.261904761904762,0.428571428571429,0.873015873015873,0.587301587301587,0.753968253968254,0.563492063492063,0.214285714285714,0.912698412698413,0.976190476190476,0.738095238095238,0.341269841269841,0.746031746031746,0.0714285714285714,1,0.928571428571429,0.682539682539683,0.96031746031746,0.761904761904762,0.650793650793651,0.920634920634921,0.579365079365079,0.0317460317460317,0.198412698412698,0.571428571428571,0.126984126984127,0.285714285714286,0.73015873015873,0.53968253968254,0.428571428571429,0.182539682539683,0.404761904761905,0.428571428571429,0.0238095238095238,0.555555555555556
0.436507936507937,0.53968253968254,0.388888888888889,0.444444444444444,0.817460317460317,0.865079365079365,0.587301587301587,0.944444444444444,0.285714285714286,0.396825396825397,0.944444444444444,0.53968253968254,0.80952380952381,0.817460317460317,0.817460317460317,0.944444444444444,0.849206349206349,0.380952380952381,0.238095238095238,0.444444444444444,0.365079365079365,0.19047619047619,0.920634920634921,0.888888888888889,0.658730158730159,0.714285714285714,0.26984126984127,0.0634920634920635,0.293650793650794,0.476190476190476,0.976190476190476,0.523809523809524,0.00793650793650794,0.0714285714285714,0.785714285714286,0.674603174603175,0.0476190476190476,0.0873015873015873,0.333333333333333,0.222222222222222,0.0555555555555556,0.293650793650794,0.373015873015873,1,0.873015873015873,0.650793650793651,0.0873015873015873,0.468253968253968,0.841269841269841,0.952380952380952,0.928571428571429,0.888888888888889,0.722222222222222,0.373015873015873,0.325396825396825,0.0793650793650794,0.134920634920635,0.857142857142857,0.0714285714285714
0.944444444444444,0.682539682539683,0.722222222222222,0.0714285714285714,0.468253968253968,0.134920634920635,0.984126984126984,0.26984126984127,0.357142857142857,0.0634920634920635,0.452380952380952,0.0158730158730159,0.0476190476190476,0.722222222222222,0.00793650793650794,0.293650793650794,0.0317460317460317,0.857142857142857,0.134920634920635,0.515873015873016,0.134920634920635,0.468253968253968,0.142857142857143,0.396825396825397,0.634920634920635,0.76984126984127,0.857142857142857,0.619047619047619,0.214285714285714,0.523809523809524,0.23015873015873,0.785714285714286,0.333333333333333,0.126984126984127,0.579365079365079,0.380952380952381,0.634920634920635,0.968253968253968,0.73015873015873,0.0634920634920635,0,0.30952380952381,0.650793650793651,0.936507936507937,0.293650793650794,0.00793650793650794,0.0158730158730159,0.420634920634921,0.579365079365079,0.452380952380952,0.277777777777778,0.277777777777778,0.206349206349206,0.936507936507937,0.80952380952381,0.174603174603175,0.595238095238095,0.944444444444444,0.777777777777778
0.738095238095238,0.365079365079365,0.547619047619048,0.380952380952381,0.150793650793651,0.206349206349206,0.626984126984127,0.650793650793651,0.888888888888889,0.261904761904762,0.96031746031746,0.0793650793650794,0.920634920634921,0.587301587301587,0.158730158730159,0.476190476190476,0.753968253968254,0.571428571428571,0.984126984126984,0.341269841269841,0.777777777777778,0.26984126984127,0.357142857142857,0.738095238095238,0.817460317460317,0.198412698412698,0.0952380952380952,0.0714285714285714,0.325396825396825,0.944444444444444,0.96031746031746,0.238095238095238,0.944444444444444,0.444444444444444,0.0476190476190476,0.880952380952381,0.206349206349206,0.333333333333333,0.142857142857143,0.00793650793650794,0.515873015873016,0.865079365079365,0.515873015873016,0.952380952380952,0.452380952380952,0.880952380952381,0.746031746031746,0.206349206349206,0.722222222222222,0.174603174603175,0.912698412698413,0.0714285714285714,0.714285714285714,0.325396825396825,0.492063492063492,0.849206349206349,0.246031746031746,0.801587301587302,0.468253968253968
0.349206349206349,0.126984126984127,0.76984126984127,0.00793650793650794,0.436507936507937,0.587301587301587,0.658730158730159,0.777777777777778,0.19047619047619,0.0238095238095238,0.912698412698413,0.341269841269841,0.507936507936508,0.325396825396825,0.76984126984127,0.476190476190476,0.103174603174603,0.119047619047619,0.873015873015873,0.873015873015873,0.388888888888889,0.119047619047619,0.341269841269841,0.428571428571429,0.23015873015873,0.523809523809524,0.206349206349206,0.801587301587302,0.515873015873016,0.642857142857143,0.0793650793650794,0.0238095238095238,0.5,0.634920634920635,0.19047619047619,0.825396825396825,0.753968253968254,0.738095238095238,0.388888888888889,0.642857142857143,0.873015873015873,0.166666666666667,0.904761904761905,0.896825396825397,0.412698412698413,0.285714285714286,0.174603174603175,0.476190476190476,0.317460317460317,0.253968253968254,0.134920634920635,0.23015873015873,0.158730158730159,0.753968253968254,0.198412698412698,0.325396825396825,0.73015873015873,0.642857142857143,0.0317460317460317
0.714285714285714,0.0396825396825397,0.515873015873016,0.206349206349206,0.674603174603175,0.158730158730159,1,0.436507936507937,0.793650793650794,0.761904761904762,0.142857142857143,0.738095238095238,0.253968253968254,0.706349206349206,0.785714285714286,0.793650793650794,0.349206349206349,0.785714285714286,0,0.261904761904762,0.619047619047619,0.452380952380952,0.547619047619048,0.134920634920635,0,0.515873015873016,0.420634920634921,0.119047619047619,0.80952380952381,0.761904761904762,0.619047619047619,0.5,0.150793650793651,0.0634920634920635,0.80952380952381,0.706349206349206,0.285714285714286,0.0952380952380952,0.896825396825397,0.428571428571429,0.801587301587302,0.0555555555555556,0.817460317460317,0.507936507936508,0.0793650793650794,0.365079365079365,0.73015873015873,0.928571428571429,0.595238095238095,0.26984126984127,0.76984126984127,0.182539682539683,0.293650793650794,0.492063492063492,0.0555555555555556,0.825396825396825,0.0158730158730159,0.0158730158730159,0.80952380952381
0.579365079365079,0.722222222222222,0.0238095238095238,0.277777777777778,0.595238095238095,0.555555555555556,0.00793650793650794,0.0158730158730159,0.484126984126984,0.428571428571429,0.753968253968254,0,0.158730158730159,0.0793650793650794,0.69047619047619,0.849206349206349,0.484126984126984,0.46031746031746,0.365079365079365,0.992063492063492,0.492063492063492,0.0158730158730159,0.388888888888889,0.0555555555555556,0.246031746031746,0.849206349206349,0.26984126984127,0.857142857142857,0.96031746031746,0.0952380952380952,0.285714285714286,0.26984126984127,0.166666666666667,0.619047619047619,0.579365079365079,0.285714285714286,0.817460317460317,0.26984126984127,0.0714285714285714,0.76984126984127,0.476190476190476,0.0396825396825397,0.698412698412698,0.857142857142857,0.912698412698413,0.150793650793651,0.888888888888889,0.349206349206349,0.611111111111111,0.53968253968254,0.301587301587302,0.476190476190476,0.436507936507937,0.515873015873016,0.492063492063492,0.793650793650794,0.253968253968254,0.134920634920635,0.619047619047619
0.753968253968254,0.23015873015873,0.238095238095238,0.46031746031746,0.0873015873015873,0.555555555555556,0.19047619047619,0.0793650793650794,0.880952380952381,0.96031746031746,0.650793650793651,0.182539682539683,0.928571428571429,0.722222222222222,0.0476190476190476,0.53968253968254,0.0476190476190476,0.880952380952381,0.23015873015873,0.166666666666667,0.642857142857143,0.817460317460317,0.206349206349206,0.444444444444444,0.944444444444444,1,0.968253968253968,0.333333333333333,0.896825396825397,0.126984126984127,0.30952380952381,0.952380952380952,0.984126984126984,0.968253968253968,0.555555555555556,0.317460317460317,0.873015873015873,0.801587301587302,0.873015873015873,0.0873015873015873,0.119047619047619,0.936507936507937,0.722222222222222,0.53968253968254,0.817460317460317,0.198412698412698,0.833333333333333,0.103174603174603,0.849206349206349,0.603174603174603,0.833333333333333,0.563492063492063,0.317460317460317,0.992063492063492,0.801587301587302,0.531746031746032,0.166666666666667,0.222222222222222,0.825396825396825
0.349206349206349,0.634920634920635,0.317460317460317,0.714285714285714,0.912698412698413,0.801587301587302,0.206349206349206,0.166666666666667,0.706349206349206,0.46031746031746,0.214285714285714,0.428571428571429,0.634920634920635,0.626984126984127,0.119047619047619,0.0634920634920635,0.650793650793651,0.0634920634920635,0.579365079365079,0.547619047619048,0.452380952380952,0.19047619047619,0.238095238095238,0.722222222222222,0.952380952380952,0.674603174603175,0.841269841269841,0.650793650793651,0.785714285714286,0.73015873015873,0.103174603174603,0.293650793650794,0.69047619047619,0.555555555555556,0.706349206349206,0.0555555555555556,0.492063492063492,0.23015873015873,0.420634920634921,0.452380952380952,0.0317460317460317,0.682539682539683,0.896825396825397,0.817460317460317,0.0714285714285714,0.976190476190476,0.888888888888889,0.857142857142857,1,0.23015873015873,0.436507936507937,0.325396825396825,0.301587301587302,0.936507936507937,0.753968253968254,0.611111111111111,0.111111111111111,0.0396825396825397,0.333333333333333
0.53968253968254,0.857142857142857,0.968253968253968,0.46031746031746,0.238095238095238,0.658730158730159,0.436507936507937,0.722222222222222,0.428571428571429,0.531746031746032,0.285714285714286,0.285714285714286,0.134920634920635,0.53968253968254,0.579365079365079,0.0158730158730159,0.571428571428571,0.658730158730159,0.412698412698413,0.611111111111111,0.206349206349206,0.984126984126984,0.976190476190476,0.642857142857143,0.984126984126984,0.880952380952381,0.880952380952381,0.388888888888889,0.111111111111111,0.595238095238095,0.325396825396825,1,0.142857142857143,0.507936507936508,0.46031746031746,0.333333333333333,0.642857142857143,0.365079365079365,0.380952380952381,0.992063492063492,0.222222222222222,0.722222222222222,0.619047619047619,0.817460317460317,0.30952380952381,0.293650793650794,0.103174603174603,0.753968253968254,0.103174603174603,0.126984126984127,0.0317460317460317,0.968253968253968,0.0317460317460317,0.69047619047619,0.658730158730159,0.579365079365079,0.253968253968254,0.30952380952381,0.452380952380952
0.206349206349206,0.23015873015873,1,0.865079365079365,0.555555555555556,0.888888888888889,0.984126984126984,0.984126984126984,0.722222222222222,0.674603174603175,0.365079365079365,0.944444444444444,0.341269841269841,0.277777777777778,0.515873015873016,0.634920634920635,0.96031746031746,0.944444444444444,0.841269841269841,0.976190476190476,0.380952380952381,0.738095238095238,0.865079365079365,0.0952380952380952,0.777777777777778,0.23015873015873,0.650793650793651,0.841269841269841,0.119047619047619,0.198412698412698,0.277777777777778,0.896825396825397,0.896825396825397,0.579365079365079,0.388888888888889,0.198412698412698,0.126984126984127,0.595238095238095,0.634920634920635,0.428571428571429,0.182539682539683,0.341269841269841,0.777777777777778,0.825396825396825,0.515873015873016,0.246031746031746,0.968253968253968,0.0555555555555556,0.0714285714285714,0.579365079365079,0.507936507936508,0.841269841269841,0.595238095238095,0.873015873015873,0.626984126984127,0.674603174603175,0.158730158730159,0.952380952380952,0.341269841269841
0.515873015873016,0.142857142857143,0.746031746031746,0.238095238095238,0.246031746031746,0.738095238095238,0.714285714285714,0.0634920634920635,0.349206349206349,0.00793650793650794,0.0555555555555556,0.619047619047619,0.0476190476190476,0.753968253968254,0.80952380952381,0.253968253968254,0.158730158730159,0.404761904761905,0.722222222222222,0.357142857142857,0.0952380952380952,0.0634920634920635,0.746031746031746,0.150793650793651,0.198412698412698,0.134920634920635,0.555555555555556,0.515873015873016,0.658730158730159,0.698412698412698,0.357142857142857,0.626984126984127,0.841269841269841,0.388888888888889,0.801587301587302,0.666666666666667,0.452380952380952,0.634920634920635,0.801587301587302,0.849206349206349,0.976190476190476,0.404761904761905,0.166666666666667,0.515873015873016,0.857142857142857,0.603174603174603,0.841269841269841,0.484126984126984,0.761904761904762,0.912698412698413,0.142857142857143,0.293650793650794,0.23015873015873,0.30952380952381,0.119047619047619,0.452380952380952,0.373015873015873,0.714285714285714,0.76984126984127
0.825396825396825,0.246031746031746,0.650793650793651,0.666666666666667,0.555555555555556,0.134920634920635,0.301587301587302,0.198412698412698,0.23015873015873,0.936507936507937,0.174603174603175,0.785714285714286,0.611111111111111,0.555555555555556,0.746031746031746,0.198412698412698,0.158730158730159,0.76984126984127,0.0238095238095238,0.142857142857143,0.634920634920635,0.80952380952381,0.626984126984127,0.26984126984127,0,0.182539682539683,0.714285714285714,0.611111111111111,0.420634920634921,0.571428571428571,0.0952380952380952,0.246031746031746,0.642857142857143,1,0.920634920634921,0.53968253968254,0.420634920634921,0.365079365079365,0.436507936507937,0.317460317460317,0.317460317460317,0.579365079365079,0.531746031746032,0.0555555555555556,0.0396825396825397,0.865079365079365,0.650793650793651,0.30952380952381,0.611111111111111,0.404761904761905,0.388888888888889,0.349206349206349,0.507936507936508,0.238095238095238,0.388888888888889,0.563492063492063,0.968253968253968,0.26984126984127,0.444444444444444
0.158730158730159,0.103174603174603,0.531746031746032,0.968253968253968,0.0238095238095238,0.976190476190476,0.150793650793651,0.420634920634921,0.0158730158730159,0.444444444444444,0.214285714285714,0.73015873015873,0.214285714285714,0.968253968253968,0.373015873015873,0.468253968253968,0.984126984126984,0,0.452380952380952,0.468253968253968,0.206349206349206,0.714285714285714,0.777777777777778,0.317460317460317,0.714285714285714,0.492063492063492,0.619047619047619,0.00793650793650794,0.0634920634920635,0.46031746031746,0.261904761904762,0.920634920634921,0.928571428571429,0.0714285714285714,0.396825396825397,0.992063492063492,0.793650793650794,0.246031746031746,0.0555555555555556,0.984126984126984,0.841269841269841,0,0.634920634920635,0.30952380952381,0.0396825396825397,0.198412698412698,0.182539682539683,0.992063492063492,0.984126984126984,0.111111111111111,0.849206349206349,0.698412698412698,0.714285714285714,0.436507936507937,0.595238095238095,0.388888888888889,0.595238095238095,0.666666666666667,0.698412698412698
0.920634920634921,0.984126984126984,0.206349206349206,0.357142857142857,0.849206349206349,0.23015873015873,0.936507936507937,0.547619047619048,0.634920634920635,0.0476190476190476,0.952380952380952,0.492063492063492,0.563492063492063,0.0396825396825397,0.817460317460317,0.873015873015873,0.650793650793651,0.261904761904762,0.825396825396825,0.777777777777778,0.619047619047619,0.444444444444444,0.833333333333333,0.317460317460317,0.166666666666667,0.380952380952381,0.0158730158730159,0.642857142857143,0.468253968253968,0.182539682539683,0.547619047619048,0.833333333333333,0.404761904761905,0.380952380952381,0.76984126984127,0.5,0.357142857142857,0.357142857142857,0.857142857142857,0.214285714285714,0.555555555555556,0.492063492063492,0.444444444444444,0.682539682539683,0.571428571428571,0.579365079365079,0.952380952380952,0.222222222222222,0.873015873015873,0.142857142857143,0.396825396825397,0.984126984126984,0.0873015873015873,0.0158730158730159,0.396825396825397,0.468253968253968,0.857142857142857,0.0476190476190476,0.523809523809524
0.666666666666667,0.158730158730159,0.19047619047619,0.555555555555556,0.436507936507937,0.333333333333333,0.30952380952381,0.888888888888889,0.341269841269841,0.817460317460317,0.507936507936508,0.753968253968254,0.119047619047619,0.111111111111111,0.849206349206349,0.603174603174603,0.111111111111111,0.317460317460317,0,0.333333333333333,0.507936507936508,0.0634920634920635,0.706349206349206,0.619047619047619,0.0555555555555556,0.69047619047619,0.785714285714286,0.349206349206349,0.873015873015873,0.261904761904762,0.119047619047619,0.166666666666667,0.182539682539683,0.976190476190476,0.206349206349206,0.642857142857143,0.158730158730159,0.976190476190476,0.238095238095238,0.992063492063492,0.388888888888889,0.0396825396825397,0.126984126984127,0.126984126984127,0,0.896825396825397,0.436507936507937,0.261904761904762,0.277777777777778,0.968253968253968,0.380952380952381,0.801587301587302,0.0476190476190476,0.595238095238095,0.634920634920635,0.611111111111111,0.285714285714286,0.198412698412698,0.96031746031746
0.166666666666667,0.873015873015873,0.912698412698413,0.333333333333333,0.0158730158730159,0.76984126984127,0.182539682539683,0.896825396825397,0.587301587301587,0.928571428571429,0.365079365079365,0.476190476190476,0.904761904761905,0.492063492063492,0.285714285714286,0.119047619047619,0.0793650793650794,0.206349206349206,0.126984126984127,0.0714285714285714,0.944444444444444,0.126984126984127,0.563492063492063,0.904761904761905,0.253968253968254,0.698412698412698,0.944444444444444,0.103174603174603,0.785714285714286,0.174603174603175,0.444444444444444,0.76984126984127,0.0476190476190476,0.00793650793650794,0.103174603174603,0.428571428571429,0.984126984126984,0.428571428571429,0.595238095238095,0.365079365079365,0.865079365079365,0.246031746031746,0.396825396825397,1,0.388888888888889,0.706349206349206,0.674603174603175,0.912698412698413,0.0396825396825397,0.904761904761905,0.0158730158730159,0.293650793650794,0.936507936507937,0.547619047619048,0.896825396825397,0.396825396825397,0.992063492063492,0.880952380952381,0.880952380952381
0.26984126984127,0.444444444444444,0.634920634920635,0.976190476190476,0.150793650793651,0.0793650793650794,0.0238095238095238,0.714285714285714,0.0238095238095238,0.325396825396825,0.277777777777778,0.531746031746032,0.682539682539683,0.833333333333333,0.26984126984127,0.507936507936508,0.952380952380952,0.412698412698413,0.603174603174603,0.515873015873016,0.285714285714286,0.293650793650794,0.198412698412698,0.261904761904762,0.761904761904762,0.880952380952381,0.0555555555555556,0.515873015873016,0.0476190476190476,0.246031746031746,0.452380952380952,0.674603174603175,0.468253968253968,0.349206349206349,0.817460317460317,0.603174603174603,0.00793650793650794,0.0793650793650794,0.833333333333333,0.174603174603175,0.523809523809524,0.492063492063492,0.484126984126984,0.0793650793650794,0.444444444444444,0.865079365079365,0.76984126984127,0.428571428571429,0.0317460317460317,0.357142857142857,0.357142857142857,0.603174603174603,0.277777777777778,0.753968253968254,0.420634920634921,0.428571428571429,0.80952380952381,0.404761904761905,0.650793650793651
0.706349206349206,0.579365079365079,0.246031746031746,0.849206349206349,0.746031746031746,0.428571428571429,0.515873015873016,0.0634920634920635,0.80952380952381,0.30952380952381,0.571428571428571,0.849206349206349,0.333333333333333,0.507936507936508,0.785714285714286,0.738095238095238,0.571428571428571,0.436507936507937,0.523809523809524,0.952380952380952,0.174603174603175,0.579365079365079,0.753968253968254,0.357142857142857,0.777777777777778,0.746031746031746,0.69047619047619,0.301587301587302,0.896825396825397,0.0158730158730159,0.119047619047619,0.817460317460317,0.380952380952381,0.5,0.992063492063492,0.23015873015873,0.103174603174603,0.198412698412698,0.134920634920635,0.587301587301587,0.0317460317460317,0.69047619047619,0.428571428571429,0.944444444444444,0.333333333333333,0.793650793650794,0.26984126984127,0.515873015873016,0.746031746031746,0.0714285714285714,0.468253968253968,0.0634920634920635,0.507936507936508,0.0555555555555556,0.555555555555556,0.166666666666667,0.595238095238095,0.888888888888889,0.103174603174603
0.365079365079365,0.992063492063492,0.404761904761905,0.349206349206349,0.658730158730159,0.777777777777778,0.857142857142857,0.523809523809524,0.380952380952381,0.96031746031746,0.841269841269841,0.142857142857143,0.80952380952381,0.238095238095238,0.404761904761905,0.841269841269841,0.738095238095238,0.111111111111111,0.46031746031746,0.73015873015873,0.976190476190476,0.936507936507937,0.26984126984127,0.507936507936508,0.761904761904762,0.793650793650794,0.222222222222222,0.0317460317460317,0.222222222222222,0.134920634920635,0.531746031746032,0.76984126984127,0.849206349206349,0.0396825396825397,0.595238095238095,0.246031746031746,0.412698412698413,0.53968253968254,0.53968253968254,0.968253968253968,0.261904761904762,0.158730158730159,0.134920634920635,0.0396825396825397,0.0873015873015873,0.293650793650794,0.166666666666667,0.825396825396825,0.76984126984127,0.849206349206349,0.293650793650794,0.714285714285714,0.666666666666667,0.158730158730159,0.452380952380952,0.301587301587302,0.753968253968254,0.380952380952381,0.714285714285714
0.150793650793651,0.0873015873015873,0.119047619047619,0.19047619047619,0.246031746031746,0.253968253968254,0.634920634920635,0.26984126984127,0.777777777777778,0.603174603174603,0.158730158730159,0.595238095238095,0.198412698412698,0.650793650793651,0.404761904761905,0.198412698412698,0.420634920634921,0.0793650793650794,0.301587301587302,0.468253968253968,0.817460317460317,0.873015873015873,0.920634920634921,0.873015873015873,0.412698412698413,0.547619047619048,0.53968253968254,0.579365079365079,0.849206349206349,0.0952380952380952,0.333333333333333,1,0.341269841269841,0.912698412698413,1,0.976190476190476,0.706349206349206,0.849206349206349,0.888888888888889,0.119047619047619,0.968253968253968,0.817460317460317,0.603174603174603,0.76984126984127,0.658730158730159,0.452380952380952,1,0.976190476190476,0.53968253968254,0.817460317460317,0.563492063492063,0.5,0.158730158730159,0.0317460317460317,0.865079365079365,0.69047619047619,0.404761904761905,0.523809523809524,0.738095238095238
0.992063492063492,0.619047619047619,0.246031746031746,0.865079365079365,0.793650793650794,0.150793650793651,0.0238095238095238,0.746031746031746,0.611111111111111,0.0634920634920635,0.428571428571429,0.563492063492063,0.785714285714286,0.222222222222222,0.253968253968254,0.674603174603175,0.761904761904762,0.5,0.412698412698413,0.253968253968254,0.428571428571429,0.761904761904762,0.801587301587302,0.214285714285714,0.531746031746032,0.920634920634921,0,0.00793650793650794,0.817460317460317,0.873015873015873,0.103174603174603,0.333333333333333,0.96031746031746,0.428571428571429,0.76984126984127,0.833333333333333,0.944444444444444,0.0238095238095238,0.23015873015873,0.928571428571429,0.214285714285714,0.293650793650794,0.73015873015873,0.277777777777778,0.896825396825397,0.222222222222222,0.301587301587302,0.142857142857143,0.5,0.888888888888889,0.0158730158730159,0.873015873015873,0.357142857142857,0.785714285714286,0.317460317460317,0.928571428571429,0.0873015873015873,0.873015873015873,0.492063492063492
0.682539682539683,0.595238095238095,0.0634920634920635,0.920634920634921,0.380952380952381,0.0555555555555556,1,0.301587301587302,0.523809523809524,0.388888888888889,0.492063492063492,0.301587301587302,0.246031746031746,0.912698412698413,0.388888888888889,0.396825396825397,0.30952380952381,0.396825396825397,0.785714285714286,0.142857142857143,0.706349206349206,0.126984126984127,0.198412698412698,0.476190476190476,0.746031746031746,0.333333333333333,0.0952380952380952,0.896825396825397,0.849206349206349,0.547619047619048,0.753968253968254,0.484126984126984,0.26984126984127,0.246031746031746,0.944444444444444,0.0317460317460317,0.944444444444444,0.53968253968254,0.380952380952381,0.452380952380952,0.984126984126984,0.849206349206349,0.912698412698413,0,0.873015873015873,0.00793650793650794,0.865079365079365,0.579365079365079,0.936507936507937,0.0158730158730159,0.634920634920635,0.96031746031746,0.0714285714285714,0.833333333333333,0.944444444444444,0.833333333333333,0.928571428571429,0.896825396825397,0.388888888888889
0.412698412698413,0.904761904761905,0.825396825396825,0.825396825396825,0.174603174603175,0.761904761904762,0.5,0.30952380952381,0.944444444444444,0.507936507936508,0.666666666666667,0.349206349206349,0.420634920634921,0.238095238095238,0.428571428571429,0.714285714285714,0.674603174603175,0.0238095238095238,0.150793650793651,0.396825396825397,0.468253968253968,0.611111111111111,0.626984126984127,0.142857142857143,0.515873015873016,0.238095238095238,0.920634920634921,0.80952380952381,0.134920634920635,0.150793650793651,0.261904761904762,0.373015873015873,0.134920634920635,0.293650793650794,0.579365079365079,0.26984126984127,0.912698412698413,0.0714285714285714,0.857142857142857,0.468253968253968,0.547619047619048,0.23015873015873,0.76984126984127,0.69047619047619,0.841269841269841,0.928571428571429,0.484126984126984,0.285714285714286,0.793650793650794,0.642857142857143,0.896825396825397,0.5,0,0.452380952380952,0.246031746031746,0.76984126984127,0.896825396825397,1,0.468253968253968
0.785714285714286,0.515873015873016,0.30952380952381,0.0793650793650794,0.404761904761905,0.992063492063492,0.396825396825397,0.817460317460317,0.246031746031746,0.976190476190476,0.301587301587302,0.174603174603175,0.579365079365079,0.706349206349206,0.0952380952380952,0.753968253968254,0.380952380952381,0.523809523809524,0.96031746031746,0.396825396825397,0.714285714285714,0.531746031746032,0.103174603174603,0.642857142857143,0.158730158730159,0.0952380952380952,0.968253968253968,0.0396825396825397,0.301587301587302,0.285714285714286,0.857142857142857,0.388888888888889,0.849206349206349,0.531746031746032,0.658730158730159,0.198412698412698,0.857142857142857,0.515873015873016,0.76984126984127,0.912698412698413,0.777777777777778,0.507936507936508,0.547619047619048,0.873015873015873,0.547619047619048,0.26984126984127,0.515873015873016,0.531746031746032,0.166666666666667,0.119047619047619,0.0873015873015873,0.793650793650794,0.452380952380952,0.880952380952381,0.595238095238095,0.30952380952381,0.134920634920635,0.126984126984127,0.53968253968254
0.0952380952380952,0.396825396825397,0.198412698412698,0.801587301587302,0.53968253968254,0.619047619047619,0.23015873015873,0.341269841269841,0.222222222222222,0.714285714285714,0.920634920634921,0.849206349206349,0.833333333333333,0.523809523809524,0.80952380952381,0.357142857142857,0.642857142857143,0.150793650793651,0.992063492063492,0.404761904761905,0.293650793650794,0.0476190476190476,0.452380952380952,0.825396825396825,0.658730158730159,0.0634920634920635,0.484126984126984,0.198412698412698,0.222222222222222,0.944444444444444,0.817460317460317,0.150793650793651,0.428571428571429,0.182539682539683,0.103174603174603,0.484126984126984,0.325396825396825,0.0396825396825397,0.507936507936508,0.0952380952380952,0.388888888888889,0.626984126984127,0.19047619047619,0.293650793650794,0.277777777777778,0.261904761904762,0.301587301587302,0.793650793650794,0.349206349206349,0.626984126984127,0.952380952380952,0.317460317460317,0.365079365079365,0.166666666666667,0.0952380952380952,0.0634920634920635,0.674603174603175,0.722222222222222,0.373015873015873
0.80952380952381,0.73015873015873,0.23015873015873,0.436507936507937,0.944444444444444,0.642857142857143,0.206349206349206,0.849206349206349,0.738095238095238,0.817460317460317,0.253968253968254,0.214285714285714,0.285714285714286,0.0396825396825397,0.666666666666667,0.206349206349206,0.801587301587302,0.0952380952380952,0.103174603174603,0.412698412698413,0.80952380952381,0.317460317460317,0.849206349206349,0.333333333333333,0.301587301587302,0.587301587301587,0.111111111111111,0.111111111111111,0.531746031746032,1,0.158730158730159,0.888888888888889,0.904761904761905,0.325396825396825,0.944444444444444,0.841269841269841,0.682539682539683,0.46031746031746,0.111111111111111,0.349206349206349,0.865079365079365,0.515873015873016,0.0952380952380952,0.444444444444444,0.761904761904762,0.817460317460317,0.555555555555556,0.761904761904762,0.111111111111111,0.119047619047619,0,0.0555555555555556,0.0158730158730159,0.00793650793650794,0.912698412698413,0.119047619047619,0.452380952380952,0.333333333333333,0.19047619047619
0.293650793650794,0.674603174603175,0.182539682539683,0.714285714285714,0.492063492063492,0.325396825396825,0.0634920634920635,0.0476190476190476,0.976190476190476,0.261904761904762,0.357142857142857,0.134920634920635,0.984126984126984,0.611111111111111,0.563492063492063,0.634920634920635,0.666666666666667,0.357142857142857,0.722222222222222,0.436507936507937,0.547619047619048,0.880952380952381,0.285714285714286,0.380952380952381,0.634920634920635,0.595238095238095,0.0396825396825397,0.365079365079365,0.0158730158730159,0.0793650793650794,0.349206349206349,0.880952380952381,0.515873015873016,0.96031746031746,0.674603174603175,0.777777777777778,0.571428571428571,0.444444444444444,0.182539682539683,0.793650793650794,0.507936507936508,0.761904761904762,0.53968253968254,0.865079365079365,0.357142857142857,0.722222222222222,0.801587301587302,0.0714285714285714,0.80952380952381,0.206349206349206,0.992063492063492,0.579365079365079,0.626984126984127,0.825396825396825,0.0634920634920635,1,0.380952380952381,0.992063492063492,0.634920634920635
0.650793650793651,0.0476190476190476,0.404761904761905,0.920634920634921,0.595238095238095,0.349206349206349,0.896825396825397,0.992063492063492,0.0555555555555556,0.158730158730159,0.619047619047619,0.0238095238095238,0.880952380952381,0.150793650793651,0.507936507936508,0.944444444444444,0.388888888888889,0.436507936507937,0.333333333333333,0.928571428571429,0.920634920634921,0.341269841269841,0.325396825396825,0.333333333333333,0.563492063492063,0.388888888888889,0.00793650793650794,0.325396825396825,0.444444444444444,0.603174603174603,0.912698412698413,0.5,0.73015873015873,0.444444444444444,0.801587301587302,0.587301587301587,0.301587301587302,0.357142857142857,0.5,0.785714285714286,0.333333333333333,0.0952380952380952,0.777777777777778,0.357142857142857,0.587301587301587,0.0952380952380952,1,0.412698412698413,0.714285714285714,1,0.46031746031746,0.777777777777778,0.992063492063492,0.611111111111111,0,0.26984126984127,0.912698412698413,0.555555555555556,0.126984126984127
0.944444444444444,0.571428571428571,0.0238095238095238,0.0238095238095238,0.412698412698413,0.896825396825397,0.753968253968254,0.325396825396825,0.476190476190476,0.0158730158730159,0.19047619047619,0.555555555555556,0.753968253968254,0.444444444444444,0.0476190476190476,0.658730158730159,0.73015873015873,0.563492063492063,0.5,0.880952380952381,0.317460317460317,0.396825396825397,0.579365079365079,0,0.333333333333333,0.30952380952381,0.317460317460317,0.555555555555556,0.428571428571429,0.174603174603175,0.817460317460317,0.293650793650794,0.992063492063492,0.753968253968254,0.611111111111111,0.396825396825397,0.150793650793651,0.492063492063492,0.261904761904762,0.841269841269841,0.873015873015873,0.817460317460317,1,0.833333333333333,0.468253968253968,0,0.468253968253968,1,0.238095238095238,0.873015873015873,0,0.19047619047619,0.873015873015873,0.0555555555555556,0.206349206349206,0.634920634920635,0.563492063492063,0.0793650793650794,0.119047619047619
0.801587301587302,0.753968253968254,0.579365079365079,0.365079365079365,0.880952380952381,0.30952380952381,0.738095238095238,0.531746031746032,0.928571428571429,0.944444444444444,0.611111111111111,0.317460317460317,0.111111111111111,0.547619047619048,0.880952380952381,0.0952380952380952,0.626984126984127,0.857142857142857,0.968253968253968,0.849206349206349,0.523809523809524,0.666666666666667,0.111111111111111,0.920634920634921,0,0.912698412698413,0.0555555555555556,0.603174603174603,0.0793650793650794,0,0.642857142857143,0.420634920634921,0.0714285714285714,0.206349206349206,0.793650793650794,0.849206349206349,0.0476190476190476,0.317460317460317,0.531746031746032,0.753968253968254,1,0.19047619047619,0.246031746031746,0.857142857142857,0.523809523809524,0.246031746031746,0.944444444444444,0.793650793650794,0.777777777777778,0.182539682539683,0.412698412698413,0.174603174603175,0.738095238095238,0.111111111111111,0.587301587301587,0.357142857142857,0.0238095238095238,0.896825396825397,0.674603174603175
0.611111111111111,0.5,0.896825396825397,0.674603174603175,0.698412698412698,0.944444444444444,0.531746031746032,0.626984126984127,0.658730158730159,0.0793650793650794,0.277777777777778,0.674603174603175,0.857142857142857,0.523809523809524,0.0714285714285714,0.976190476190476,0.793650793650794,0.285714285714286,0.865079365079365,0.388888888888889,0.0555555555555556,0.785714285714286,0.80952380952381,0.587301587301587,0.547619047619048,0.738095238095238,0.476190476190476,0.349206349206349,0.285714285714286,0.0317460317460317,0.976190476190476,0.452380952380952,0.198412698412698,0.888888888888889,0.388888888888889,0.96031746031746,1,0.634920634920635,0.30952380952381,0.277777777777778,0.46031746031746,0.666666666666667,0.246031746031746,0.746031746031746,0.142857142857143,0.777777777777778,0.563492063492063,0.492063492063492,0.253968253968254,0.888888888888889,0.0634920634920635,0.817460317460317,0.285714285714286,0.658730158730159,0.865079365079365,0.293650793650794,0.198412698412698,0.26984126984127,0.166666666666667
0.674603174603175,0.19047619047619,0.984126984126984,0.388888888888889,0.428571428571429,0.126984126984127,0.603174603174603,0.158730158730159,0.833333333333333,0.23015873015873,0.436507936507937,0.952380952380952,0.388888888888889,0.412698412698413,0.26984126984127,0.214285714285714,0.373015873015873,0.761904761904762,0.507936507936508,0.198412698412698,0.428571428571429,0.865079365079365,0.619047619047619,0.53968253968254,0.23015873015873,0.476190476190476,0.444444444444444,0.642857142857143,0.579365079365079,0.468253968253968,0.619047619047619,0.206349206349206,0.452380952380952,0.841269841269841,0.253968253968254,0.134920634920635,0.0317460317460317,0.126984126984127,0.00793650793650794,0.19047619047619,0.182539682539683,0.753968253968254,0.0793650793650794,0.746031746031746,1,0.817460317460317,0.166666666666667,0.388888888888889,0.936507936507937,0.301587301587302,0.928571428571429,0.126984126984127,0.634920634920635,0.944444444444444,0.349206349206349,0.0158730158730159,0.0317460317460317,0.23015873015873,0.198412698412698
0.650793650793651,0.476190476190476,0.928571428571429,0,0.436507936507937,0.793650793650794,0.373015873015873,0.619047619047619,0.0952380952380952,0.246031746031746,0.992063492063492,0.579365079365079,0.944444444444444,0.976190476190476,0.944444444444444,0.182539682539683,0.23015873015873,0.0793650793650794,0.563492063492063,0.825396825396825,0.785714285714286,0.301587301587302,0.134920634920635,0,1,0.174603174603175,0.857142857142857,0.0952380952380952,0.0158730158730159,0.658730158730159,0.0714285714285714,0.357142857142857,0.253968253968254,0.46031746031746,0.404761904761905,0.341269841269841,0.865079365079365,0.777777777777778,0.0555555555555556,0.142857142857143,0.111111111111111,0.984126984126984,0.293650793650794,0.880952380952381,0.126984126984127,0.119047619047619,0.634920634920635,0.53968253968254,0.936507936507937,0.904761904761905,0.738095238095238,0.658730158730159,0.150793650793651,0.301587301587302,0.658730158730159,0.111111111111111,0.0158730158730159,0.293650793650794,0.317460317460317
0.166666666666667,0.547619047619048,0.206349206349206,0.119047619047619,0.412698412698413,0.714285714285714,0.587301587301587,0.285714285714286,0.515873015873016,0.523809523809524,0.571428571428571,0.896825396825397,0.468253968253968,0.0952380952380952,0.222222222222222,0.420634920634921,0.333333333333333,0.595238095238095,0.650793650793651,0.26984126984127,0.793650793650794,0.738095238095238,0.841269841269841,0.214285714285714,0.785714285714286,0.00793650793650794,0.126984126984127,0.896825396825397,0.253968253968254,0.0873015873015873,0.595238095238095,0.103174603174603,0.166666666666667,0.76984126984127,0.468253968253968,0.936507936507937,0.111111111111111,0.0952380952380952,0.0793650793650794,0.484126984126984,0.492063492063492,0.0317460317460317,0.46031746031746,0.150793650793651,0.96031746031746,0.174603174603175,0.825396825396825,0.182539682539683,0.452380952380952,0.0952380952380952,0.825396825396825,0.404761904761905,0.46031746031746,0.277777777777778,0.222222222222222,0.642857142857143,0.682539682539683,0.198412698412698,0.69047619047619
0.246031746031746,0.80952380952381,0.357142857142857,0.174603174603175,0.880952380952381,0.0952380952380952,0.238095238095238,0.69047619047619,0.0158730158730159,0.658730158730159,0.428571428571429,0.904761904761905,0.849206349206349,0.357142857142857,0.912698412698413,0.619047619047619,0.0634920634920635,0.301587301587302,0.896825396825397,0.515873015873016,0.642857142857143,0.571428571428571,0.936507936507937,0.380952380952381,0.5,0.301587301587302,0.111111111111111,0.698412698412698,0.746031746031746,0.952380952380952,0.492063492063492,0.76984126984127,0,0.111111111111111,0.865079365079365,0.444444444444444,0.698412698412698,0.484126984126984,0.134920634920635,0.880952380952381,0.388888888888889,0.0238095238095238,0.880952380952381,0.428571428571429,0.738095238095238,1,0.515873015873016,0.198412698412698,0.00793650793650794,0.984126984126984,0.650793650793651,0.119047619047619,0.80952380952381,0.30952380952381,0.341269841269841,0.658730158730159,0.579365079365079,0.587301587301587,0.452380952380952
0.912698412698413,0.325396825396825,0.0476190476190476,0.888888888888889,0.0238095238095238,0.992063492063492,0.277777777777778,0.738095238095238,0.158730158730159,0.0952380952380952,0.119047619047619,1,0.642857142857143,0.0793650793650794,0.595238095238095,0.698412698412698,0.666666666666667,0.365079365079365,0.333333333333333,0.0317460317460317,0.134920634920635,0.126984126984127,0.30952380952381,0.722222222222222,0.0555555555555556,0.317460317460317,0.80952380952381,0.150793650793651,0.706349206349206,0.412698412698413,0.880952380952381,0.515873015873016,0.0317460317460317,0.53968253968254,0.984126984126984,0.119047619047619,0.579365079365079,0.674603174603175,0.253968253968254,0.150793650793651,0.134920634920635,0.722222222222222,0.714285714285714,0.650793650793651,0.277777777777778,0.317460317460317,0.0238095238095238,0.968253968253968,0.952380952380952,0.69047619047619,0.587301587301587,0.0396825396825397,0.253968253968254,0.968253968253968,0.468253968253968,0.452380952380952,0.452380952380952,0.968253968253968,0.714285714285714
0.5,0.523809523809524,0.261904761904762,0.476190476190476,0.928571428571429,0.134920634920635,0.158730158730159,0.626984126984127,1,0.111111111111111,0.0396825396825397,0.103174603174603,0.793650793650794,0.492063492063492,0.158730158730159,0.0238095238095238,0.26984126984127,0.119047619047619,0.76984126984127,0.992063492063492,0.817460317460317,0.865079365079365,0.722222222222222,0.333333333333333,0.468253968253968,0.436507936507937,0.301587301587302,0.388888888888889,0.658730158730159,0.325396825396825,0.722222222222222,0.603174603174603,0.817460317460317,0.0238095238095238,0.706349206349206,0.214285714285714,0.698412698412698,0.785714285714286,0.76984126984127,0.944444444444444,0.404761904761905,0.658730158730159,0.634920634920635,0.23015873015873,0.674603174603175,0.952380952380952,0.0714285714285714,0.69047619047619,0.0317460317460317,0.0158730158730159,0.777777777777778,0.0476190476190476,0.968253968253968,0.119047619047619,0.0634920634920635,0.412698412698413,0.166666666666667,0.626984126984127,0.952380952380952
0.404761904761905,0.698412698412698,0.849206349206349,0.992063492063492,0.214285714285714,0.357142857142857,0.793650793650794,0.507936507936508,0.492063492063492,0.523809523809524,0.531746031746032,0.952380952380952,0.777777777777778,0.96031746031746,0.650793650793651,0.595238095238095,0.150793650793651,0.0158730158730159,0.0793650793650794,0.0952380952380952,0.333333333333333,0.380952380952381,0.476190476190476,0.817460317460317,0.26984126984127,0.650793650793651,0.142857142857143,0.80952380952381,0.626984126984127,0.674603174603175,0.793650793650794,0.388888888888889,0.246031746031746,0.666666666666667,0.325396825396825,0.261904761904762,0.817460317460317,0.611111111111111,0.706349206349206,0.753968253968254,0.531746031746032,0.714285714285714,0.444444444444444,0,0.00793650793650794,0.0714285714285714,0.380952380952381,0.857142857142857,0.404761904761905,0.0634920634920635,0.380952380952381,0.944444444444444,0.888888888888889,0.142857142857143,0.69047619047619,0.198412698412698,1,0.380952380952381,0.484126984126984
0.880952380952381,0.46031746031746,0.888888888888889,0.603174603174603,0.214285714285714,0.26984126984127,0.523809523809524,0.666666666666667,0.404761904761905,0.841269841269841,0.317460317460317,0.817460317460317,0.571428571428571,0.285714285714286,0.380952380952381,0.968253968253968,0.761904761904762,0.484126984126984,0.976190476190476,0.888888888888889,0.103174603174603,0.174603174603175,0.746031746031746,0.523809523809524,0.873015873015873,0.611111111111111,0.365079365079365,0.777777777777778,0.563492063492063,0.261904761904762,0.817460317460317,0.0476190476190476,0.619047619047619,0.928571428571429,0.349206349206349,0.571428571428571,0.111111111111111,0.706349206349206,0.150793650793651,0.00793650793650794,0.944444444444444,0.126984126984127,0.619047619047619,0.380952380952381,0.380952380952381,0.658730158730159,0.19047619047619,0.69047619047619,0.841269841269841,0.468253968253968,0.587301587301587,0.0634920634920635,0.174603174603175,0.0476190476190476,0.396825396825397,0.80952380952381,0.317460317460317,0.365079365079365,0.626984126984127
0.484126984126984,0.547619047619048,0.992063492063492,0.388888888888889,0.134920634920635,0.833333333333333,0.952380952380952,0.373015873015873,0.873015873015873,0.674603174603175,0.547619047619048,0.706349206349206,0.325396825396825,0.349206349206349,0.976190476190476,0.523809523809524,0.738095238095238,0.674603174603175,0.976190476190476,0.166666666666667,0.404761904761905,0.674603174603175,0.825396825396825,0.325396825396825,0.595238095238095,0.666666666666667,0,0.238095238095238,0.0317460317460317,0.587301587301587,0.365079365079365,0.174603174603175,0.865079365079365,0.341269841269841,0.166666666666667,1,0.841269841269841,0.261904761904762,0.817460317460317,0.73015873015873,0.984126984126984,0.396825396825397,0.23015873015873,0.420634920634921,0,0.0634920634920635,0.420634920634921,0.46031746031746,0.349206349206349,0.666666666666667,0.333333333333333,0.777777777777778,0.714285714285714,0.301587301587302,0.611111111111111,0.174603174603175,0.222222222222222,0.214285714285714,0.666666666666667
0,0.261904761904762,0.547619047619048,0.420634920634921,0.396825396825397,0.865079365079365,0.904761904761905,0.0317460317460317,0.26984126984127,0.76984126984127,0.103174603174603,0.634920634920635,0.198412698412698,0.317460317460317,0.30952380952381,0.0317460317460317,0.452380952380952,0.182539682539683,0.0396825396825397,0.515873015873016,0.00793650793650794,0.936507936507937,0.238095238095238,0.341269841269841,0.920634920634921,0.817460317460317,0.595238095238095,0.325396825396825,0.30952380952381,0.0317460317460317,0.365079365079365,0.944444444444444,0.253968253968254,0.531746031746032,0.611111111111111,0.0317460317460317,0.666666666666667,0.30952380952381,0.0952380952380952,0.793650793650794,0.849206349206349,0.341269841269841,0.944444444444444,0.666666666666667,0.333333333333333,0.515873015873016,0.547619047619048,0.992063492063492,0.888888888888889,0.753968253968254,0.222222222222222,0.293650793650794,0.0317460317460317,0.214285714285714,0.515873015873016,0.150793650793651,0.317460317460317,0.182539682539683,0.547619047619048
0.0634920634920635,0.150793650793651,0.468253968253968,0.46031746031746,0.849206349206349,0.222222222222222,0.261904761904762,0.158730158730159,0.80952380952381,0.0952380952380952,0.80952380952381,0.753968253968254,0.158730158730159,0.984126984126984,0.507936507936508,0.380952380952381,0.30952380952381,0.341269841269841,0.880952380952381,0.261904761904762,0.817460317460317,0.00793650793650794,0.00793650793650794,0.142857142857143,0.198412698412698,0,0.714285714285714,0.261904761904762,0.341269841269841,0.738095238095238,0.563492063492063,0.126984126984127,0.920634920634921,0.69047619047619,0.119047619047619,0.96031746031746,0.880952380952381,0.722222222222222,0.0317460317460317,0.650793650793651,0.0396825396825397,0.0634920634920635,0.0714285714285714,0.968253968253968,0.547619047619048,0.507936507936508,0.412698412698413,0.0476190476190476,0.452380952380952,0.571428571428571,0.26984126984127,0.587301587301587,0.714285714285714,0.777777777777778,0.761904761904762,0.357142857142857,0.119047619047619,0.73015873015873,0.579365079365079
0.111111111111111,0.150793650793651,0.920634920634921,0.373015873015873,0.349206349206349,0.706349206349206,0.380952380952381,0.849206349206349,0.0396825396825397,0.571428571428571,0.0714285714285714,0.904761904761905,0.46031746031746,0.944444444444444,0.111111111111111,0.365079365079365,0.484126984126984,0.23015873015873,0.928571428571429,0.0158730158730159,0.0396825396825397,0.428571428571429,0.261904761904762,0.642857142857143,0.714285714285714,0.857142857142857,0.373015873015873,0.492063492063492,0.785714285714286,0.373015873015873,0.944444444444444,0.0476190476190476,0.444444444444444,0.785714285714286,0.253968253968254,0.682539682539683,0.357142857142857,0.595238095238095,0.888888888888889,0.611111111111111,0.912698412698413,0.436507936507937,0.865079365079365,0.801587301587302,0.396825396825397,0.873015873015873,0.30952380952381,0.841269841269841,0.547619047619048,0.388888888888889,1,0.833333333333333,0.0476190476190476,0.992063492063492,0.380952380952381,0.777777777777778,0.761904761904762,0.0158730158730159,0.46031746031746
0.825396825396825,0.912698412698413,0.666666666666667,0.777777777777778,0.563492063492063,0.0158730158730159,0.817460317460317,0.0396825396825397,0.793650793650794,0.246031746031746,0.182539682539683,0.642857142857143,0.26984126984127,0.738095238095238,0.73015873015873,0.904761904761905,0.365079365079365,0.642857142857143,0.944444444444444,0.0317460317460317,0.626984126984127,0.19047619047619,0.444444444444444,0.626984126984127,0.849206349206349,0.46031746031746,0.634920634920635,0.952380952380952,0.825396825396825,0.158730158730159,0.333333333333333,0.444444444444444,0.333333333333333,0.452380952380952,0.119047619047619,0.0476190476190476,0.801587301587302,0.80952380952381,0.841269841269841,0.611111111111111,0.698412698412698,0.801587301587302,0.134920634920635,0.317460317460317,0.825396825396825,0.841269841269841,0.484126984126984,0.126984126984127,0.738095238095238,0.888888888888889,0.357142857142857,0.857142857142857,0.23015873015873,0.642857142857143,0.634920634920635,0.896825396825397,0.444444444444444,0.96031746031746,0.992063492063492
0,0.793650793650794,0.452380952380952,0.452380952380952,0.777777777777778,0.0555555555555556,0.111111111111111,0.380952380952381,0.222222222222222,0.857142857142857,0.944444444444444,0.246031746031746,0.968253968253968,0.0396825396825397,0.349206349206349,0.928571428571429,0.19047619047619,0.626984126984127,0.23015873015873,0.428571428571429,0.0873015873015873,0.746031746031746,0.317460317460317,0.841269841269841,0.682539682539683,0.341269841269841,0.428571428571429,0.904761904761905,0.0952380952380952,0.69047619047619,0.650793650793651,0.0555555555555556,0.888888888888889,0.26984126984127,0,0.896825396825397,0.0873015873015873,0.0952380952380952,0.206349206349206,0.746031746031746,0.571428571428571,0.761904761904762,0.793650793650794,0.333333333333333,0.912698412698413,0.968253968253968,0.976190476190476,0.523809523809524,0.793650793650794,0.96031746031746,0.976190476190476,0.912698412698413,0.30952380952381,0.611111111111111,0.23015873015873,0.619047619047619,0.142857142857143,0.492063492063492,0.865079365079365
0.96031746031746,0.658730158730159,0.142857142857143,0.0952380952380952,0.452380952380952,0.674603174603175,0.753968253968254,0.793650793650794,0.396825396825397,0.777777777777778,0.857142857142857,0.833333333333333,0.373015873015873,0.968253968253968,0.246031746031746,0.69047619047619,0.373015873015873,0.0476190476190476,0.515873015873016,0.492063492063492,0.0952380952380952,0.436507936507937,0.23015873015873,0.0873015873015873,0.420634920634921,0.563492063492063,0.952380952380952,0.666666666666667,0,0.0476190476190476,0.952380952380952,0.365079365079365,0.753968253968254,0.912698412698413,0.325396825396825,0.46031746031746,0.166666666666667,0.198412698412698,0.634920634920635,0.174603174603175,0.142857142857143,0.198412698412698,0.19047619047619,0.698412698412698,0.0158730158730159,0.984126984126984,0.365079365079365,0.880952380952381,0.714285714285714,0.849206349206349,0.111111111111111,0.69047619047619,0.412698412698413,0.793650793650794,0.579365079365079,0.253968253968254,0.253968253968254,0.611111111111111,0.706349206349206
0.547619047619048,0.436507936507937,0.158730158730159,0.698412698412698,0.531746031746032,0.698412698412698,0.563492063492063,0.880952380952381,0.238095238095238,0.142857142857143,0.849206349206349,0.928571428571429,0.603174603174603,0.753968253968254,0.682539682539683,0.26984126984127,0.904761904761905,0.317460317460317,0.880952380952381,0.73015873015873,0.134920634920635,0.523809523809524,0.69047619047619,0.817460317460317,0,0.746031746031746,0.214285714285714,0.357142857142857,0.103174603174603,0.563492063492063,0.634920634920635,0.404761904761905,0.00793650793650794,0.714285714285714,0.198412698412698,0.166666666666667,0.476190476190476,0.119047619047619,0.373015873015873,0.103174603174603,0.603174603174603,0.888888888888889,0.261904761904762,0.761904761904762,0.817460317460317,0.380952380952381,0,0.76984126984127,0.976190476190476,0.174603174603175,0.00793650793650794,0.650793650793651,0.325396825396825,0.849206349206349,0.611111111111111,0.222222222222222,0.26984126984127,0.904761904761905,0.619047619047619
0.587301587301587,0.0714285714285714,0.0317460317460317,0.261904761904762,0.603174603174603,0.420634920634921,0.492063492063492,0.674603174603175,0.603174603174603,0.698412698412698,0.944444444444444,0.452380952380952,0.388888888888889,0.738095238095238,0.634920634920635,0.30952380952381,0.658730158730159,0.134920634920635,0.658730158730159,0.944444444444444,0.452380952380952,0.515873015873016,0.761904761904762,0.214285714285714,0.698412698412698,0.222222222222222,0.944444444444444,0.880952380952381,0.365079365079365,0.0317460317460317,0.420634920634921,0.246031746031746,0.182539682539683,0.396825396825397,0.46031746031746,0.753968253968254,0.404761904761905,0.341269841269841,0.428571428571429,0.119047619047619,0.642857142857143,0.912698412698413,0.484126984126984,0.880952380952381,0.23015873015873,0.920634920634921,0.349206349206349,0.793650793650794,0.0634920634920635,0.103174603174603,0.214285714285714,0.793650793650794,0.492063492063492,0.976190476190476,0.0634920634920635,0.904761904761905,0.603174603174603,0.111111111111111,0.857142857142857
0.0238095238095238,0.476190476190476,0.761904761904762,0.206349206349206,0.103174603174603,0.849206349206349,0.666666666666667,0.277777777777778,0.174603174603175,0.0317460317460317,0.611111111111111,0.158730158730159,0.150793650793651,0.563492063492063,0.642857142857143,0.420634920634921,0.968253968253968,0.158730158730159,0.69047619047619,0.777777777777778,0.222222222222222,0.833333333333333,0.674603174603175,0.182539682539683,0.619047619047619,0.19047619047619,0.277777777777778,0.753968253968254,0.793650793650794,0.46031746031746,0,0.682539682539683,0.80952380952381,0.896825396825397,0.301587301587302,0.928571428571429,0.174603174603175,0.674603174603175,0.595238095238095,0.69047619047619,0.150793650793651,0.293650793650794,0.333333333333333,0.357142857142857,0.698412698412698,0.531746031746032,0.484126984126984,0.150793650793651,0.46031746031746,0.912698412698413,0.0873015873015873,0.746031746031746,0.436507936507937,0.928571428571429,0.706349206349206,0.523809523809524,0.666666666666667,0.182539682539683,0.595238095238095
0.595238095238095,0.373015873015873,0.0714285714285714,0.714285714285714,0.341269841269841,0,0.873015873015873,0.19047619047619,0.0238095238095238,0.658730158730159,0,0,0.746031746031746,0.912698412698413,0.333333333333333,0.325396825396825,0.0793650793650794,0.0952380952380952,0.595238095238095,0.714285714285714,0.0634920634920635,0.5,0.658730158730159,0.174603174603175,0.476190476190476,0.777777777777778,0,0.150793650793651,0.253968253968254,0.674603174603175,0.96031746031746,0.555555555555556,0.0714285714285714,0.134920634920635,0.0238095238095238,0.214285714285714,0.30952380952381,0.214285714285714,0.650793650793651,0.896825396825397,0.373015873015873,0.134920634920635,0.920634920634921,0.404761904761905,0.0317460317460317,0.857142857142857,0.0873015873015873,0.214285714285714,0.0714285714285714,0.0476190476190476,0.444444444444444,0.69047619047619,0.452380952380952,0.0793650793650794,0.253968253968254,0.142857142857143,0.206349206349206,0.0158730158730159,0.0476190476190476
0.452380952380952,0.261904761904762,0.793650793650794,0.166666666666667,0.920634920634921,0.246031746031746,0.626984126984127,0.5,0.46031746031746,0.452380952380952,0.119047619047619,0.857142857142857,0.126984126984127,0.69047619047619,0.293650793650794,0.595238095238095,0.30952380952381,0.293650793650794,0.468253968253968,0.722222222222222,0.357142857142857,0.134920634920635,0.73015873015873,0.0158730158730159,0.658730158730159,0.928571428571429,0.0238095238095238,0.436507936507937,0.468253968253968,0.277777777777778,0.333333333333333,0.912698412698413,0.214285714285714,0.428571428571429,0.904761904761905,0.73015873015873,0.619047619047619,0.888888888888889,0.396825396825397,0.746031746031746,0.674603174603175,0.674603174603175,0.388888888888889,0.26984126984127,0.166666666666667,0.944444444444444,0.587301587301587,0.436507936507937,0.714285714285714,0.388888888888889,0.349206349206349,0.452380952380952,1,0.341269841269841,0.222222222222222,0.904761904761905,0.666666666666667,0.285714285714286,0.19047619047619
0.396825396825397,0.428571428571429,0.0634920634920635,0.492063492063492,0.476190476190476,0.658730158730159,0.404761904761905,0.761904761904762,0.682539682539683,0.571428571428571,0.253968253968254,0.174603174603175,0.404761904761905,0.801587301587302,0.492063492063492,0,0.888888888888889,0.198412698412698,0.896825396825397,0.0714285714285714,0.341269841269841,0.119047619047619,0.0952380952380952,0,0.682539682539683,0.0634920634920635,0.793650793650794,0.531746031746032,0.888888888888889,0.420634920634921,0.30952380952381,0.246031746031746,0.119047619047619,0.5,0.896825396825397,0.412698412698413,0.444444444444444,0.452380952380952,0.777777777777778,0.865079365079365,0.19047619047619,0.0873015873015873,0.753968253968254,0.714285714285714,0.476190476190476,0.277777777777778,0.0158730158730159,0.238095238095238,0.404761904761905,0.206349206349206,0.0634920634920635,0.222222222222222,0.865079365079365,0.785714285714286,0.753968253968254,0.428571428571429,0.531746031746032,0.523809523809524,0.682539682539683
0.841269841269841,0.420634920634921,0.80952380952381,0.984126984126984,0.00793650793650794,0.325396825396825,0.650793650793651,0.277777777777778,0.73015873015873,0.761904761904762,0.714285714285714,0.896825396825397,0.277777777777778,0.19047619047619,0.174603174603175,0.928571428571429,0.714285714285714,0.920634920634921,0.396825396825397,0.0476190476190476,0.642857142857143,0.46031746031746,0.357142857142857,0.619047619047619,0.468253968253968,0.666666666666667,0.674603174603175,0.976190476190476,0.0396825396825397,0.928571428571429,0.388888888888889,0.277777777777778,0.0158730158730159,0.603174603174603,0.634920634920635,0.873015873015873,0.928571428571429,0.388888888888889,0.444444444444444,0.444444444444444,0.849206349206349,0.80952380952381,0.380952380952381,0.968253968253968,0.904761904761905,0.373015873015873,1,0.365079365079365,0.0634920634920635,0.142857142857143,0.0555555555555556,0.595238095238095,0.222222222222222,0.912698412698413,0.976190476190476,0.253968253968254,0.73015873015873,0.468253968253968,0.119047619047619
0.468253968253968,0.650793650793651,0.888888888888889,0.293650793650794,0.5,0.507936507936508,0.333333333333333,0.547619047619048,0.325396825396825,0.587301587301587,0.920634920634921,0.30952380952381,0.5,0.698412698412698,0.222222222222222,0.388888888888889,0.23015873015873,0.777777777777778,0.801587301587302,0.547619047619048,0.0555555555555556,0.595238095238095,0.96031746031746,0.476190476190476,0.253968253968254,0.468253968253968,0.341269841269841,0.69047619047619,0.0476190476190476,0,0.682539682539683,0.658730158730159,0.134920634920635,0.873015873015873,0.928571428571429,0.650793650793651,0.388888888888889,0.626984126984127,0.912698412698413,0.785714285714286,0.706349206349206,0.634920634920635,0.642857142857143,0.76984126984127,0.920634920634921,0.26984126984127,0.912698412698413,0.261904761904762,0.380952380952381,0.19047619047619,0.277777777777778,0.857142857142857,0.19047619047619,0.261904761904762,0.817460317460317,0.222222222222222,0.182539682539683,0.277777777777778,0.865079365079365
0.984126984126984,0.793650793650794,0.30952380952381,0.579365079365079,0.579365079365079,0.896825396825397,0.142857142857143,0.158730158730159,0.825396825396825,0.587301587301587,0.682539682539683,0.277777777777778,0.468253968253968,0.357142857142857,0.817460317460317,0.857142857142857,0.126984126984127,0.603174603174603,0.30952380952381,0.531746031746032,0.0952380952380952,0.0396825396825397,0.944444444444444,0.817460317460317,0.634920634920635,0.944444444444444,0.944444444444444,0.373015873015873,0.674603174603175,0.246031746031746,0.174603174603175,1,0.214285714285714,0.785714285714286,0.444444444444444,0.23015873015873,0.920634920634921,0.404761904761905,0.674603174603175,0.595238095238095,0.412698412698413,0.23015873015873,0.206349206349206,0.436507936507937,0.436507936507937,0.53968253968254,0.396825396825397,0.547619047619048,0.96031746031746,0.325396825396825,0.198412698412698,0.777777777777778,0.595238095238095,0.46031746031746,0.952380952380952,0.698412698412698,0.650793650793651,0.222222222222222,0.0555555555555556
0.785714285714286,0.80952380952381,0.849206349206349,0.793650793650794,0.793650793650794,0.555555555555556,0.174603174603175,0.0238095238095238,0.888888888888889,0.142857142857143,0.357142857142857,0.19047619047619,0.0476190476190476,0.857142857142857,0.714285714285714,0.76984126984127,0.436507936507937,0.984126984126984,0.0158730158730159,0.968253968253968,0.341269841269841,0.341269841269841,0.444444444444444,0.706349206349206,0.103174603174603,0.674603174603175,1,0.444444444444444,0.611111111111111,0.96031746031746,0.944444444444444,0.666666666666667,0.785714285714286,0.325396825396825,0.523809523809524,0.746031746031746,0.674603174603175,0.833333333333333,0.333333333333333,0.833333333333333,0.746031746031746,0.587301587301587,1,0.222222222222222,0.0317460317460317,0.73015873015873,0.944444444444444,0.111111111111111,0.634920634920635,0.246031746031746,0.658730158730159,0.285714285714286,0.555555555555556,0.206349206349206,0.642857142857143,0.126984126984127,0.841269841269841,0.404761904761905,0.611111111111111
0.373015873015873,0.984126984126984,0.579365079365079,0.698412698412698,0.515873015873016,0.277777777777778,0.174603174603175,0.19047619047619,0.603174603174603,0.555555555555556,0.492063492063492,0.277777777777778,0.142857142857143,0.523809523809524,0.301587301587302,0.714285714285714,0.920634920634921,0.841269841269841,0.365079365079365,0.896825396825397,0.277777777777778,0.777777777777778,0.134920634920635,0.484126984126984,0.293650793650794,0.753968253968254,0.30952380952381,0.0873015873015873,0.841269841269841,0.111111111111111,0.150793650793651,0.880952380952381,0.571428571428571,0.261904761904762,0.603174603174603,0.428571428571429,0.634920634920635,0.746031746031746,0.00793650793650794,0.349206349206349,0.00793650793650794,0.785714285714286,0.349206349206349,0.531746031746032,0.301587301587302,0,0.26984126984127,0.134920634920635,0.523809523809524,0.833333333333333,0.555555555555556,0.563492063492063,0.0555555555555556,0.920634920634921,0.261904761904762,0.0396825396825397,0.904761904761905,0.698412698412698,0.531746031746032
0.325396825396825,0.0873015873015873,0.880952380952381,0.452380952380952,0.119047619047619,0.944444444444444,0.317460317460317,0.793650793650794,0.69047619047619,0.253968253968254,0.333333333333333,0.0952380952380952,0.873015873015873,0.142857142857143,0.714285714285714,0.595238095238095,0.904761904761905,0.619047619047619,0.0476190476190476,0.753968253968254,0.206349206349206,0.214285714285714,0.706349206349206,0.357142857142857,0.865079365079365,0.523809523809524,0.0793650793650794,0.531746031746032,0.579365079365079,0.253968253968254,0.246031746031746,0.5,0.26984126984127,0.698412698412698,0.142857142857143,0.150793650793651,0.76984126984127,0.714285714285714,0.976190476190476,0.53968253968254,1,0.492063492063492,0.650793650793651,0.563492063492063,0.46031746031746,0.634920634920635,0.761904761904762,0.96031746031746,0.801587301587302,0.0238095238095238,0.595238095238095,0.952380952380952,0.76984126984127,0.873015873015873,0.142857142857143,0.912698412698413,0.76984126984127,0.134920634920635,0.373015873015873
0.880952380952381,0.698412698412698,0.76984126984127,0.0952380952380952,0.246031746031746,0.825396825396825,0.452380952380952,0.388888888888889,0.436507936507937,0.587301587301587,0.134920634920635,0.920634920634921,0.396825396825397,0.388888888888889,0.992063492063492,0.880952380952381,0.452380952380952,0.896825396825397,0.595238095238095,0.666666666666667,0.0396825396825397,0.507936507936508,0.73015873015873,0.904761904761905,0.317460317460317,1,0.96031746031746,0.587301587301587,0.920634920634921,0.801587301587302,0.293650793650794,0.436507936507937,0.920634920634921,0.650793650793651,0.341269841269841,0.880952380952381,0.531746031746032,0.126984126984127,0.134920634920635,0.825396825396825,0.246031746031746,0.158730158730159,0.349206349206349,0.849206349206349,0.904761904761905,0.912698412698413,0.206349206349206,0.650793650793651,0,0.0793650793650794,0.801587301587302,0.404761904761905,0.619047619047619,0.507936507936508,0.880952380952381,0.412698412698413,0.142857142857143,0.0952380952380952,1
0.0634920634920635,0.849206349206349,0.119047619047619,0.626984126984127,0.30952380952381,0.626984126984127,0,0.841269841269841,0.825396825396825,0.174603174603175,0.714285714285714,0.30952380952381,0.428571428571429,0.531746031746032,0.253968253968254,0.0634920634920635,0.293650793650794,0.0317460317460317,0,0.46031746031746,0.253968253968254,0.380952380952381,0.341269841269841,0.246031746031746,0.436507936507937,0.936507936507937,0.857142857142857,0.0634920634920635,0.904761904761905,0.547619047619048,0.634920634920635,0.19047619047619,0.825396825396825,0.507936507936508,0.253968253968254,0.00793650793650794,0.563492063492063,0.888888888888889,0.976190476190476,0.634920634920635,0.166666666666667,0.547619047619048,0.30952380952381,0.992063492063492,0.261904761904762,0.76984126984127,0.515873015873016,0.0873015873015873,0.0714285714285714,0.0714285714285714,0.825396825396825,0.206349206349206,0.142857142857143,0.396825396825397,0.682539682539683,0.952380952380952,0.0714285714285714,0.96031746031746,0.698412698412698
0.571428571428571,0.0952380952380952,0.158730158730159,0.746031746031746,0.73015873015873,0.0317460317460317,0.682539682539683,0.412698412698413,0.698412698412698,0.658730158730159,0.317460317460317,0.0873015873015873,0.992063492063492,0.571428571428571,0.738095238095238,0.396825396825397,0.738095238095238,0.547619047619048,0.412698412698413,0.642857142857143,0.825396825396825,0.531746031746032,0.492063492063492,0.150793650793651,0.182539682539683,0.0317460317460317,0.515873015873016,0.111111111111111,0.976190476190476,0.119047619047619,0.928571428571429,0.317460317460317,0.301587301587302,0.992063492063492,0.373015873015873,0.523809523809524,0.865079365079365,0.285714285714286,0.484126984126984,0.373015873015873,0.825396825396825,0.825396825396825,0.428571428571429,0.833333333333333,0.865079365079365,0.134920634920635,0.0238095238095238,0.436507936507937,0.849206349206349,0.619047619047619,0.53968253968254,0.30952380952381,0.412698412698413,0.753968253968254,0.126984126984127,0.198412698412698,0.626984126984127,0.793650793650794,0
0.484126984126984,0.76984126984127,0.0634920634920635,0.0714285714285714,0.952380952380952,0.206349206349206,0.928571428571429,0.579365079365079,0.222222222222222,0.873015873015873,0.19047619047619,0.865079365079365,0.126984126984127,0.920634920634921,0.373015873015873,0.642857142857143,0.285714285714286,0.484126984126984,0.285714285714286,0.865079365079365,0.380952380952381,0.555555555555556,0.801587301587302,0.0873015873015873,0.0952380952380952,0.841269841269841,0.158730158730159,0.563492063492063,0.952380952380952,0.214285714285714,0.484126984126984,0.968253968253968,0.650793650793651,0.142857142857143,0.174603174603175,0.714285714285714,0.682539682539683,0.515873015873016,0.611111111111111,0.531746031746032,0.587301587301587,0.452380952380952,0.801587301587302,0.912698412698413,0.96031746031746,0.134920634920635,0.341269841269841,0.746031746031746,0.222222222222222,0.833333333333333,0.103174603174603,0.293650793650794,0.158730158730159,0.992063492063492,0.761904761904762,0.293650793650794,0.492063492063492,0.134920634920635,0.198412698412698
1,0.0714285714285714,0.849206349206349,0.166666666666667,0.841269841269841,0.0317460317460317,0.547619047619048,0.595238095238095,0.380952380952381,0.492063492063492,0.833333333333333,1,1,0.341269841269841,0.492063492063492,0.777777777777778,0.555555555555556,0.801587301587302,0.817460317460317,0.738095238095238,0.857142857142857,0.46031746031746,0.658730158730159,0.920634920634921,0.785714285714286,0.841269841269841,0.968253968253968,0.0634920634920635,0.555555555555556,0.0396825396825397,0.103174603174603,0.571428571428571,0.880952380952381,0.857142857142857,0.420634920634921,0.825396825396825,0.785714285714286,0.698412698412698,0.349206349206349,0.73015873015873,0.523809523809524,0.0238095238095238,0.0476190476190476,0.214285714285714,0.555555555555556,0.904761904761905,0.444444444444444,0.920634920634921,0.420634920634921,0.706349206349206,0.976190476190476,0.261904761904762,0.119047619047619,0.103174603174603,0.238095238095238,0.26984126984127,0.182539682539683,0.912698412698413,0.388888888888889
0.126984126984127,0.349206349206349,0.650793650793651,0.96031746031746,0.80952380952381,0.182539682539683,0.547619047619048,0.611111111111111,0.698412698412698,0.238095238095238,0.904761904761905,0.214285714285714,0.388888888888889,0.722222222222222,0.753968253968254,0.261904761904762,0.785714285714286,0.0634920634920635,0.992063492063492,0.626984126984127,0.666666666666667,0.793650793650794,0.476190476190476,0.341269841269841,0.119047619047619,0.126984126984127,0.00793650793650794,0.420634920634921,0.674603174603175,0.817460317460317,0.642857142857143,0.738095238095238,0.166666666666667,0.603174603174603,0.134920634920635,0.388888888888889,0.00793650793650794,0.158730158730159,0.619047619047619,0.912698412698413,0.0714285714285714,0,0.992063492063492,0.420634920634921,0.515873015873016,0.317460317460317,0.26984126984127,0.150793650793651,0.968253968253968,0.238095238095238,0.150793650793651,0.531746031746032,1,0.658730158730159,0.658730158730159,0.928571428571429,0.746031746031746,0.611111111111111,0.00793650793650794
0.793650793650794,0.873015873015873,0.785714285714286,0.738095238095238,0.444444444444444,0.896825396825397,0.865079365079365,0.388888888888889,0.936507936507937,0.277777777777778,0.00793650793650794,0.531746031746032,0.587301587301587,0.0555555555555556,0.476190476190476,0.277777777777778,0.634920634920635,0.0158730158730159,0.166666666666667,0.00793650793650794,0.563492063492063,0.888888888888889,0.0317460317460317,0.896825396825397,0.571428571428571,0.142857142857143,0.753968253968254,0.722222222222222,0.0396825396825397,0.666666666666667,0.523809523809524,0.373015873015873,0.238095238095238,0.158730158730159,0.468253968253968,0.0634920634920635,0.0873015873015873,0.833333333333333,0.753968253968254,0.0555555555555556,0.682539682539683,0.126984126984127,0.30952380952381,0.611111111111111,0.150793650793651,0.619047619047619,0.277777777777778,0.277777777777778,0.658730158730159,0.206349206349206,0.984126984126984,0.515873015873016,0.436507936507937,0.246031746031746,0.53968253968254,0.150793650793651,0.0317460317460317,0.738095238095238,0.849206349206349
0.857142857142857,0.222222222222222,0.746031746031746,0.793650793650794,0.563492063492063,0.936507936507937,0.126984126984127,0.238095238095238,0.515873015873016,0.96031746031746,0.968253968253968,0.952380952380952,0.666666666666667,0.76984126984127,0.722222222222222,0.952380952380952,0.873015873015873,0.142857142857143,0.0634920634920635,0.888888888888889,0.801587301587302,0.0238095238095238,0.96031746031746,0.857142857142857,0.714285714285714,0.968253968253968,0.76984126984127,0.150793650793651,0.404761904761905,0.166666666666667,0.0158730158730159,0.642857142857143,0.555555555555556,0.5,0.76984126984127,0.857142857142857,0.714285714285714,0.69047619047619,0.285714285714286,0.761904761904762,0.587301587301587,0.30952380952381,0.777777777777778,0.00793650793650794,0.73015873015873,0.698412698412698,0.158730158730159,0.357142857142857,0.349206349206349,0.658730158730159,0.547619047619048,0.801587301587302,0,0.761904761904762,0.0555555555555556,0.134920634920635,0.714285714285714,0.420634920634921,0.222222222222222
0.428571428571429,0.333333333333333,0.468253968253968,0.928571428571429,0.420634920634921,0.968253968253968,0.722222222222222,0.198412698412698,0.19047619047619,0.944444444444444,0.246031746031746,0.5,0.357142857142857,0.603174603174603,0.920634920634921,0.468253968253968,0.357142857142857,0.841269841269841,0.563492063492063,0.182539682539683,0.936507936507937,0.507936507936508,0.841269841269841,0.976190476190476,0.96031746031746,0.53968253968254,0.984126984126984,0.658730158730159,0.531746031746032,0.182539682539683,0.817460317460317,0.904761904761905,0.944444444444444,0.992063492063492,0.00793650793650794,0.349206349206349,0.571428571428571,0.150793650793651,0.976190476190476,0.857142857142857,0.238095238095238,0.0238095238095238,0.0317460317460317,0.388888888888889,0.111111111111111,0.0714285714285714,0.896825396825397,0.666666666666667,0.468253968253968,0.222222222222222,0.753968253968254,0.0952380952380952,0.492063492063492,0.222222222222222,0.158730158730159,0.0158730158730159,0.0555555555555556,0.507936507936508,0.865079365079365
0.0793650793650794,0.103174603174603,0.73015873015873,0.833333333333333,0.134920634920635,0.571428571428571,0.0952380952380952,0.134920634920635,0.666666666666667,0.563492063492063,0.849206349206349,0.634920634920635,0.777777777777778,0.0714285714285714,0.992063492063492,0.0952380952380952,0.0634920634920635,0.206349206349206,0.492063492063492,0.603174603174603,0.714285714285714,0.261904761904762,0.0793650793650794,0.753968253968254,0.396825396825397,0.142857142857143,0.0238095238095238,0.46031746031746,0.587301587301587,0.888888888888889,0.174603174603175,0.365079365079365,0.904761904761905,0.238095238095238,0.349206349206349,0.380952380952381,0.833333333333333,0.507936507936508,0.182539682539683,0.428571428571429,0.706349206349206,1,0.238095238095238,0.119047619047619,0.753968253968254,0.968253968253968,0.507936507936508,0.611111111111111,0.698412698412698,0.341269841269841,0.420634920634921,0.817460317460317,0.126984126984127,0.857142857142857,0.0158730158730159,0.69047619047619,0.714285714285714,0.626984126984127,0.0952380952380952
0.841269841269841,0.746031746031746,0.666666666666667,0.714285714285714,0,0.492063492063492,0.523809523809524,0.00793650793650794,0.158730158730159,0.142857142857143,0.523809523809524,0.746031746031746,0.158730158730159,0.317460317460317,0.103174603174603,0.992063492063492,0.46031746031746,0.785714285714286,0.0873015873015873,0.396825396825397,0.896825396825397,0.714285714285714,0.420634920634921,0.404761904761905,0.373015873015873,0.80952380952381,0.476190476190476,0.611111111111111,0.158730158730159,0.325396825396825,0.73015873015873,0.857142857142857,0.0952380952380952,0.936507936507937,0.746031746031746,0.547619047619048,0.531746031746032,0.198412698412698,0.531746031746032,0.626984126984127,0.357142857142857,0.992063492063492,0.317460317460317,0.634920634920635,0.96031746031746,0.873015873015873,0.76984126984127,0.825396825396825,0.817460317460317,1,0.674603174603175,0.0714285714285714,0.5,0.30952380952381,0.896825396825397,0.698412698412698,0.904761904761905,0.53968253968254,0.865079365079365
0.833333333333333,0.261904761904762,0.214285714285714,0.944444444444444,0.222222222222222,0.722222222222222,0.261904761904762,0.944444444444444,0.904761904761905,0.642857142857143,0.412698412698413,0.650793650793651,0.777777777777778,0.523809523809524,0.523809523809524,0.865079365079365,0.492063492063492,0.952380952380952,0.706349206349206,0.547619047619048,0.603174603174603,0.944444444444444,0.0634920634920635,0.706349206349206,0.158730158730159,0.0158730158730159,0.619047619047619,0.0238095238095238,0.492063492063492,0.0793650793650794,0.373015873015873,0.142857142857143,0.992063492063492,0.563492063492063,0.555555555555556,0.103174603174603,0.452380952380952,0.849206349206349,0.634920634920635,0.301587301587302,0.0634920634920635,0.30952380952381,0.626984126984127,0.0793650793650794,0.698412698412698,0.317460317460317,0.682539682539683,0.753968253968254,0.936507936507937,0.365079365079365,0.571428571428571,0.428571428571429,0.928571428571429,0.555555555555556,0.404761904761905,0.412698412698413,0.817460317460317,0.349206349206349,0.722222222222222
0.698412698412698,0.579365079365079,0.111111111111111,0.103174603174603,0.261904761904762,0.746031746031746,0.325396825396825,0.293650793650794,0.523809523809524,0.0317460317460317,0.507936507936508,0.222222222222222,1,0.349206349206349,0.0873015873015873,0.825396825396825,0.119047619047619,0.738095238095238,0.777777777777778,0.182539682539683,0.619047619047619,0.0238095238095238,0.563492063492063,0.650793650793651,0.682539682539683,0.5,0.888888888888889,0.174603174603175,0.285714285714286,0.817460317460317,0.46031746031746,0.0158730158730159,0.698412698412698,0.103174603174603,0.801587301587302,0.317460317460317,0.0634920634920635,0.611111111111111,0.0396825396825397,0.0476190476190476,0.793650793650794,0.53968253968254,0.134920634920635,0.468253968253968,0.420634920634921,0.53968253968254,0.571428571428571,0.753968253968254,0.0238095238095238,0.73015873015873,0.698412698412698,0.30952380952381,0.825396825396825,0.428571428571429,0.468253968253968,1,0.0873015873015873,1,0.246031746031746
0.976190476190476,0.0476190476190476,0.468253968253968,0.412698412698413,0.198412698412698,0.571428571428571,0.968253968253968,0.222222222222222,0.285714285714286,0.206349206349206,0.76984126984127,0.333333333333333,0.0952380952380952,0.19047619047619,0.182539682539683,0.126984126984127,0.579365079365079,0.222222222222222,0.428571428571429,0.976190476190476,0.746031746031746,0.73015873015873,0.976190476190476,0.396825396825397,0.0714285714285714,0.198412698412698,0.53968253968254,0.857142857142857,0.80952380952381,0.611111111111111,0.00793650793650794,0.650793650793651,0.571428571428571,0.761904761904762,0.674603174603175,0.936507936507937,0.492063492063492,0.666666666666667,0.238095238095238,0.746031746031746,0.873015873015873,0.380952380952381,0.333333333333333,0.0317460317460317,0.285714285714286,0.904761904761905,0.0714285714285714,0.0238095238095238,0.0873015873015873,0.73015873015873,0.341269841269841,0.293650793650794,0.682539682539683,0.0158730158730159,0.317460317460317,0.0634920634920635,0.46031746031746,0.738095238095238,0.833333333333333
0.658730158730159,0.825396825396825,0.182539682539683,0.301587301587302,1,0.444444444444444,0.134920634920635,1,0.119047619047619,0.785714285714286,0.944444444444444,0.253968253968254,0.761904761904762,0.952380952380952,0.753968253968254,0.587301587301587,0.595238095238095,0.952380952380952,0.365079365079365,0.126984126984127,0.880952380952381,0.23015873015873,0.111111111111111,0.293650793650794,0.301587301587302,0.857142857142857,0.365079365079365,0.555555555555556,0.555555555555556,0.801587301587302,0.261904761904762,0.0158730158730159,0.0555555555555556,0.341269841269841,0.5,0.46031746031746,0.373015873015873,0.365079365079365,0.793650793650794,0.880952380952381,0.968253968253968,0.952380952380952,0.277777777777778,0.912698412698413,0.888888888888889,0.682539682539683,0.301587301587302,0.865079365079365,0.849206349206349,0.714285714285714,0.19047619047619,0.325396825396825,0.904761904761905,0.952380952380952,0.722222222222222,0.746031746031746,0.873015873015873,0.198412698412698,0.888888888888889
0.0476190476190476,0.00793650793650794,0.984126984126984,0.23015873015873,0.698412698412698,0.0555555555555556,0.420634920634921,0.777777777777778,0.134920634920635,0.166666666666667,0.119047619047619,0,0.603174603174603,0.238095238095238,0.277777777777778,0.880952380952381,0.166666666666667,0.595238095238095,0.0238095238095238,0.261904761904762,0.888888888888889,0.30952380952381,0.0317460317460317,0.0952380952380952,0.0952380952380952,0.420634920634921,0.936507936507937,0.928571428571429,0.317460317460317,0.817460317460317,0.150793650793651,0.277777777777778,0.944444444444444,0.317460317460317,0.761904761904762,1,0.968253968253968,0.111111111111111,0.19047619047619,0.579365079365079,0.777777777777778,0.174603174603175,0.682539682539683,0.936507936507937,0.952380952380952,0.182539682539683,0.0634920634920635,0.976190476190476,0.404761904761905,0.30952380952381,0.96031746031746,0.674603174603175,0.484126984126984,0.404761904761905,0.19047619047619,0.523809523809524,0.626984126984127,0.714285714285714,0.428571428571429
0.0793650793650794,0.0793650793650794,0.69047619047619,0.484126984126984,0.626984126984127,0.873015873015873,0.0634920634920635,0.698412698412698,0.555555555555556,0.777777777777778,0.388888888888889,0.293650793650794,0.150793650793651,0.634920634920635,0.833333333333333,0.468253968253968,0.214285714285714,0.865079365079365,0.746031746031746,0.484126984126984,0.452380952380952,0.706349206349206,0.936507936507937,0.523809523809524,0.801587301587302,0.817460317460317,0.69047619047619,0.968253968253968,0.722222222222222,0.484126984126984,0.214285714285714,0.182539682539683,0.484126984126984,0.0317460317460317,0.0158730158730159,0.388888888888889,0.912698412698413,0.69047619047619,0.563492063492063,0.507936507936508,1,0.150793650793651,0.714285714285714,0.547619047619048,0.650793650793651,0.841269841269841,0.841269841269841,0.785714285714286,0.936507936507937,0.30952380952381,0.119047619047619,0.920634920634921,0.0476190476190476,0.0793650793650794,0.777777777777778,0.325396825396825,0.857142857142857,0.0555555555555556,0.666666666666667
0.373015873015873,0.444444444444444,0.507936507936508,0.777777777777778,0.484126984126984,0.96031746031746,0.341269841269841,0.436507936507937,0.896825396825397,0.69047619047619,0.158730158730159,0.46031746031746,0.73015873015873,0.944444444444444,0.984126984126984,0.119047619047619,0.801587301587302,0.0873015873015873,0.825396825396825,0.277777777777778,0.349206349206349,0.579365079365079,0.984126984126984,0.880952380952381,0.134920634920635,0,0.642857142857143,0.468253968253968,0.5,0.880952380952381,0.468253968253968,0.30952380952381,0.587301587301587,0.0238095238095238,0.0952380952380952,0.674603174603175,0.888888888888889,0.206349206349206,1,0.0158730158730159,0.587301587301587,0.373015873015873,0.785714285714286,0.30952380952381,0.476190476190476,0.619047619047619,0.928571428571429,0.166666666666667,0.436507936507937,0.396825396825397,0.579365079365079,0.103174603174603,0.388888888888889,0.46031746031746,0.492063492063492,0.761904761904762,0.182539682539683,0.468253968253968,0.873015873015873
0.198412698412698,0.555555555555556,0.373015873015873,0.00793650793650794,0.873015873015873,0.761904761904762,0.111111111111111,0.936507936507937,0.103174603174603,0.428571428571429,0.634920634920635,0.992063492063492,0.182539682539683,0.936507936507937,0.634920634920635,0.206349206349206,0.150793650793651,0.698412698412698,0.555555555555556,0.182539682539683,0.30952380952381,0.571428571428571,0.166666666666667,0.0952380952380952,0.634920634920635,0.563492063492063,0.484126984126984,0.261904761904762,0.158730158730159,0.626984126984127,0.984126984126984,0.333333333333333,0.603174603174603,0.373015873015873,0.5,0.00793650793650794,0.388888888888889,0.904761904761905,0.888888888888889,0.888888888888889,0.523809523809524,0.650793650793651,0.428571428571429,0.150793650793651,0.777777777777778,0.579365079365079,0.587301587301587,0.555555555555556,0.619047619047619,0.277777777777778,0.515873015873016,0.0238095238095238,0.166666666666667,0.325396825396825,0.928571428571429,0.476190476190476,0.96031746031746,0.880952380952381,0.825396825396825
0.738095238095238,0.174603174603175,0.634920634920635,0.0793650793650794,0.325396825396825,0.817460317460317,0.325396825396825,0.301587301587302,0.285714285714286,0.619047619047619,0.603174603174603,0.976190476190476,0.420634920634921,0.0238095238095238,0.103174603174603,0.611111111111111,0.261904761904762,0.5,0.904761904761905,0.531746031746032,0.396825396825397,1,0.317460317460317,0.936507936507937,0.912698412698413,0.96031746031746,0.992063492063492,0.134920634920635,0.706349206349206,0.420634920634921,0.849206349206349,0.134920634920635,0.920634920634921,0.595238095238095,0.833333333333333,0.515873015873016,0.111111111111111,0.579365079365079,0.912698412698413,0.492063492063492,0.507936507936508,0.674603174603175,0.603174603174603,0.396825396825397,0.134920634920635,0.134920634920635,0.26984126984127,0.904761904761905,0.261904761904762,0.293650793650794,0.23015873015873,0.19047619047619,0.571428571428571,0.206349206349206,0.0555555555555556,0.753968253968254,0.26984126984127,0.0634920634920635,0.928571428571429
0.571428571428571,0.968253968253968,0.246031746031746,0.888888888888889,0.373015873015873,0.0476190476190476,0.73015873015873,0.206349206349206,0.587301587301587,0.373015873015873,0.341269841269841,0.0317460317460317,0.404761904761905,0.158730158730159,0.174603174603175,0.30952380952381,0.468253968253968,0.841269841269841,0.96031746031746,0.317460317460317,0.0555555555555556,0.0873015873015873,0.452380952380952,0.666666666666667,0.0873015873015873,0.341269841269841,0.73015873015873,0.30952380952381,0.992063492063492,0.515873015873016,0.658730158730159,0.563492063492063,0.30952380952381,0.0952380952380952,0.30952380952381,0.944444444444444,0.357142857142857,0.182539682539683,0.261904761904762,0.198412698412698,0.896825396825397,0.0555555555555556,0.293650793650794,0.912698412698413,0.992063492063492,0.69047619047619,0.365079365079365,0.579365079365079,0.619047619047619,0.238095238095238,0.365079365079365,0.626984126984127,0.277777777777778,0.00793650793650794,0.436507936507937,1,0.666666666666667,0.595238095238095,0.658730158730159
0.5,0.666666666666667,0.865079365079365,0.611111111111111,0.222222222222222,1,0.214285714285714,0.801587301587302,0.00793650793650794,0.563492063492063,0.865079365079365,0.468253968253968,0.0317460317460317,0.0158730158730159,0.76984126984127,0.19047619047619,0.214285714285714,0.801587301587302,0.698412698412698,1,0.261904761904762,0.682539682539683,0.5,0.0634920634920635,0.150793650793651,0.333333333333333,0.817460317460317,0.817460317460317,0.277777777777778,0.396825396825397,0.46031746031746,0.293650793650794,0.150793650793651,0.928571428571429,0.214285714285714,0.666666666666667,0.0476190476190476,0.0634920634920635,0.611111111111111,0.325396825396825,0.420634920634921,0.253968253968254,0.833333333333333,0.182539682539683,0.30952380952381,0.912698412698413,0.722222222222222,0.626984126984127,0.992063492063492,0.484126984126984,0.873015873015873,0.642857142857143,0.880952380952381,0.984126984126984,0.555555555555556,0.174603174603175,0.293650793650794,0.849206349206349,0.357142857142857
0.595238095238095,0.357142857142857,0.428571428571429,0.738095238095238,0.0555555555555556,0.0396825396825397,0.515873015873016,0.817460317460317,0.349206349206349,0.174603174603175,0.817460317460317,0.420634920634921,0.674603174603175,0.103174603174603,0.317460317460317,0.365079365079365,0.142857142857143,0.76984126984127,0.150793650793651,0.523809523809524,0.76984126984127,0.0238095238095238,0.111111111111111,0.674603174603175,0.896825396825397,0.293650793650794,0.579365079365079,0.761904761904762,0.142857142857143,0.682539682539683,0.103174603174603,0.0952380952380952,1,0.0793650793650794,0.103174603174603,0.134920634920635,0.484126984126984,0.484126984126984,0.833333333333333,0,0.920634920634921,0.658730158730159,0.753968253968254,0.785714285714286,0.317460317460317,0.420634920634921,0.468253968253968,0.0158730158730159,0.365079365079365,0.992063492063492,0.944444444444444,0.373015873015873,0.571428571428571,0.142857142857143,0.0873015873015873,0.857142857142857,0.746031746031746,0.285714285714286,0.857142857142857
0.0317460317460317,0.492063492063492,0.444444444444444,0.912698412698413,0.0317460317460317,0.396825396825397,0.976190476190476,0.0238095238095238,0.968253968253968,0.626984126984127,0.246031746031746,0.952380952380952,0.46031746031746,0.5,0.222222222222222,0.626984126984127,0.968253968253968,0.563492063492063,0.428571428571429,0.658730158730159,0.880952380952381,0.293650793650794,0.214285714285714,0.0476190476190476,0.579365079365079,0.666666666666667,0.134920634920635,0.412698412698413,0.119047619047619,0.0555555555555556,0.722222222222222,0.785714285714286,0.476190476190476,0.0793650793650794,0.349206349206349,0.53968253968254,0.801587301587302,0.412698412698413,0.952380952380952,0.476190476190476,0.222222222222222,0.547619047619048,0.246031746031746,0.984126984126984,0.738095238095238,0.404761904761905,0.579365079365079,0.341269841269841,0.976190476190476,0,0.714285714285714,0.936507936507937,0.00793650793650794,0.0317460317460317,0.833333333333333,0.904761904761905,0.626984126984127,0.984126984126984,0.182539682539683
0.611111111111111,0.182539682539683,0.825396825396825,0.563492063492063,0.976190476190476,0.936507936507937,0.396825396825397,0.436507936507937,0.912698412698413,0.515873015873016,0.0634920634920635,0.5,0.785714285714286,0.357142857142857,0.420634920634921,0.0476190476190476,0.928571428571429,0.428571428571429,0.476190476190476,0.30952380952381,0.738095238095238,0.634920634920635,0.777777777777778,0.777777777777778,0.0634920634920635,0.0158730158730159,0.801587301587302,0.904761904761905,0.119047619047619,0.277777777777778,0.285714285714286,0.571428571428571,0.80952380952381,0.103174603174603,0.26984126984127,0.182539682539683,0.523809523809524,0.928571428571429,0.849206349206349,0.182539682539683,0.198412698412698,0.936507936507937,0.0634920634920635,0.801587301587302,0.587301587301587,0.30952380952381,0.103174603174603,0.904761904761905,0.277777777777778,0.206349206349206,0.357142857142857,0.53968253968254,0.0714285714285714,0.738095238095238,0.134920634920635,0.103174603174603,0.73015873015873,0.714285714285714,0.444444444444444
0.785714285714286,0.436507936507937,0.579365079365079,0.650793650793651,0,0.793650793650794,0.642857142857143,0.928571428571429,0.373015873015873,0.0714285714285714,0.785714285714286,0.126984126984127,0.936507936507937,0.714285714285714,0.46031746031746,0.523809523809524,0.777777777777778,0.801587301587302,0.857142857142857,0.341269841269841,0.365079365079365,0.976190476190476,0.452380952380952,0.388888888888889,0.182539682539683,0.404761904761905,0.103174603174603,0.73015873015873,0.785714285714286,0.698412698412698,0.896825396825397,0.0158730158730159,0.412698412698413,0.841269841269841,0.484126984126984,0.436507936507937,0.404761904761905,0.801587301587302,0.547619047619048,0.412698412698413,0.96031746031746,0.222222222222222,0.888888888888889,0.944444444444444,0.76984126984127,0.30952380952381,0.880952380952381,0.428571428571429,0.452380952380952,0.0317460317460317,0.277777777777778,1,0.158730158730159,0.611111111111111,0.428571428571429,0.388888888888889,0.476190476190476,0.817460317460317,0.515873015873016
0.198412698412698,0.793650793650794,0.301587301587302,0.404761904761905,0.515873015873016,0.468253968253968,0.373015873015873,0.341269841269841,0.174603174603175,0.952380952380952,0.753968253968254,0.706349206349206,0.5,0.619047619047619,0.0555555555555556,0.46031746031746,0.674603174603175,0.0396825396825397,0.214285714285714,0.0793650793650794,0.53968253968254,0.722222222222222,0.0873015873015873,0.0158730158730159,0.992063492063492,0.206349206349206,0.523809523809524,0.111111111111111,0.388888888888889,0.436507936507937,0.849206349206349,0.246031746031746,0.5,0.857142857142857,0.158730158730159,0.76984126984127,0.714285714285714,0.634920634920635,0,0.80952380952381,0.396825396825397,0.888888888888889,0.158730158730159,0.476190476190476,0.785714285714286,0.896825396825397,0.5,0.968253968253968,0.825396825396825,0.849206349206349,0.777777777777778,0.73015873015873,0.222222222222222,0.952380952380952,0.507936507936508,0.944444444444444,0.0476190476190476,0.0396825396825397,0.428571428571429
0.746031746031746,1,0.412698412698413,0.428571428571429,0.246031746031746,0.23015873015873,0.373015873015873,0.579365079365079,0.507936507936508,0.833333333333333,0.23015873015873,0.603174603174603,0.285714285714286,0.880952380952381,0.920634920634921,0.80952380952381,0.341269841269841,0.166666666666667,0.126984126984127,0.896825396825397,0.96031746031746,0.253968253968254,0.571428571428571,0.103174603174603,0.380952380952381,0.404761904761905,0.19047619047619,0.944444444444444,0.119047619047619,0.595238095238095,0.952380952380952,0.611111111111111,0.0238095238095238,0.531746031746032,0.865079365079365,0.603174603174603,0.0634920634920635,0.19047619047619,0.222222222222222,0.452380952380952,0.0476190476190476,0.69047619047619,0.23015873015873,0.238095238095238,0.46031746031746,0.0238095238095238,0.19047619047619,0.26984126984127,0.0158730158730159,0.317460317460317,0.412698412698413,0.246031746031746,0.650793650793651,0.968253968253968,0.642857142857143,0.634920634920635,0.380952380952381,0.111111111111111,0.5
0.785714285714286,0.365079365079365,0.801587301587302,0.150793650793651,0.103174603174603,0.103174603174603,0.904761904761905,0.579365079365079,0.666666666666667,0.944444444444444,0.642857142857143,0.253968253968254,0.103174603174603,0.333333333333333,0.944444444444444,0.365079365079365,0.174603174603175,0.0873015873015873,0.30952380952381,0.706349206349206,0.595238095238095,0.00793650793650794,0.833333333333333,0.0555555555555556,0.785714285714286,0.222222222222222,0.214285714285714,0.238095238095238,0.222222222222222,0.579365079365079,0.603174603174603,0.984126984126984,0.682539682539683,0.404761904761905,0.722222222222222,0.103174603174603,0.261904761904762,0.984126984126984,0.365079365079365,0.0396825396825397,0.563492063492063,0.325396825396825,0.984126984126984,0.571428571428571,0.674603174603175,0.944444444444444,0.0793650793650794,0.619047619047619,0.650793650793651,0.873015873015873,0.857142857142857,0.841269841269841,0.634920634920635,0.182539682539683,0.912698412698413,0.0317460317460317,0.515873015873016,0.611111111111111,0.0634920634920635
0.888888888888889,0.968253968253968,0.76984126984127,0.53968253968254,0.0317460317460317,0.484126984126984,0.174603174603175,0.301587301587302,0.714285714285714,0.0158730158730159,0.53968253968254,0.682539682539683,0.293650793650794,0.206349206349206,0.547619047619048,0.174603174603175,0.428571428571429,0.468253968253968,0.0476190476190476,0.0555555555555556,0.325396825396825,0.944444444444444,0.817460317460317,0.976190476190476,0.0952380952380952,0.722222222222222,0.904761904761905,0.634920634920635,0.873015873015873,0.849206349206349,0.984126984126984,0.150793650793651,0.198412698412698,0.166666666666667,0.126984126984127,0.285714285714286,0.619047619047619,0.555555555555556,0.452380952380952,0.896825396825397,0.666666666666667,0.714285714285714,0.53968253968254,0.0317460317460317,0.333333333333333,0.738095238095238,0,0.785714285714286,0.595238095238095,0.69047619047619,0.0793650793650794,0.468253968253968,0.849206349206349,0.738095238095238,0.00793650793650794,0.992063492063492,0.968253968253968,0.0714285714285714,0.849206349206349
0.142857142857143,0.206349206349206,0.53968253968254,0.80952380952381,0.246031746031746,0.0714285714285714,0.484126984126984,0.325396825396825,0.738095238095238,0.912698412698413,0.73015873015873,0.444444444444444,0.404761904761905,0.333333333333333,0.825396825396825,0.76984126984127,0.214285714285714,0.0476190476190476,0.420634920634921,0.238095238095238,0.468253968253968,0.650793650793651,0.111111111111111,0.785714285714286,0.976190476190476,0.658730158730159,0.428571428571429,0.595238095238095,0.19047619047619,0.373015873015873,0.626984126984127,0.658730158730159,0.285714285714286,0.0555555555555556,0.0634920634920635,1,0.0317460317460317,0.746031746031746,0.944444444444444,0.634920634920635,0.317460317460317,0.293650793650794,0.0238095238095238,0.761904761904762,0.507936507936508,0.198412698412698,0.888888888888889,0.444444444444444,0.293650793650794,0.968253968253968,0.650793650793651,0.952380952380952,0.0634920634920635,0.174603174603175,0.46031746031746,0.603174603174603,0.0396825396825397,0.658730158730159,0.103174603174603
0.0634920634920635,0.349206349206349,0.198412698412698,0.992063492063492,0.571428571428571,0.428571428571429,0.325396825396825,0.912698412698413,0.26984126984127,0.444444444444444,0.611111111111111,0.0634920634920635,0.119047619047619,0.880952380952381,0.531746031746032,0.0793650793650794,0.952380952380952,0.547619047619048,0.761904761904762,0.142857142857143,0.785714285714286,0.746031746031746,0.174603174603175,0.0555555555555556,0.674603174603175,0.365079365079365,0.928571428571429,0.468253968253968,0.293650793650794,0.761904761904762,0.396825396825397,0.404761904761905,0.285714285714286,0.563492063492063,0.277777777777778,0.158730158730159,0.658730158730159,0.428571428571429,0.317460317460317,0.515873015873016,0.896825396825397,0.0238095238095238,0.166666666666667,0.0873015873015873,0.571428571428571,0.992063492063492,0.158730158730159,0,0.904761904761905,0.420634920634921,0.277777777777778,0.777777777777778,0.587301587301587,0.992063492063492,0.285714285714286,0.484126984126984,0.00793650793650794,0.00793650793650794,0.428571428571429
0.785714285714286,0.952380952380952,0.0793650793650794,1,0.0793650793650794,0.349206349206349,0.976190476190476,0.595238095238095,0.0476190476190476,0.642857142857143,0.380952380952381,0.507936507936508,0.26984126984127,0.428571428571429,0.373015873015873,0.706349206349206,0.0793650793650794,0.166666666666667,0.420634920634921,1,0.722222222222222,0.80952380952381,0.587301587301587,0.0396825396825397,0.603174603174603,0.920634920634921,0.793650793650794,0.801587301587302,0.753968253968254,0.634920634920635,0.0555555555555556,0.952380952380952,0.428571428571429,0.26984126984127,0.444444444444444,0.944444444444444,0.182539682539683,0.920634920634921,0.484126984126984,0.793650793650794,0.444444444444444,0.674603174603175,0.373015873015873,0.420634920634921,0.325396825396825,0.555555555555556,0.952380952380952,0.182539682539683,0.833333333333333,0.341269841269841,0.0238095238095238,0.126984126984127,0.96031746031746,0.0952380952380952,0.817460317460317,0.952380952380952,0.563492063492063,0.444444444444444,0.452380952380952
0.158730158730159,0.365079365079365,0.182539682539683,0.325396825396825,0.317460317460317,0.650793650793651,0.793650793650794,0.492063492063492,0.333333333333333,0.246031746031746,0.119047619047619,0.222222222222222,0.515873015873016,0.301587301587302,0.896825396825397,0.238095238095238,0.825396825396825,0.587301587301587,0.753968253968254,0.380952380952381,0.285714285714286,0.896825396825397,0.293650793650794,0.698412698412698,0.444444444444444,0.301587301587302,0.841269841269841,0.714285714285714,0.833333333333333,0.341269841269841,0.484126984126984,0.992063492063492,0.388888888888889,0.936507936507937,0.412698412698413,0.468253968253968,0.5,0.53968253968254,0.888888888888889,0.317460317460317,0.277777777777778,0.261904761904762,0.246031746031746,0.944444444444444,0.793650793650794,0.111111111111111,0.531746031746032,0.0317460317460317,0.579365079365079,0.912698412698413,0.420634920634921,0.515873015873016,0,0.19047619047619,0,0.126984126984127,0.619047619047619,0.317460317460317,0.0317460317460317
1,0.80952380952381,0.206349206349206,0.96031746031746,0.658730158730159,0.253968253968254,0.976190476190476,0.468253968253968,0.976190476190476,0.150793650793651,0.0873015873015873,0.865079365079365,0.214285714285714,0.992063492063492,0.777777777777778,0.333333333333333,0.777777777777778,0.238095238095238,0.126984126984127,0.46031746031746,0.285714285714286,0.634920634920635,0.785714285714286,0.674603174603175,0.619047619047619,0.0952380952380952,0.238095238095238,0.253968253968254,0.293650793650794,0.706349206349206,0.174603174603175,0.119047619047619,0.19047619047619,0.968253968253968,0.611111111111111,0.119047619047619,0.603174603174603,0.603174603174603,0.341269841269841,0.277777777777778,0.825396825396825,0.603174603174603,0.26984126984127,0.563492063492063,0.166666666666667,0.611111111111111,0.5,0.555555555555556,0.30952380952381,0.293650793650794,0.0396825396825397,0.547619047619048,0.682539682539683,0.912698412698413,0.603174603174603,0.674603174603175,0.547619047619048,0.761904761904762,0.325396825396825
0.523809523809524,0.325396825396825,0.857142857142857,0.150793650793651,0.642857142857143,0,0.214285714285714,0.531746031746032,0.341269841269841,0.579365079365079,0.928571428571429,0.103174603174603,0.388888888888889,0.0238095238095238,0.722222222222222,0.674603174603175,0.523809523809524,0.373015873015873,0.873015873015873,0.777777777777778,0.23015873015873,0.166666666666667,0.968253968253968,0.952380952380952,0.928571428571429,0.253968253968254,0.404761904761905,0.666666666666667,0.0317460317460317,0.896825396825397,0.00793650793650794,0.0396825396825397,0.30952380952381,0.0158730158730159,0.492063492063492,0.793650793650794,0.571428571428571,0.650793650793651,0.158730158730159,0.261904761904762,0.76984126984127,0.174603174603175,0.158730158730159,0.761904761904762,0.0873015873015873,0.968253968253968,0.222222222222222,0.531746031746032,0.103174603174603,0.404761904761905,0.579365079365079,0.30952380952381,0.111111111111111,0.523809523809524,0.341269841269841,0.833333333333333,0.849206349206349,0.80952380952381,0.277777777777778
0.182539682539683,0.595238095238095,0.285714285714286,0.873015873015873,0.904761904761905,0.150793650793651,0.920634920634921,0.73015873015873,0.0793650793650794,0.436507936507937,0.801587301587302,0.952380952380952,0.753968253968254,0.944444444444444,0.492063492063492,0.888888888888889,0.158730158730159,0.785714285714286,0.531746031746032,0.285714285714286,0.484126984126984,0.325396825396825,0.928571428571429,0.388888888888889,0.357142857142857,0.611111111111111,0.738095238095238,0.325396825396825,0.825396825396825,0.484126984126984,0.642857142857143,0.801587301587302,0.658730158730159,0.896825396825397,0.785714285714286,0.373015873015873,1,0.380952380952381,0.507936507936508,0.0396825396825397,0.547619047619048,0.904761904761905,0.23015873015873,0.0317460317460317,0.547619047619048,0.198412698412698,0.246031746031746,0.53968253968254,0.0952380952380952,0.0396825396825397,0.5,0.206349206349206,0.523809523809524,0.722222222222222,0.0238095238095238,0.587301587301587,0.682539682539683,0.452380952380952,0.142857142857143
0.595238095238095,0.857142857142857,0.952380952380952,0.547619047619048,0.468253968253968,0.293650793650794,0.80952380952381,0.515873015873016,0.444444444444444,0.904761904761905,0.396825396825397,0.69047619047619,0.0238095238095238,0.507936507936508,0.619047619047619,0.944444444444444,0.341269841269841,0.0476190476190476,0.53968253968254,0.428571428571429,0.357142857142857,0.896825396825397,0.349206349206349,0.142857142857143,0.5,0.96031746031746,0.214285714285714,0.103174603174603,0.277777777777778,0.468253968253968,0.111111111111111,0.174603174603175,0.484126984126984,0.523809523809524,0.650793650793651,0.0476190476190476,0.293650793650794,0.857142857142857,0.484126984126984,0.388888888888889,0.611111111111111,0.349206349206349,0.865079365079365,0.0555555555555556,0.103174603174603,0.246031746031746,0.507936507936508,0.857142857142857,0.904761904761905,0.682539682539683,0.595238095238095,0.722222222222222,0.428571428571429,0.507936507936508,0.0476190476190476,0.515873015873016,0.603174603174603,0.833333333333333,0.587301587301587
0.761904761904762,0.246031746031746,0.0714285714285714,0.682539682539683,0.293650793650794,0.0873015873015873,0.277777777777778,0.793650793650794,0.0873015873015873,0.952380952380952,0.880952380952381,0.896825396825397,0.222222222222222,0.428571428571429,0.404761904761905,0.722222222222222,0.698412698412698,0.214285714285714,0.325396825396825,0.944444444444444,0.603174603174603,0.23015873015873,0.214285714285714,1,0.595238095238095,0.761904761904762,0.0476190476190476,0.23015873015873,0.46031746031746,0.738095238095238,0.873015873015873,0.738095238095238,0.142857142857143,0.992063492063492,0.952380952380952,0.0714285714285714,0.619047619047619,0.976190476190476,0.515873015873016,0.825396825396825,0.873015873015873,0.587301587301587,0.293650793650794,0,0.880952380952381,0.111111111111111,0.396825396825397,0.396825396825397,0.904761904761905,0.182539682539683,0.976190476190476,0.0317460317460317,0.357142857142857,0.492063492063492,0.555555555555556,0.293650793650794,0.428571428571429,0.76984126984127,0.23015873015873
0.388888888888889,0.896825396825397,0.111111111111111,0.206349206349206,0.619047619047619,0.801587301587302,0.976190476190476,0.76984126984127,0.865079365079365,0.206349206349206,0.53968253968254,0.833333333333333,0.134920634920635,0.222222222222222,0.126984126984127,0.579365079365079,0.523809523809524,0.904761904761905,0.682539682539683,0.563492063492063,0.0317460317460317,0.555555555555556,0.0634920634920635,0.698412698412698,0.912698412698413,0.80952380952381,0.325396825396825,0.968253968253968,0.515873015873016,0.0952380952380952,0.222222222222222,0.341269841269841,0.555555555555556,0.365079365079365,0.920634920634921,0.214285714285714,0.476190476190476,0.833333333333333,0.0317460317460317,1,0.515873015873016,0.825396825396825,0,0.436507936507937,0.206349206349206,0.261904761904762,0.904761904761905,0.968253968253968,0.76984126984127,0.238095238095238,0.634920634920635,0.666666666666667,0.19047619047619,0.26984126984127,0.285714285714286,0.80952380952381,0.896825396825397,0.587301587301587,0.984126984126984
0.452380952380952,0.96031746031746,0.642857142857143,0.452380952380952,0.103174603174603,0.619047619047619,0.761904761904762,0.928571428571429,0.388888888888889,0.420634920634921,0.444444444444444,0.753968253968254,0.476190476190476,0.246031746031746,0.222222222222222,0.103174603174603,0.611111111111111,0.428571428571429,0.563492063492063,0.0793650793650794,0.404761904761905,0.277777777777778,0.0952380952380952,0.261904761904762,0.698412698412698,0.261904761904762,0.674603174603175,0.222222222222222,0.277777777777778,0.817460317460317,0.738095238095238,0.198412698412698,0.825396825396825,0.214285714285714,0.388888888888889,0.301587301587302,0.603174603174603,0.53968253968254,0.158730158730159,0.611111111111111,0.531746031746032,0.722222222222222,0.349206349206349,0.285714285714286,0.976190476190476,0.722222222222222,0.777777777777778,0.611111111111111,0.849206349206349,0.119047619047619,0.865079365079365,0.984126984126984,0.333333333333333,0.103174603174603,0.492063492063492,0.277777777777778,0.992063492063492,0.547619047619048,0.746031746031746
0.563492063492063,0.396825396825397,0.0317460317460317,0.214285714285714,0.865079365079365,0.452380952380952,0.134920634920635,0.555555555555556,0.166666666666667,0.222222222222222,0.436507936507937,0.603174603174603,0.746031746031746,0.214285714285714,0.904761904761905,0.174603174603175,0.277777777777778,0.452380952380952,0.714285714285714,0.396825396825397,0.920634920634921,0.69047619047619,0.365079365079365,0.277777777777778,0.833333333333333,0.0476190476190476,0.563492063492063,0.896825396825397,0,0.992063492063492,0.0555555555555556,0.253968253968254,0.912698412698413,0.19047619047619,0.833333333333333,0.0714285714285714,0.674603174603175,0.0238095238095238,0.579365079365079,0.73015873015873,0.563492063492063,0.158730158730159,0.555555555555556,0.833333333333333,0.261904761904762,0.698412698412698,0.0158730158730159,0.126984126984127,0.865079365079365,0.793650793650794,0.563492063492063,0.293650793650794,0.30952380952381,0.658730158730159,0.626984126984127,0,0.412698412698413,0.507936507936508,0.952380952380952
0.896825396825397,0.285714285714286,0.595238095238095,0.698412698412698,0.206349206349206,0.928571428571429,0.261904761904762,0.134920634920635,0.428571428571429,0,0.603174603174603,0.777777777777778,0.674603174603175,0.285714285714286,0.119047619047619,0.682539682539683,0.880952380952381,0.587301587301587,0.952380952380952,0.23015873015873,0.984126984126984,0.0873015873015873,0.246031746031746,0.436507936507937,0.777777777777778,0.888888888888889,0.0476190476190476,0.603174603174603,0.0238095238095238,0.547619047619048,0.603174603174603,0.214285714285714,0.198412698412698,0.833333333333333,0.968253968253968,0.69047619047619,0.992063492063492,0.166666666666667,0.0555555555555556,0.341269841269841,0.373015873015873,0.23015873015873,0.722222222222222,0.96031746031746,0.277777777777778,0.349206349206349,0.746031746031746,0.841269841269841,0.126984126984127,0.952380952380952,0.746031746031746,0.706349206349206,0.761904761904762,0.746031746031746,0.23015873015873,0.515873015873016,0.706349206349206,0.984126984126984,0.214285714285714
0.253968253968254,0.0238095238095238,0.706349206349206,0.603174603174603,0.0555555555555556,0.73015873015873,0.301587301587302,1,0.0396825396825397,0.19047619047619,0.142857142857143,0.80952380952381,0.865079365079365,0.404761904761905,0.222222222222222,0.833333333333333,0.182539682539683,0.0158730158730159,0.0158730158730159,0.492063492063492,0.19047619047619,0.30952380952381,0.888888888888889,0.349206349206349,0.952380952380952,0.936507936507937,0.444444444444444,0.912698412698413,0.53968253968254,0.0952380952380952,0.0714285714285714,0.833333333333333,0.80952380952381,0.936507936507937,0.53968253968254,0.277777777777778,0.682539682539683,0.634920634920635,0.404761904761905,0.0714285714285714,0.214285714285714,0.0873015873015873,0.888888888888889,0.404761904761905,0.333333333333333,0.841269841269841,0.682539682539683,0.817460317460317,0.325396825396825,0.984126984126984,0.833333333333333,0.277777777777778,0.96031746031746,0.579365079365079,0.96031746031746,1,0.547619047619048,0.698412698412698,0.0555555555555556
0.976190476190476,0.126984126984127,0.126984126984127,0.849206349206349,0.96031746031746,1,0.76984126984127,0.349206349206349,0.611111111111111,0.555555555555556,0.444444444444444,0.166666666666667,0.642857142857143,0.777777777777778,0.587301587301587,0.26984126984127,0.833333333333333,0.0873015873015873,0.380952380952381,0.674603174603175,0.214285714285714,0.920634920634921,0.277777777777778,0.555555555555556,0.317460317460317,0.5,0.0396825396825397,0.634920634920635,0.452380952380952,0.952380952380952,0.0476190476190476,0.976190476190476,0.19047619047619,0.0476190476190476,0.928571428571429,0.896825396825397,0.896825396825397,0.388888888888889,0.865079365079365,0.484126984126984,0.119047619047619,0.523809523809524,0.484126984126984,0.357142857142857,1,0.420634920634921,0.920634920634921,0.69047619047619,0.825396825396825,0.642857142857143,0.396825396825397,0.761904761904762,0.928571428571429,0.00793650793650794,0.333333333333333,0.396825396825397,0.0714285714285714,0.134920634920635,0.0952380952380952
0.182539682539683,0.563492063492063,0.817460317460317,0.26984126984127,0.738095238095238,0.53968253968254,0.00793650793650794,0.650793650793651,0.341269841269841,0.984126984126984,0.658730158730159,0.468253968253968,0.912698412698413,0.507936507936508,0.357142857142857,0.650793650793651,0.849206349206349,0.484126984126984,0.492063492063492,0.531746031746032,0.896825396825397,0.0238095238095238,0,0,0.944444444444444,0.365079365079365,0.555555555555556,0.650793650793651,0.150793650793651,0.238095238095238,0.579365079365079,0.674603174603175,0.714285714285714,0.80952380952381,0.26984126984127,0.896825396825397,0.26984126984127,0.738095238095238,0.126984126984127,0.198412698412698,0.349206349206349,0.888888888888889,0.555555555555556,0.571428571428571,0.349206349206349,0.928571428571429,0.650793650793651,0.642857142857143,0.76984126984127,0.817460317460317,0.96031746031746,0.880952380952381,0.142857142857143,0.928571428571429,0.150793650793651,0.119047619047619,0.912698412698413,0.674603174603175,0.531746031746032
0.0873015873015873,0.00793650793650794,0.753968253968254,0.166666666666667,0.611111111111111,0.698412698412698,0.666666666666667,0.849206349206349,0.26984126984127,0.547619047619048,0.285714285714286,0.293650793650794,0.674603174603175,0.174603174603175,0.976190476190476,0.563492063492063,0.920634920634921,0.349206349206349,0.849206349206349,0.912698412698413,0.238095238095238,0.888888888888889,0.436507936507937,0.968253968253968,0.746031746031746,0.428571428571429,0.888888888888889,0.507936507936508,0.682539682539683,0.444444444444444,0.952380952380952,0.126984126984127,0.833333333333333,0.515873015873016,0.404761904761905,0.261904761904762,0.30952380952381,0.896825396825397,0.746031746031746,0.0317460317460317,0.634920634920635,0.936507936507937,0.198412698412698,0.492063492063492,0.896825396825397,0.0793650793650794,0.0158730158730159,0.166666666666667,1,0.555555555555556,0.531746031746032,0.936507936507937,0.817460317460317,0.26984126984127,0.896825396825397,0.674603174603175,0.476190476190476,0.753968253968254,0.436507936507937
0.301587301587302,0.880952380952381,0.563492063492063,0.523809523809524,0.880952380952381,0.380952380952381,0.920634920634921,0.936507936507937,0.849206349206349,0.349206349206349,0.984126984126984,0.00793650793650794,0.126984126984127,0.666666666666667,0.0952380952380952,0.634920634920635,0.325396825396825,0.841269841269841,0.452380952380952,0.888888888888889,0.349206349206349,0.0793650793650794,0.0317460317460317,0.111111111111111,0.420634920634921,0.111111111111111,0.888888888888889,0.952380952380952,0.198412698412698,0.23015873015873,0.888888888888889,0.944444444444444,0.0476190476190476,0.365079365079365,0.19047619047619,0.119047619047619,0.0317460317460317,0.849206349206349,0.793650793650794,0.992063492063492,0.428571428571429,0.587301587301587,0.333333333333333,0.214285714285714,0.944444444444444,0.5,0.865079365079365,0.0873015873015873,0.380952380952381,0.865079365079365,0.785714285714286,0.738095238095238,0.944444444444444,0.849206349206349,0.801587301587302,0.619047619047619,0.0793650793650794,0.111111111111111,0.293650793650794
0.547619047619048,0.0793650793650794,0.76984126984127,0.0793650793650794,0.5,0.0238095238095238,0.507936507936508,0.944444444444444,0.00793650793650794,0.611111111111111,0.261904761904762,0.198412698412698,0.19047619047619,0.984126984126984,0.444444444444444,0.412698412698413,1,0.96031746031746,0.126984126984127,0.198412698412698,0.158730158730159,0.801587301587302,0.595238095238095,0.492063492063492,0.412698412698413,0.563492063492063,0.0317460317460317,0.880952380952381,0.349206349206349,0.722222222222222,0.722222222222222,0.0158730158730159,0.0317460317460317,0.857142857142857,0.642857142857143,0.126984126984127,0.134920634920635,0.285714285714286,0.841269841269841,0.833333333333333,0.841269841269841,0.0396825396825397,0.206349206349206,0.507936507936508,0.634920634920635,0.46031746031746,0.0952380952380952,0.484126984126984,0.349206349206349,0.587301587301587,0.904761904761905,0.912698412698413,0.73015873015873,0.158730158730159,0.658730158730159,0.523809523809524,0.388888888888889,0.650793650793651,0.468253968253968
0.5,0.833333333333333,0.611111111111111,0.80952380952381,0.595238095238095,0.595238095238095,0.0396825396825397,0.920634920634921,0.142857142857143,0.714285714285714,0.0634920634920635,0.833333333333333,0.365079365079365,0.80952380952381,0.301587301587302,0.841269841269841,0.380952380952381,0.785714285714286,0.936507936507937,0.166666666666667,0.452380952380952,0.293650793650794,0.484126984126984,0.0317460317460317,0.817460317460317,0.626984126984127,0.857142857142857,0.214285714285714,0.873015873015873,0.777777777777778,0.246031746031746,0.126984126984127,0.626984126984127,0.880952380952381,0.0873015873015873,0.0317460317460317,0.603174603174603,0.634920634920635,0.650793650793651,0.69047619047619,0.293650793650794,0.0317460317460317,0.761904761904762,1,0.73015873015873,0.928571428571429,0.873015873015873,0.5,0.833333333333333,0.865079365079365,0.515873015873016,0.428571428571429,0.238095238095238,0.0158730158730159,0.523809523809524,0.936507936507937,0.722222222222222,0.785714285714286,0.785714285714286
0.277777777777778,0.857142857142857,0.865079365079365,0.365079365079365,0.206349206349206,0.412698412698413,0.650793650793651,0.0952380952380952,0.452380952380952,0.682539682539683,0.158730158730159,0.0952380952380952,0.301587301587302,0.968253968253968,0.285714285714286,0.912698412698413,0.849206349206349,0.246031746031746,0.214285714285714,0.888888888888889,0.0238095238095238,0.944444444444444,0.198412698412698,0.0714285714285714,0.920634920634921,0.317460317460317,0.587301587301587,0.682539682539683,0.103174603174603,0.142857142857143,0.0396825396825397,0.555555555555556,0.674603174603175,0.214285714285714,0.531746031746032,0.928571428571429,0.0158730158730159,0.341269841269841,0.619047619047619,0.722222222222222,0.261904761904762,0.865079365079365,0.404761904761905,0.579365079365079,0.261904761904762,0.277777777777778,0.73015873015873,0.603174603174603,0.166666666666667,0.531746031746032,0.46031746031746,0.944444444444444,0.73015873015873,0.277777777777778,0.46031746031746,0.698412698412698,0.507936507936508,0.865079365079365,0.912698412698413
0.619047619047619,0.753968253968254,0.722222222222222,1,0.0476190476190476,0.531746031746032,0.547619047619048,0.46031746031746,0.126984126984127,0.73015873015873,0.468253968253968,0.380952380952381,0.103174603174603,0.80952380952381,0.992063492063492,0.0873015873015873,0.261904761904762,0.611111111111111,0.365079365079365,0.76984126984127,0.19047619047619,0.634920634920635,0.666666666666667,0.206349206349206,0.19047619047619,0.214285714285714,0.888888888888889,0.746031746031746,0.785714285714286,0.365079365079365,0.26984126984127,0.198412698412698,0,0.992063492063492,0.817460317460317,0.547619047619048,0.896825396825397,0.357142857142857,0.317460317460317,0.904761904761905,0.714285714285714,0.0476190476190476,0.126984126984127,0.174603174603175,0.380952380952381,0.603174603174603,0.634920634920635,0.579365079365079,0.76984126984127,0.325396825396825,0.134920634920635,0.944444444444444,0.253968253968254,0.388888888888889,0.206349206349206,0.515873015873016,0.214285714285714,0.0873015873015873,0.801587301587302
0.317460317460317,0.738095238095238,0.00793650793650794,0.547619047619048,0.103174603174603,0.26984126984127,0.0238095238095238,0.880952380952381,0.0873015873015873,0.126984126984127,0.0476190476190476,0.857142857142857,0.333333333333333,0.793650793650794,0.706349206349206,0.150793650793651,0.46031746031746,0.746031746031746,0.0476190476190476,0.793650793650794,0.23015873015873,0.785714285714286,0.96031746031746,0.19047619047619,0.388888888888889,0.484126984126984,0.753968253968254,0.0158730158730159,0.515873015873016,0.531746031746032,0.0555555555555556,0.920634920634921,0.341269841269841,0.103174603174603,0.0476190476190476,0.984126984126984,0.0317460317460317,0.396825396825397,0.26984126984127,0.507936507936508,0.476190476190476,0.650793650793651,0.801587301587302,0.579365079365079,0.888888888888889,0.952380952380952,0.753968253968254,0.666666666666667,0.531746031746032,0.880952380952381,0.436507936507937,0.563492063492063,0.761904761904762,0.865079365079365,0.658730158730159,0.801587301587302,0.103174603174603,0.452380952380952,0.968253968253968
0.873015873015873,0.468253968253968,0.571428571428571,0.174603174603175,0.0396825396825397,0.26984126984127,0.825396825396825,0.658730158730159,0.603174603174603,0.674603174603175,0.888888888888889,0.301587301587302,0.658730158730159,0.134920634920635,0.134920634920635,0.222222222222222,0.841269841269841,0.277777777777778,0.349206349206349,0.412698412698413,0.253968253968254,0,0.69047619047619,0.857142857142857,0.73015873015873,0.0714285714285714,0.0793650793650794,0.30952380952381,0.0158730158730159,0.873015873015873,0.944444444444444,0.23015873015873,1,0.253968253968254,0.246031746031746,0.30952380952381,0.452380952380952,0.325396825396825,0.206349206349206,0.738095238095238,0.611111111111111,0.992063492063492,0.0158730158730159,1,0.785714285714286,0.198412698412698,0.0238095238095238,0.714285714285714,0.698412698412698,0.722222222222222,0.579365079365079,0.674603174603175,0.952380952380952,0.0952380952380952,0.357142857142857,0.0238095238095238,0.888888888888889,0.76984126984127,0.182539682539683
0.380952380952381,0.420634920634921,0.563492063492063,0.912698412698413,0.53968253968254,0.666666666666667,0.642857142857143,0.0158730158730159,0.285714285714286,0.976190476190476,0.976190476190476,0.261904761904762,0.214285714285714,0.0714285714285714,0.0634920634920635,0.0873015873015873,0.753968253968254,0.0158730158730159,0.293650793650794,0.841269841269841,1,0.0317460317460317,0.0634920634920635,0.571428571428571,0.412698412698413,0.603174603174603,0.150793650793651,0.992063492063492,0.579365079365079,0.825396825396825,0.0634920634920635,0.293650793650794,0.30952380952381,0.412698412698413,0.428571428571429,0.714285714285714,0.103174603174603,0.857142857142857,0.714285714285714,0.166666666666667,0.0238095238095238,0.666666666666667,0.666666666666667,0.69047619047619,0.857142857142857,0.293650793650794,0.793650793650794,0.738095238095238,0.634920634920635,0.444444444444444,0.944444444444444,0.849206349206349,0.523809523809524,0.904761904761905,0.873015873015873,0.46031746031746,0.452380952380952,0.507936507936508,0.603174603174603
0.722222222222222,0.182539682539683,0.785714285714286,0.0952380952380952,0.920634920634921,0.23015873015873,0.0476190476190476,0.523809523809524,0.476190476190476,0.904761904761905,0.428571428571429,0.642857142857143,0.0317460317460317,0.325396825396825,0.96031746031746,0.46031746031746,0,0.761904761904762,0.404761904761905,0.341269841269841,0.0158730158730159,0.944444444444444,0.674603174603175,0.801587301587302,0.722222222222222,0.0476190476190476,0.5,0.785714285714286,0.634920634920635,0.555555555555556,0.642857142857143,0.0714285714285714,0.341269841269841,0.0158730158730159,0.46031746031746,0.626984126984127,0.388888888888889,0.0714285714285714,0.468253968253968,0.420634920634921,0.428571428571429,0.238095238095238,0.746031746031746,0.753968253968254,0.746031746031746,0.492063492063492,0.53968253968254,0.849206349206349,0.976190476190476,0.341269841269841,0.19047619047619,0.388888888888889,0.396825396825397,0.166666666666667,0.992063492063492,0.436507936507937,0.785714285714286,0.793650793650794,0.388888888888889
0.531746031746032,0.547619047619048,0.666666666666667,0.523809523809524,0.714285714285714,0.507936507936508,0.150793650793651,0.46031746031746,0.706349206349206,0.547619047619048,0.849206349206349,0.126984126984127,0.825396825396825,0.0396825396825397,0.674603174603175,0.53968253968254,0.428571428571429,0.658730158730159,0,0.904761904761905,0.873015873015873,0.349206349206349,0.944444444444444,0.452380952380952,0.579365079365079,0.0396825396825397,0.166666666666667,0.253968253968254,0.928571428571429,0.952380952380952,0.253968253968254,0.23015873015873,0.944444444444444,0.801587301587302,0.30952380952381,0.793650793650794,1,0.912698412698413,1,0.761904761904762,0.817460317460317,0.912698412698413,0.404761904761905,0.666666666666667,0.253968253968254,0.436507936507937,0.492063492063492,0.214285714285714,0.936507936507937,0.80952380952381,0.944444444444444,0.452380952380952,0.103174603174603,0.865079365079365,0.111111111111111,0.777777777777778,0.674603174603175,0.341269841269841,0.119047619047619
0.753968253968254,0.277777777777778,0.325396825396825,0.428571428571429,0.380952380952381,0.888888888888889,0.992063492063492,0.912698412698413,0.642857142857143,0.706349206349206,0.301587301587302,0.126984126984127,0.484126984126984,0.698412698412698,0.325396825396825,0.936507936507937,0.523809523809524,0.404761904761905,0.0634920634920635,0.626984126984127,0.134920634920635,0.396825396825397,0.261904761904762,0.373015873015873,0.880952380952381,0.944444444444444,0.5,0.952380952380952,0.563492063492063,0.904761904761905,0.984126984126984,0.253968253968254,0,0.666666666666667,0.0555555555555556,0.182539682539683,0.912698412698413,0.865079365079365,0.976190476190476,0.333333333333333,0.468253968253968,0.317460317460317,0.484126984126984,0.698412698412698,0.103174603174603,0.531746031746032,0.119047619047619,0.0158730158730159,0.626984126984127,0.761904761904762,0.904761904761905,0.253968253968254,0.841269841269841,0.579365079365079,0.388888888888889,0.182539682539683,0.0873015873015873,0.293650793650794,0.888888888888889
0.515873015873016,0.785714285714286,0.420634920634921,0.976190476190476,0.126984126984127,0.571428571428571,0.111111111111111,0.801587301587302,0.992063492063492,0.714285714285714,0.682539682539683,0.928571428571429,0.761904761904762,0.76984126984127,0.5,0.0317460317460317,0.944444444444444,0.166666666666667,0.150793650793651,0.0158730158730159,0.380952380952381,0.0714285714285714,0.158730158730159,0.619047619047619,0.436507936507937,0.19047619047619,0.619047619047619,0.412698412698413,0.825396825396825,0.293650793650794,0.920634920634921,0.0317460317460317,0.857142857142857,0.722222222222222,0.317460317460317,0.0714285714285714,0.976190476190476,0.111111111111111,0.73015873015873,0.484126984126984,0.349206349206349,0.706349206349206,0.896825396825397,0.880952380952381,0.492063492063492,0.0714285714285714,0.658730158730159,0.888888888888889,0.523809523809524,0.984126984126984,0.658730158730159,0.214285714285714,0.619047619047619,0.428571428571429,0.492063492063492,0.357142857142857,0.365079365079365,0.214285714285714,0.920634920634921
0.571428571428571,0.484126984126984,0.515873015873016,0.793650793650794,0.412698412698413,0.5,0.5,0.134920634920635,0.341269841269841,0.857142857142857,0.865079365079365,0.849206349206349,0.238095238095238,0.0634920634920635,0.793650793650794,0.46031746031746,0.825396825396825,0.849206349206349,0.976190476190476,0.706349206349206,0.0634920634920635,0.920634920634921,0.174603174603175,0.595238095238095,0.746031746031746,0.0714285714285714,0.944444444444444,0.523809523809524,0.238095238095238,0,0.388888888888889,0.920634920634921,0.23015873015873,0.531746031746032,0.873015873015873,0.0634920634920635,0.436507936507937,0.801587301587302,0.349206349206349,0.555555555555556,0.246031746031746,0.436507936507937,0.261904761904762,0.174603174603175,0.182539682539683,0.293650793650794,0.341269841269841,0.73015873015873,0.00793650793650794,0.492063492063492,0.626984126984127,0.0476190476190476,0.444444444444444,0.341269841269841,0.46031746031746,0.373015873015873,0.547619047619048,0.523809523809524,0.30952380952381
0.738095238095238,0.388888888888889,0.0238095238095238,0.119047619047619,0.246031746031746,0.928571428571429,0.19047619047619,0.912698412698413,0.404761904761905,0.952380952380952,0,0.579365079365079,0.103174603174603,0.682539682539683,0.841269841269841,0.888888888888889,0.634920634920635,0.111111111111111,0.333333333333333,0.968253968253968,0.849206349206349,0.420634920634921,0.53968253968254,0.0793650793650794,0.166666666666667,0.333333333333333,0.277777777777778,0.126984126984127,0.0476190476190476,0.968253968253968,0.166666666666667,0.507936507936508,0.325396825396825,0.69047619047619,0.46031746031746,0.325396825396825,0.253968253968254,0.563492063492063,0.547619047619048,0.349206349206349,0.579365079365079,0.920634920634921,0.198412698412698,0.746031746031746,0.111111111111111,0.182539682539683,0.801587301587302,0.246031746031746,0.301587301587302,0.388888888888889,0.706349206349206,0.428571428571429,0,0.333333333333333,0.69047619047619,0.880952380952381,0.46031746031746,0.579365079365079,0.80952380952381
0,0.642857142857143,0.841269841269841,0.396825396825397,0.746031746031746,0.801587301587302,0.0238095238095238,0.0555555555555556,0.523809523809524,0.976190476190476,0.563492063492063,0.23015873015873,0.611111111111111,0.198412698412698,0.952380952380952,0.119047619047619,0.182539682539683,0.96031746031746,0.174603174603175,0.857142857142857,0.206349206349206,0.142857142857143,0.436507936507937,0.468253968253968,0.238095238095238,0.134920634920635,0.19047619047619,0.0873015873015873,0.619047619047619,0.0476190476190476,0.388888888888889,0.134920634920635,0.825396825396825,0.325396825396825,0.73015873015873,0.96031746031746,0.412698412698413,0.603174603174603,0.698412698412698,0.738095238095238,0.626984126984127,0.166666666666667,0.46031746031746,0.380952380952381,0.214285714285714,0.531746031746032,0.198412698412698,0.373015873015873,0.904761904761905,0.373015873015873,0.873015873015873,0.452380952380952,0.80952380952381,0.0793650793650794,0.0952380952380952,0.73015873015873,0.817460317460317,0.904761904761905,0.777777777777778
0.936507936507937,0.523809523809524,0.841269841269841,0.698412698412698,0.301587301587302,0.952380952380952,0.825396825396825,0.777777777777778,0.420634920634921,0.285714285714286,0.968253968253968,0.0317460317460317,0.595238095238095,0.801587301587302,0.0476190476190476,0.19047619047619,0.452380952380952,0.0873015873015873,0.26984126984127,0.595238095238095,0.912698412698413,0.0396825396825397,0.261904761904762,0.349206349206349,0.515873015873016,0.444444444444444,0,0.73015873015873,0.349206349206349,0.984126984126984,0.531746031746032,0.904761904761905,0.76984126984127,0.69047619047619,0.952380952380952,0.452380952380952,0.0873015873015873,0.373015873015873,0.801587301587302,0.984126984126984,0.936507936507937,0.674603174603175,0.912698412698413,0.150793650793651,0.936507936507937,0.142857142857143,0.388888888888889,0.468253968253968,0.253968253968254,0.158730158730159,0.373015873015873,0.880952380952381,0.420634920634921,0.23015873015873,0.849206349206349,0.785714285714286,0.0793650793650794,0.404761904761905,0.0396825396825397
0.722222222222222,0.992063492063492,0.150793650793651,0.182539682539683,0.547619047619048,0.19047619047619,0.936507936507937,0.420634920634921,0.373015873015873,0.674603174603175,0.674603174603175,0.357142857142857,0,0.492063492063492,0.142857142857143,0.476190476190476,0.214285714285714,0.714285714285714,0.198412698412698,0.444444444444444,0.0396825396825397,0.5,0.00793650793650794,0.817460317460317,0.484126984126984,0.420634920634921,0.00793650793650794,0.706349206349206,0.746031746031746,0.76984126984127,0.166666666666667,0.198412698412698,0.571428571428571,0.658730158730159,0.880952380952381,0.904761904761905,1,0.0952380952380952,0.261904761904762,0.317460317460317,0.920634920634921,0.515873015873016,0.484126984126984,0.468253968253968,0.634920634920635,0.793650793650794,0.261904761904762,0,0.674603174603175,0.841269841269841,0.547619047619048,0.134920634920635,0.0317460317460317,0.0317460317460317,0.349206349206349,0.753968253968254,0.30952380952381,0.833333333333333,0.825396825396825
0.825396825396825,0.626984126984127,0.30952380952381,0.0317460317460317,0.626984126984127,0.626984126984127,0.873015873015873,0.880952380952381,0.666666666666667,0.96031746031746,0.579365079365079,0.0317460317460317,0.357142857142857,0.253968253968254,0.492063492063492,1,0.444444444444444,0.658730158730159,0.158730158730159,0.53968253968254,0.0396825396825397,0.174603174603175,0.142857142857143,0.333333333333333,0.746031746031746,0.301587301587302,0.896825396825397,0.182539682539683,0.0634920634920635,0.0873015873015873,0.19047619047619,0.738095238095238,0.396825396825397,0.0634920634920635,0.777777777777778,0.158730158730159,0.849206349206349,0.206349206349206,0,0.674603174603175,0.142857142857143,0.873015873015873,0.825396825396825,0.587301587301587,0.142857142857143,0.928571428571429,0.944444444444444,0.603174603174603,0.722222222222222,0.293650793650794,0.888888888888889,0.674603174603175,0.888888888888889,1,0.420634920634921,0.611111111111111,0.825396825396825,0.0793650793650794,0.587301587301587
0.0476190476190476,0.698412698412698,0.301587301587302,0.468253968253968,0.666666666666667,0.738095238095238,0.301587301587302,0.492063492063492,0.0714285714285714,0.642857142857143,0.317460317460317,0.253968253968254,0.301587301587302,0.103174603174603,0.817460317460317,0.277777777777778,0.404761904761905,0.23015873015873,0.603174603174603,0.928571428571429,0.873015873015873,0.849206349206349,0.706349206349206,0.857142857142857,0.00793650793650794,0.841269841269841,0.261904761904762,0.365079365079365,0.666666666666667,0.746031746031746,0.753968253968254,0.650793650793651,0.166666666666667,0.0396825396825397,0.293650793650794,0.484126984126984,0.603174603174603,0.261904761904762,0.26984126984127,0.380952380952381,0.150793650793651,0.69047619047619,0.301587301587302,0.880952380952381,0.349206349206349,0.857142857142857,0.412698412698413,0.285714285714286,0.126984126984127,0.944444444444444,0.126984126984127,0.238095238095238,0.880952380952381,0.619047619047619,0.365079365079365,0.253968253968254,0.658730158730159,0.0317460317460317,0.30952380952381
0.952380952380952,0.119047619047619,0.206349206349206,0.658730158730159,0.833333333333333,0.222222222222222,0.0793650793650794,0.944444444444444,0.158730158730159,0.46031746031746,0.428571428571429,0.888888888888889,0.0952380952380952,0.174603174603175,0.738095238095238,0.976190476190476,0.444444444444444,0.738095238095238,0.452380952380952,0.753968253968254,0.166666666666667,0.674603174603175,0.952380952380952,0.198412698412698,0.571428571428571,0.968253968253968,0.333333333333333,0.46031746031746,0.396825396825397,0.142857142857143,0.841269841269841,0.198412698412698,0.452380952380952,0.412698412698413,0.920634920634921,0.571428571428571,0.650793650793651,0.0555555555555556,0.0634920634920635,0.69047619047619,0.698412698412698,0.857142857142857,0.579365079365079,0.698412698412698,0.666666666666667,0.76984126984127,0.174603174603175,0.785714285714286,0.0634920634920635,0.26984126984127,0.404761904761905,0.865079365079365,0.30952380952381,0.666666666666667,1,0.666666666666667,0.650793650793651,0.317460317460317,0.26984126984127
1,0.0396825396825397,0.873015873015873,0.73015873015873,0.396825396825397,0.396825396825397,0.373015873015873,0.0555555555555556,0.880952380952381,0.293650793650794,0.920634920634921,0.984126984126984,0.634920634920635,0.373015873015873,0.341269841269841,0.214285714285714,0.238095238095238,0.119047619047619,0.30952380952381,0.928571428571429,0.507936507936508,0.531746031746032,0.301587301587302,0.126984126984127,0.642857142857143,0.706349206349206,0.642857142857143,0.404761904761905,0.0952380952380952,0.976190476190476,0.444444444444444,0.0634920634920635,0.80952380952381,0.166666666666667,0.174603174603175,0.531746031746032,0.30952380952381,0.666666666666667,0.714285714285714,0.30952380952381,0.515873015873016,0.00793650793650794,0.182539682539683,0.96031746031746,0.26984126984127,0.76984126984127,0.738095238095238,0.611111111111111,0.507936507936508,0.865079365079365,0.0476190476190476,0.365079365079365,0.952380952380952,0.317460317460317,0.968253968253968,0.349206349206349,0.53968253968254,0.404761904761905,1
0.76984126984127,0.396825396825397,0.325396825396825,0.507936507936508,0.134920634920635,0.785714285714286,0.968253968253968,0.928571428571429,0.150793650793651,0.198412698412698,0.492063492063492,0.111111111111111,0.873015873015873,0.706349206349206,0,0.658730158730159,0.492063492063492,0.277777777777778,0.341269841269841,0.198412698412698,0.880952380952381,0.96031746031746,0.476190476190476,0.166666666666667,0.912698412698413,0.341269841269841,0.246031746031746,1,0.174603174603175,0.317460317460317,0.579365079365079,0.444444444444444,0.531746031746032,0.968253968253968,0.357142857142857,0.825396825396825,0.928571428571429,0.888888888888889,0.0873015873015873,0.571428571428571,0.150793650793651,0.333333333333333,0.666666666666667,0.76984126984127,0.0317460317460317,0.174603174603175,0.888888888888889,0.992063492063492,0.80952380952381,0.0793650793650794,0.396825396825397,0.523809523809524,0.396825396825397,0.0634920634920635,0.182539682539683,0.341269841269841,0.301587301587302,0.150793650793651,0.444444444444444
1,0.650793650793651,0.373015873015873,0.30952380952381,0.349206349206349,1,0.150793650793651,0.111111111111111,0.650793650793651,0.738095238095238,0.277777777777778,0.357142857142857,0.0158730158730159,0.873015873015873,0.944444444444444,0.722222222222222,0.293650793650794,0.523809523809524,0.722222222222222,0.952380952380952,0.436507936507937,0.96031746031746,0.992063492063492,0.619047619047619,0.0158730158730159,0.0634920634920635,0.452380952380952,0.484126984126984,0.420634920634921,0.380952380952381,0.841269841269841,0.833333333333333,0.436507936507937,0.19047619047619,0.642857142857143,0.587301587301587,0.873015873015873,0.325396825396825,0.603174603174603,0.595238095238095,0.666666666666667,0.873015873015873,0.333333333333333,0.80952380952381,0.46031746031746,0.412698412698413,0.753968253968254,0.579365079365079,0,0.714285714285714,0.865079365079365,0.174603174603175,0.380952380952381,0.206349206349206,0.0158730158730159,0.642857142857143,0.492063492063492,0.0396825396825397,0.452380952380952
0.349206349206349,0.103174603174603,0.166666666666667,0.555555555555556,0.0873015873015873,0.666666666666667,0.444444444444444,0.468253968253968,0.53968253968254,0.428571428571429,0.0158730158730159,0.928571428571429,0.857142857142857,0.19047619047619,0.563492063492063,0.746031746031746,0.857142857142857,0.476190476190476,0.0873015873015873,0.380952380952381,0.992063492063492,0.793650793650794,0.817460317460317,0.182539682539683,0.0793650793650794,0.150793650793651,0.0476190476190476,0.0873015873015873,0.380952380952381,0.0634920634920635,0.515873015873016,0.222222222222222,0.119047619047619,0.904761904761905,0.0238095238095238,0.626984126984127,0.23015873015873,0.0952380952380952,0,0.619047619047619,0.928571428571429,0.119047619047619,0.531746031746032,1,0.261904761904762,0.753968253968254,0.96031746031746,0.69047619047619,0.73015873015873,0.507936507936508,0.865079365079365,0.777777777777778,0.19047619047619,0.293650793650794,0.912698412698413,0.96031746031746,0.69047619047619,0.119047619047619,0.928571428571429
0.285714285714286,0.507936507936508,0.777777777777778,0.650793650793651,0.611111111111111,0.817460317460317,0.515873015873016,0.96031746031746,0.317460317460317,0.587301587301587,0.698412698412698,0.571428571428571,0.706349206349206,0,0.753968253968254,0.777777777777778,0.166666666666667,0.706349206349206,0.928571428571429,0.0317460317460317,0.253968253968254,0.555555555555556,0.26984126984127,0.428571428571429,0.674603174603175,0.880952380952381,0.547619047619048,0.920634920634921,0.714285714285714,0.714285714285714,0,0.69047619047619,0.785714285714286,0.76984126984127,0.555555555555556,0.984126984126984,0.0714285714285714,0.246031746031746,0.30952380952381,0.650793650793651,0.865079365079365,0.857142857142857,0.841269841269841,0.611111111111111,0.944444444444444,0.46031746031746,0.706349206349206,0.285714285714286,0.833333333333333,0.984126984126984,0.222222222222222,0.706349206349206,0.0714285714285714,0.761904761904762,0.174603174603175,0.46031746031746,0.603174603174603,0.904761904761905,0.555555555555556
0.952380952380952,0.944444444444444,0.0952380952380952,0.317460317460317,0.984126984126984,0.611111111111111,0.198412698412698,0.0952380952380952,0.357142857142857,0.0317460317460317,0.238095238095238,0.150793650793651,0.547619047619048,0.634920634920635,0.261904761904762,0.30952380952381,0.611111111111111,0.253968253968254,0.634920634920635,0.468253968253968,0.753968253968254,0.492063492063492,0.357142857142857,0.238095238095238,0.896825396825397,0.00793650793650794,0.158730158730159,0,0.238095238095238,0.103174603174603,0.952380952380952,0.888888888888889,0.801587301587302,0.134920634920635,0.198412698412698,0.285714285714286,0.531746031746032,1,0.698412698412698,0.912698412698413,0.420634920634921,0.19047619047619,0.492063492063492,0.53968253968254,0.206349206349206,0.0396825396825397,0.380952380952381,0.0873015873015873,0.563492063492063,0.904761904761905,0.182539682539683,0.777777777777778,0.166666666666667,0.0952380952380952,0.626984126984127,0.547619047619048,0.238095238095238,0.404761904761905,0.0317460317460317
0.634920634920635,0.73015873015873,0.706349206349206,0.944444444444444,0.801587301587302,0.0158730158730159,0.317460317460317,0.968253968253968,0.476190476190476,0.80952380952381,0.373015873015873,0.507936507936508,0.579365079365079,0.888888888888889,0.888888888888889,0.420634920634921,0.126984126984127,0.698412698412698,0.976190476190476,0.0714285714285714,0,0.182539682539683,0.452380952380952,0.404761904761905,0.452380952380952,0.0317460317460317,0.0952380952380952,0.23015873015873,0.198412698412698,0.484126984126984,0.26984126984127,0.277777777777778,0.357142857142857,0.817460317460317,0.150793650793651,0.253968253968254,0.484126984126984,0.365079365079365,0.896825396825397,0.436507936507937,0.682539682539683,0.452380952380952,0.896825396825397,0.761904761904762,0.857142857142857,0.904761904761905,0.912698412698413,0.26984126984127,0.333333333333333,0.603174603174603,0.849206349206349,0.452380952380952,0,0.373015873015873,0.349206349206349,0.111111111111111,0.936507936507937,0.492063492063492,1
0.198412698412698,0.634920634920635,0.23015873015873,0.952380952380952,0.285714285714286,0.5,0.650793650793651,0.706349206349206,0.23015873015873,0.476190476190476,0.920634920634921,0.523809523809524,0.952380952380952,0.134920634920635,0.515873015873016,0.261904761904762,0.626984126984127,0.611111111111111,0.452380952380952,0.214285714285714,0.920634920634921,0.865079365079365,0.00793650793650794,0.738095238095238,0.134920634920635,0.76984126984127,0.880952380952381,0.777777777777778,0.595238095238095,0.611111111111111,0.30952380952381,0.476190476190476,0.523809523809524,0.714285714285714,0.0317460317460317,0.746031746031746,0.523809523809524,0.698412698412698,0.388888888888889,0.0238095238095238,0.650793650793651,0.801587301587302,0.0238095238095238,0.69047619047619,0.111111111111111,0.944444444444444,0.682539682539683,0.936507936507937,0.896825396825397,0.0238095238095238,0.468253968253968,0.603174603174603,0.571428571428571,0.0793650793650794,0.793650793650794,0.746031746031746,0.698412698412698,0.849206349206349,0.507936507936508
0.968253968253968,0.865079365079365,0.547619047619048,0.246031746031746,0.0714285714285714,0.650793650793651,1,0.857142857142857,0.952380952380952,0.80952380952381,0.650793650793651,0.96031746031746,0.634920634920635,0.325396825396825,0.404761904761905,0.5,0.682539682539683,0.817460317460317,0.992063492063492,0.555555555555556,0.333333333333333,0.142857142857143,0.777777777777778,0.0714285714285714,0.53968253968254,0.865079365079365,0.888888888888889,0.920634920634921,0.380952380952381,0.571428571428571,0.650793650793651,0.849206349206349,0.23015873015873,0.341269841269841,0.904761904761905,0.420634920634921,0.650793650793651,0.595238095238095,0.428571428571429,0.658730158730159,0.174603174603175,0.0793650793650794,0.174603174603175,0.73015873015873,0.738095238095238,0.619047619047619,0.222222222222222,0.952380952380952,0.26984126984127,0.523809523809524,0.904761904761905,0.984126984126984,0.452380952380952,0.0952380952380952,0.746031746031746,0.587301587301587,0.253968253968254,0.301587301587302,0.0952380952380952
0.158730158730159,0.452380952380952,0.793650793650794,0.571428571428571,0.857142857142857,0.404761904761905,0.111111111111111,0.619047619047619,0.444444444444444,0.111111111111111,0.674603174603175,1,0.436507936507937,0.317460317460317,0.0634920634920635,0,0.198412698412698,0.452380952380952,0.214285714285714,0.412698412698413,0.801587301587302,0.531746031746032,0.452380952380952,0.174603174603175,0.111111111111111,0.23015873015873,0.801587301587302,0.619047619047619,0.341269841269841,0.817460317460317,0,0.80952380952381,0.0476190476190476,0.238095238095238,0.253968253968254,0.888888888888889,0.944444444444444,0.555555555555556,0.984126984126984,0.753968253968254,0.5,0.841269841269841,0.849206349206349,0.0873015873015873,0.833333333333333,0.0317460317460317,0.53968253968254,0.444444444444444,0.142857142857143,0.222222222222222,0.626984126984127,0.484126984126984,0.992063492063492,0.0873015873015873,0.404761904761905,0.785714285714286,0.579365079365079,0.134920634920635,0.5
0.0317460317460317,0.984126984126984,0.642857142857143,0.293650793650794,0.214285714285714,0.0555555555555556,0.380952380952381,0.341269841269841,0.785714285714286,0.26984126984127,0.0238095238095238,0.134920634920635,0.587301587301587,0.436507936507937,0.888888888888889,0.531746031746032,0.785714285714286,0.19047619047619,0.579365079365079,0.69047619047619,0.76984126984127,0.142857142857143,0.801587301587302,0.531746031746032,0.468253968253968,0.73015873015873,0.944444444444444,0.19047619047619,0.00793650793650794,0.53968253968254,0.626984126984127,0.69047619047619,0.150793650793651,0.444444444444444,0.30952380952381,0.603174603174603,0.523809523809524,0.753968253968254,0.579365079365079,0.150793650793651,0.666666666666667,0.388888888888889,0.0873015873015873,0.126984126984127,1,0.484126984126984,0.293650793650794,0.801587301587302,0.698412698412698,0.126984126984127,0.571428571428571,0.0317460317460317,0.317460317460317,0.301587301587302,0.198412698412698,0.0555555555555556,0.134920634920635,0.928571428571429,0.293650793650794
0.515873015873016,0.849206349206349,0.507936507936508,0.833333333333333,0.412698412698413,0.849206349206349,0.214285714285714,0.00793650793650794,0.142857142857143,0.0476190476190476,0.142857142857143,0.658730158730159,0.555555555555556,0.833333333333333,0.841269841269841,0.428571428571429,0.992063492063492,0.428571428571429,0.380952380952381,0.436507936507937,0.96031746031746,0.126984126984127,0.222222222222222,0.166666666666667,0.682539682539683,0.468253968253968,0.658730158730159,0.619047619047619,0.896825396825397,0.73015873015873,0.484126984126984,0.150793650793651,0.579365079365079,0.119047619047619,0.0714285714285714,0.73015873015873,0.547619047619048,0.365079365079365,0.952380952380952,0.825396825396825,0.880952380952381,0.603174603174603,0.944444444444444,0.920634920634921,0.134920634920635,0.349206349206349,0.182539682539683,0.80952380952381,0.5,0.277777777777778,0.547619047619048,0.674603174603175,0.198412698412698,0.452380952380952,0.674603174603175,0.73015873015873,0.134920634920635,0.380952380952381,0.531746031746032
0.0238095238095238,0.619047619047619,0.920634920634921,0.912698412698413,0.76984126984127,0.777777777777778,0.603174603174603,0.0793650793650794,0.523809523809524,0.73015873015873,0.801587301587302,0.166666666666667,0.301587301587302,0.714285714285714,0.785714285714286,0.515873015873016,0.46031746031746,0.46031746031746,0.80952380952381,0.801587301587302,0.452380952380952,0.825396825396825,0.714285714285714,0.738095238095238,0.73015873015873,0.444444444444444,0.412698412698413,0.587301587301587,0.5,0.420634920634921,0.0873015873015873,0.388888888888889,0.468253968253968,0,0.0238095238095238,0.404761904761905,0.682539682539683,0.150793650793651,0.373015873015873,0.992063492063492,0.992063492063492,0.555555555555556,0.642857142857143,0.571428571428571,0.0952380952380952,0.182539682539683,0.357142857142857,0.873015873015873,0.619047619047619,0.674603174603175,0.547619047619048,0.0476190476190476,1,0.571428571428571,0.277777777777778,0.19047619047619,0.0952380952380952,0.96031746031746,0.111111111111111
0.222222222222222,0.150793650793651,0.738095238095238,0.571428571428571,0.817460317460317,0.0396825396825397,0.880952380952381,0.920634920634921,0.26984126984127,0.873015873015873,0.341269841269841,0.158730158730159,0.968253968253968,0.373015873015873,0.142857142857143,0.00793650793650794,0.626984126984127,0.936507936507937,0.650793650793651,0.682539682539683,0.563492063492063,0.619047619047619,0.968253968253968,0.325396825396825,0.238095238095238,0.0238095238095238,0.69047619047619,0.357142857142857,0.277777777777778,0.642857142857143,0.206349206349206,0.880952380952381,0.841269841269841,0.801587301587302,0.531746031746032,0.515873015873016,0.992063492063492,0.46031746031746,0.952380952380952,0.277777777777778,0.0952380952380952,0.984126984126984,0.96031746031746,0.412698412698413,0.0555555555555556,0.158730158730159,0.0238095238095238,0.896825396825397,0.0634920634920635,0.587301587301587,0.563492063492063,0.801587301587302,0.619047619047619,0.682539682539683,0,0.396825396825397,0.642857142857143,0.587301587301587,0.444444444444444
0.0476190476190476,0.5,0.722222222222222,0.738095238095238,0.761904761904762,0.333333333333333,0.412698412698413,0.349206349206349,0.436507936507937,0.19047619047619,1,0.468253968253968,0.373015873015873,0.396825396825397,0.166666666666667,0.0952380952380952,0.722222222222222,0.888888888888889,0.896825396825397,0.944444444444444,0.817460317460317,0.992063492063492,0.452380952380952,0.166666666666667,0.214285714285714,0.555555555555556,1,0.301587301587302,0.777777777777778,0.301587301587302,0.880952380952381,0.547619047619048,0.436507936507937,0.261904761904762,0.0238095238095238,0.682539682539683,0.436507936507937,0.611111111111111,0.0555555555555556,0.952380952380952,0.0555555555555556,0.904761904761905,0.706349206349206,0.365079365079365,0.714285714285714,0.555555555555556,0.142857142857143,0.0238095238095238,0.206349206349206,0.587301587301587,0.0476190476190476,0.571428571428571,0.468253968253968,0.26984126984127,0.134920634920635,0.682539682539683,0.0634920634920635,0.317460317460317,0.388888888888889
0.293650793650794,0.357142857142857,0.96031746031746,0.587301587301587,0.30952380952381,0.476190476190476,0.587301587301587,0.706349206349206,0.587301587301587,0.920634920634921,0.222222222222222,0.365079365079365,0.119047619047619,0.849206349206349,0.53968253968254,0.0317460317460317,0.30952380952381,0.626984126984127,0.563492063492063,0.0396825396825397,0.428571428571429,0.317460317460317,0.793650793650794,0.0396825396825397,0.111111111111111,0.468253968253968,0.912698412698413,0.682539682539683,0.706349206349206,0.896825396825397,0.19047619047619,0.674603174603175,0.476190476190476,0.103174603174603,0.96031746031746,0.412698412698413,0.722222222222222,0.785714285714286,0.841269841269841,0.587301587301587,0.277777777777778,0.928571428571429,0.111111111111111,0.738095238095238,0.238095238095238,0.444444444444444,0.880952380952381,0.73015873015873,0.634920634920635,0.0634920634920635,0.0476190476190476,0.920634920634921,0.285714285714286,0.714285714285714,0.507936507936508,0.0317460317460317,0.634920634920635,0.952380952380952,0.801587301587302
0.0873015873015873,0.174603174603175,0.0634920634920635,0.404761904761905,0.595238095238095,0.341269841269841,0.833333333333333,0.119047619047619,0.76984126984127,0.333333333333333,0.380952380952381,0.682539682539683,0.0555555555555556,0.952380952380952,0.96031746031746,0.492063492063492,0.563492063492063,0.841269841269841,0.00793650793650794,0.69047619047619,0.531746031746032,0.531746031746032,0.595238095238095,0.206349206349206,0.888888888888889,0.833333333333333,0.0238095238095238,0.817460317460317,0.896825396825397,0.698412698412698,0.547619047619048,0.46031746031746,0.634920634920635,0.182539682539683,0.69047619047619,0.904761904761905,0.0873015873015873,0.293650793650794,0.373015873015873,0.0714285714285714,0.349206349206349,0.579365079365079,0.468253968253968,0.349206349206349,0.19047619047619,0.357142857142857,0.468253968253968,0.595238095238095,0.103174603174603,0.76984126984127,0.253968253968254,0.698412698412698,0.928571428571429,0.0793650793650794,0.563492063492063,0.484126984126984,0.682539682539683,0.341269841269841,0.0317460317460317
0.753968253968254,0.595238095238095,0.404761904761905,0.492063492063492,0.849206349206349,0.912698412698413,0.873015873015873,0,0.301587301587302,0.317460317460317,0.920634920634921,0.134920634920635,0.738095238095238,0.26984126984127,0.238095238095238,0.0158730158730159,0.793650793650794,0.944444444444444,0.428571428571429,0.333333333333333,0.142857142857143,0.80952380952381,0.69047619047619,0.880952380952381,0.444444444444444,0.404761904761905,0.920634920634921,0.706349206349206,0.0793650793650794,0.325396825396825,0.80952380952381,0.619047619047619,0.30952380952381,0.46031746031746,0.166666666666667,0.119047619047619,0.555555555555556,0.0793650793650794,0.603174603174603,0.222222222222222,0.00793650793650794,0.349206349206349,0.277777777777778,0.793650793650794,0.904761904761905,0.849206349206349,0.468253968253968,0.126984126984127,0.547619047619048,0.246031746031746,0.69047619047619,0.357142857142857,0.73015873015873,0.492063492063492,0.285714285714286,0.277777777777778,0.150793650793651,0.873015873015873,0.0634920634920635
0.134920634920635,0.0476190476190476,0.984126984126984,0.476190476190476,0.674603174603175,0.444444444444444,0.317460317460317,0.547619047619048,0.357142857142857,0.277777777777778,0.0793650793650794,0.579365079365079,0.0793650793650794,0.76984126984127,0.0952380952380952,0.674603174603175,0.865079365079365,0.936507936507937,0.761904761904762,0.611111111111111,0.317460317460317,0.634920634920635,0.0396825396825397,0.30952380952381,0.5,0.341269841269841,0.555555555555556,0.317460317460317,0.753968253968254,0.984126984126984,0.595238095238095,0.158730158730159,0.00793650793650794,0.896825396825397,0.555555555555556,0.920634920634921,0.341269841269841,0.753968253968254,0.293650793650794,0.952380952380952,0.96031746031746,0.69047619047619,0.0158730158730159,0.619047619047619,0.404761904761905,0.714285714285714,0.341269841269841,0.238095238095238,0.317460317460317,0.111111111111111,0.333333333333333,0.388888888888889,0.841269841269841,0.920634920634921,0.865079365079365,0.611111111111111,0.428571428571429,0.865079365079365,0.246031746031746
0.674603174603175,0.365079365079365,0.880952380952381,0.333333333333333,0.785714285714286,0.722222222222222,0.777777777777778,0.134920634920635,0.182539682539683,0.0873015873015873,1,0.714285714285714,0.412698412698413,0.603174603174603,0.619047619047619,0.658730158730159,0,0.484126984126984,0.698412698412698,0.785714285714286,0.76984126984127,0.753968253968254,0.341269841269841,0.507936507936508,0.0317460317460317,0.412698412698413,0.658730158730159,0.595238095238095,0.349206349206349,0.912698412698413,0.841269841269841,0.134920634920635,0.365079365079365,0.603174603174603,0.579365079365079,0.801587301587302,0.849206349206349,0.547619047619048,0.507936507936508,0.785714285714286,0.468253968253968,0.555555555555556,0.841269841269841,0.714285714285714,0.0238095238095238,0.746031746031746,0.555555555555556,0.76984126984127,0.746031746031746,0.571428571428571,0.365079365079365,0.119047619047619,0.753968253968254,0.0317460317460317,0.365079365079365,0.206349206349206,0.412698412698413,0.0158730158730159,0
0.595238095238095,0.166666666666667,0.261904761904762,0.976190476190476,0.674603174603175,0.595238095238095,0.0793650793650794,0.507936507936508,0.301587301587302,0.19047619047619,0.150793650793651,0.111111111111111,0.5,0.555555555555556,0.761904761904762,0.761904761904762,0.833333333333333,0.976190476190476,0.928571428571429,0.928571428571429,0.666666666666667,0.579365079365079,0.119047619047619,0.904761904761905,0.888888888888889,0.222222222222222,0.30952380952381,0.76984126984127,0.698412698412698,0.46031746031746,0.976190476190476,0.238095238095238,0.301587301587302,0.103174603174603,0.984126984126984,0.936507936507937,0.380952380952381,0.920634920634921,0.246031746031746,0.5,0.650793650793651,0.388888888888889,0.365079365079365,0.912698412698413,0.619047619047619,0.396825396825397,0.579365079365079,0.0634920634920635,0.238095238095238,0.444444444444444,0.753968253968254,0.650793650793651,0.642857142857143,0.53968253968254,0.738095238095238,0,0.388888888888889,0.76984126984127,0.984126984126984
0.563492063492063,0.833333333333333,0.30952380952381,0.912698412698413,0.896825396825397,0.277777777777778,0.53968253968254,0.746031746031746,0.73015873015873,0.380952380952381,0.634920634920635,0.19047619047619,0.873015873015873,0.0158730158730159,0.182539682539683,0.365079365079365,0.0952380952380952,0.611111111111111,0.595238095238095,0.880952380952381,0.873015873015873,1,0.912698412698413,0.658730158730159,1,0.738095238095238,0.46031746031746,0.0634920634920635,0.523809523809524,0.968253968253968,0.912698412698413,0.420634920634921,0.452380952380952,0.388888888888889,0.198412698412698,0.119047619047619,0.0714285714285714,0.53968253968254,0.936507936507937,0.626984126984127,0.793650793650794,0.468253968253968,0.888888888888889,0.46031746031746,0.507936507936508,0.563492063492063,0.626984126984127,0.746031746031746,0.920634920634921,0.420634920634921,0.96031746031746,0.785714285714286,0.936507936507937,0.626984126984127,0.246031746031746,0.96031746031746,0.428571428571429,0.603174603174603,0.976190476190476
0.119047619047619,0.00793650793650794,0.333333333333333,0.952380952380952,0.0238095238095238,0.880952380952381,0.0714285714285714,0.19047619047619,0.944444444444444,0.753968253968254,0.373015873015873,0.46031746031746,0.158730158730159,0.0317460317460317,0.619047619047619,0.158730158730159,0.761904761904762,0.444444444444444,0.317460317460317,0.285714285714286,0.865079365079365,0.150793650793651,0.182539682539683,0.912698412698413,0.642857142857143,0.896825396825397,0.222222222222222,0.992063492063492,0.214285714285714,0.642857142857143,0.634920634920635,0.507936507936508,0.0873015873015873,0.484126984126984,0.611111111111111,0.0952380952380952,0.0317460317460317,0.317460317460317,0.0476190476190476,0.174603174603175,0.96031746031746,0.0476190476190476,0.976190476190476,1,0.46031746031746,0.968253968253968,0.261904761904762,0.0952380952380952,0.484126984126984,0.523809523809524,0.30952380952381,0.0476190476190476,0.73015873015873,0.253968253968254,0.111111111111111,0.126984126984127,0.0476190476190476,0.142857142857143,0.0555555555555556
0.706349206349206,0.682539682539683,0.619047619047619,0.595238095238095,0.738095238095238,0.126984126984127,0.619047619047619,0.595238095238095,0.555555555555556,0.111111111111111,0.365079365079365,0.865079365079365,0.428571428571429,0.238095238095238,0.80952380952381,0.873015873015873,0.126984126984127,0.722222222222222,0.246031746031746,0.634920634920635,0.333333333333333,0.722222222222222,0.880952380952381,0.5,0.317460317460317,0.19047619047619,0.595238095238095,0,0.142857142857143,0.452380952380952,0.126984126984127,0.198412698412698,0.555555555555556,0,0.30952380952381,0.182539682539683,0.992063492063492,0.214285714285714,0.547619047619048,0.103174603174603,0.00793650793650794,0.682539682539683,0.246031746031746,0.976190476190476,0.642857142857143,0.563492063492063,0.404761904761905,0.777777777777778,0.198412698412698,1,0.388888888888889,0.698412698412698,0.523809523809524,0.182539682539683,0.53968253968254,0.253968253968254,0.76984126984127,0.793650793650794,0.833333333333333
0.325396825396825,0.912698412698413,0.912698412698413,0.00793650793650794,0.722222222222222,0.0714285714285714,0.0476190476190476,0.206349206349206,0.222222222222222,0.865079365079365,0.46031746031746,0.317460317460317,0.373015873015873,0.555555555555556,0.753968253968254,0.523809523809524,0.380952380952381,0.547619047619048,0.714285714285714,0.119047619047619,0.76984126984127,0.920634920634921,0.547619047619048,0.142857142857143,0.238095238095238,0.76984126984127,0.746031746031746,0.222222222222222,0.103174603174603,0.666666666666667,0.849206349206349,1,0.761904761904762,0.650793650793651,0.0158730158730159,0.182539682539683,0.746031746031746,0.880952380952381,0.198412698412698,0.00793650793650794,0.80952380952381,0.0396825396825397,0.611111111111111,0.277777777777778,0.00793650793650794,0.825396825396825,0.166666666666667,0.341269841269841,0.380952380952381,0.0873015873015873,0.492063492063492,0.198412698412698,0.182539682539683,0.968253968253968,0.944444444444444,0.142857142857143,0.563492063492063,0.468253968253968,0.904761904761905
0.412698412698413,0.714285714285714,0.0238095238095238,0.952380952380952,0.547619047619048,0.492063492063492,0.579365079365079,0.103174603174603,0.888888888888889,0.166666666666667,0.80952380952381,0.801587301587302,0.0714285714285714,0.26984126984127,0,0.333333333333333,0.53968253968254,0.166666666666667,0.928571428571429,0.96031746031746,0.365079365079365,0.523809523809524,0.134920634920635,0.984126984126984,0.611111111111111,0.388888888888889,0.119047619047619,0.436507936507937,0.523809523809524,0.555555555555556,0.0952380952380952,0.920634920634921,0.547619047619048,0.222222222222222,0.428571428571429,0.206349206349206,0.277777777777778,0.134920634920635,0.96031746031746,0.634920634920635,0.523809523809524,0.968253968253968,0.0555555555555556,0.126984126984127,0.571428571428571,0.515873015873016,0.928571428571429,0.857142857142857,0.0634920634920635,0.158730158730159,0.80952380952381,0.30952380952381,0.198412698412698,0.19047619047619,0.706349206349206,0.817460317460317,0.0317460317460317,0.0555555555555556,0.158730158730159
0.23015873015873,0.182539682539683,0.158730158730159,0.452380952380952,0.896825396825397,0.103174603174603,0.285714285714286,0.69047619047619,0.134920634920635,0.357142857142857,0.880952380952381,0.142857142857143,0.738095238095238,0.285714285714286,0.920634920634921,0.817460317460317,0.365079365079365,0.277777777777778,0.357142857142857,0.666666666666667,0.357142857142857,0.142857142857143,0.373015873015873,0.0238095238095238,0.0873015873015873,0.285714285714286,0.00793650793650794,0.396825396825397,0.420634920634921,0.341269841269841,0.19047619047619,0.634920634920635,0.0793650793650794,0.912698412698413,0.984126984126984,0.341269841269841,0.976190476190476,0.214285714285714,0.80952380952381,0.761904761904762,0.706349206349206,0.246031746031746,1,0.150793650793651,0.365079365079365,0.777777777777778,0.611111111111111,0.920634920634921,0.373015873015873,0.253968253968254,0.182539682539683,0.746031746031746,0.595238095238095,0.333333333333333,0.714285714285714,0.468253968253968,0.920634920634921,0.73015873015873,0.30952380952381
0.80952380952381,0.253968253968254,0.126984126984127,0.73015873015873,0.325396825396825,0.547619047619048,0.587301587301587,0.928571428571429,0.0476190476190476,0.222222222222222,0.952380952380952,0.825396825396825,0.484126984126984,0.666666666666667,0.301587301587302,0.753968253968254,0.674603174603175,0.928571428571429,0.984126984126984,0.0317460317460317,0.595238095238095,0.642857142857143,0.746031746031746,0.182539682539683,0.341269841269841,0.555555555555556,0.579365079365079,0.277777777777778,0.341269841269841,0.73015873015873,1,0.571428571428571,0.253968253968254,0.0555555555555556,0.111111111111111,0.246031746031746,0.0873015873015873,0.650793650793651,0.468253968253968,0.642857142857143,0.666666666666667,0.396825396825397,0.285714285714286,0.206349206349206,0.365079365079365,0.992063492063492,0.111111111111111,0.293650793650794,0.896825396825397,0.428571428571429,0.325396825396825,0.992063492063492,0.507936507936508,0.547619047619048,0.69047619047619,0.0158730158730159,0.150793650793651,0.0158730158730159,0.349206349206349
0.46031746031746,0.634920634920635,0.603174603174603,0.603174603174603,0.825396825396825,0.174603174603175,0.976190476190476,0.984126984126984,0.373015873015873,0.968253968253968,0.563492063492063,0.436507936507937,0.0158730158730159,0.674603174603175,0.880952380952381,0.80952380952381,0.658730158730159,0.817460317460317,0.952380952380952,0.301587301587302,1,0.357142857142857,0.523809523809524,1,0.214285714285714,0.317460317460317,0.515873015873016,0.976190476190476,0.96031746031746,0.0634920634920635,0.80952380952381,0.793650793650794,1,0.682539682539683,0.76984126984127,0.452380952380952,0.46031746031746,0.277777777777778,0.976190476190476,0.603174603174603,0.547619047619048,0.952380952380952,0.103174603174603,0.333333333333333,0.00793650793650794,0.912698412698413,0.912698412698413,0.0476190476190476,0.246031746031746,0.555555555555556,0.357142857142857,0.293650793650794,0.992063492063492,0.523809523809524,1,0.301587301587302,0.484126984126984,0.992063492063492,0.785714285714286
0.682539682539683,0.428571428571429,0.325396825396825,0.206349206349206,0.928571428571429,0.349206349206349,0.833333333333333,0.0476190476190476,0.571428571428571,0.992063492063492,0.912698412698413,0.650793650793651,0.849206349206349,0.103174603174603,0.0952380952380952,0.611111111111111,0.468253968253968,0.412698412698413,0.119047619047619,0.682539682539683,0.46031746031746,0.825396825396825,0.388888888888889,0.253968253968254,0.134920634920635,0.0555555555555556,0.674603174603175,0.0476190476190476,0.222222222222222,0.492063492063492,0.992063492063492,0.738095238095238,0.698412698412698,0.293650793650794,0.476190476190476,0.0238095238095238,0.0476190476190476,0.555555555555556,0.888888888888889,0.476190476190476,0.865079365079365,0.150793650793651,0.0634920634920635,0.976190476190476,0.492063492063492,0.73015873015873,0.523809523809524,0.0476190476190476,0.19047619047619,0.0714285714285714,0.738095238095238,0.857142857142857,0.595238095238095,0.626984126984127,0.0158730158730159,0.976190476190476,0.285714285714286,0.531746031746032,0.492063492063492
0.793650793650794,0.531746031746032,0.0714285714285714,0.428571428571429,0.682539682539683,0.325396825396825,0.642857142857143,0.23015873015873,0.912698412698413,0.150793650793651,0.674603174603175,0.380952380952381,0.555555555555556,0.158730158730159,0.896825396825397,0.73015873015873,0.507936507936508,0.888888888888889,0.301587301587302,0.849206349206349,0.317460317460317,0.80952380952381,0.880952380952381,0.0158730158730159,0.976190476190476,0.817460317460317,0.698412698412698,0.817460317460317,0.0634920634920635,0.944444444444444,0.761904761904762,0.801587301587302,0.873015873015873,0.293650793650794,0.365079365079365,0.46031746031746,0.96031746031746,0.261904761904762,0.388888888888889,0.928571428571429,0.428571428571429,0.714285714285714,0.563492063492063,0.380952380952381,1,0.595238095238095,0.753968253968254,0.682539682539683,0.00793650793650794,0.722222222222222,0.0873015873015873,0.825396825396825,0.547619047619048,0.150793650793651,0.571428571428571,0.793650793650794,0.746031746031746,0.650793650793651,0.158730158730159
0.849206349206349,0.634920634920635,0.357142857142857,0.682539682539683,0.166666666666667,0.817460317460317,0.468253968253968,0.0634920634920635,0.785714285714286,0.0714285714285714,0.825396825396825,0.722222222222222,0.698412698412698,0.738095238095238,0.714285714285714,0.968253968253968,0.285714285714286,0.873015873015873,0.0555555555555556,0.0793650793650794,0.0555555555555556,0.396825396825397,0.484126984126984,0.0952380952380952,0.238095238095238,0.920634920634921,0.428571428571429,0.0634920634920635,0.722222222222222,0.658730158730159,0.722222222222222,0.0317460317460317,0.325396825396825,0.103174603174603,0.746031746031746,0.507936507936508,0.650793650793651,0.825396825396825,0.53968253968254,0.912698412698413,0.968253968253968,0.277777777777778,0.214285714285714,0.714285714285714,0.80952380952381,0.380952380952381,0.507936507936508,0.26984126984127,0.396825396825397,0.531746031746032,0.174603174603175,0.365079365079365,0.0317460317460317,0.365079365079365,0.476190476190476,0.968253968253968,0.888888888888889,0.793650793650794,0.936507936507937
0.825396825396825,0.706349206349206,0.341269841269841,0.571428571428571,0.698412698412698,0.936507936507937,0.103174603174603,0.388888888888889,0.404761904761905,0.198412698412698,0.531746031746032,0.0158730158730159,0.896825396825397,0.793650793650794,1,0.325396825396825,0.753968253968254,0.5,0.373015873015873,0.0396825396825397,0.984126984126984,0.23015873015873,0.595238095238095,0.476190476190476,0.626984126984127,0.69047619047619,0.73015873015873,0.841269841269841,1,0.492063492063492,0.380952380952381,0.476190476190476,0,0.761904761904762,0.873015873015873,0.793650793650794,0.880952380952381,0.619047619047619,0.293650793650794,0.793650793650794,0.23015873015873,0.492063492063492,0.904761904761905,0.857142857142857,0.753968253968254,0.214285714285714,0.23015873015873,0.0952380952380952,0.96031746031746,0.428571428571429,0.515873015873016,0.793650793650794,0.26984126984127,0.26984126984127,0.468253968253968,0.436507936507937,0.484126984126984,0.611111111111111,0.682539682539683
0.373015873015873,0.412698412698413,0.873015873015873,0.650793650793651,0.420634920634921,0.698412698412698,0.833333333333333,0.0238095238095238,0.777777777777778,0.912698412698413,0.142857142857143,0.579365079365079,0.515873015873016,0.880952380952381,0.325396825396825,0.650793650793651,0.595238095238095,0.0952380952380952,0.777777777777778,0.563492063492063,0.944444444444444,0.944444444444444,0.825396825396825,0.992063492063492,0.150793650793651,0.0793650793650794,0.0952380952380952,0.706349206349206,0.571428571428571,0.166666666666667,0.293650793650794,0.476190476190476,0.142857142857143,0.317460317460317,0.134920634920635,0.00793650793650794,0.436507936507937,0.0396825396825397,0.626984126984127,0.76984126984127,0.174603174603175,0.523809523809524,0.341269841269841,0.833333333333333,0.849206349206349,0.468253968253968,0.126984126984127,0.373015873015873,0.714285714285714,0.103174603174603,0.142857142857143,0.373015873015873,0.896825396825397,0.587301587301587,0.53968253968254,0.507936507936508,0.531746031746032,0.0238095238095238,0.96031746031746
0.880952380952381,0.0317460317460317,0.0873015873015873,0.111111111111111,0.722222222222222,1,0.873015873015873,0.714285714285714,0.634920634920635,0.349206349206349,0.777777777777778,0.444444444444444,0.722222222222222,0.317460317460317,0.777777777777778,0.841269841269841,0.53968253968254,0.492063492063492,0.587301587301587,0.182539682539683,0.0158730158730159,0,0.476190476190476,0.119047619047619,0.468253968253968,0.865079365079365,0.333333333333333,0.650793650793651,0.936507936507937,0.547619047619048,0.746031746031746,0.404761904761905,0.492063492063492,0.952380952380952,0.785714285714286,0.73015873015873,0.912698412698413,0.96031746031746,0.0714285714285714,0.492063492063492,0.380952380952381,0.801587301587302,0.515873015873016,0.134920634920635,0.642857142857143,0.0238095238095238,0.80952380952381,0.515873015873016,0.523809523809524,0.452380952380952,0.76984126984127,0.619047619047619,0.96031746031746,0.611111111111111,0.134920634920635,0.23015873015873,0.0952380952380952,0.396825396825397,0.166666666666667
0.936507936507937,0.206349206349206,0.69047619047619,0.103174603174603,0.547619047619048,0.126984126984127,0.682539682539683,0.555555555555556,0.984126984126984,0.642857142857143,0.23015873015873,0.896825396825397,0.19047619047619,0.888888888888889,0.76984126984127,0.801587301587302,0.936507936507937,0.69047619047619,0.317460317460317,0.904761904761905,0.579365079365079,0.420634920634921,0.420634920634921,0.841269841269841,0.26984126984127,1,0.293650793650794,0.523809523809524,0.80952380952381,0.873015873015873,0.992063492063492,0.698412698412698,0.341269841269841,0.261904761904762,0.579365079365079,0.857142857142857,0.222222222222222,0.246031746031746,0.126984126984127,0.0555555555555556,0.0952380952380952,0.865079365079365,1,0.357142857142857,0.0476190476190476,0.0873015873015873,0.968253968253968,0.5,0.103174603174603,0.238095238095238,0.785714285714286,0.69047619047619,0.492063492063492,0.0873015873015873,0.428571428571429,0.00793650793650794,0.706349206349206,0.0396825396825397,0.325396825396825
0.0873015873015873,0.531746031746032,0.984126984126984,0.0317460317460317,0.563492063492063,0,0.293650793650794,0.476190476190476,0.682539682539683,0.587301587301587,0.738095238095238,1,0.984126984126984,0.46031746031746,0.650793650793651,0.349206349206349,0.30952380952381,0.166666666666667,0.0476190476190476,0.293650793650794,0.46031746031746,1,0.928571428571429,0.349206349206349,0.777777777777778,0.563492063492063,0.452380952380952,0.968253968253968,0.595238095238095,0.777777777777778,0.53968253968254,0.238095238095238,0.23015873015873,0.380952380952381,0.626984126984127,0.293650793650794,0.857142857142857,0.849206349206349,0.873015873015873,0.396825396825397,0.396825396825397,0.992063492063492,0.571428571428571,0.277777777777778,0.531746031746032,0.76984126984127,0.603174603174603,0.658730158730159,0.579365079365079,0.619047619047619,0.698412698412698,0.0317460317460317,0.912698412698413,0.174603174603175,0.134920634920635,0.0634920634920635,0.214285714285714,0.158730158730159,0.119047619047619
0.936507936507937,0.341269841269841,0.365079365079365,0.246031746031746,0.952380952380952,0.611111111111111,0.396825396825397,0.388888888888889,0.777777777777778,0.380952380952381,0.26984126984127,0.833333333333333,0.150793650793651,0.444444444444444,0.484126984126984,0.507936507936508,0.722222222222222,0.547619047619048,0.0476190476190476,0.23015873015873,0.174603174603175,0.611111111111111,0.349206349206349,0.555555555555556,0.928571428571429,0.650793650793651,0.126984126984127,0.158730158730159,0.642857142857143,0.96031746031746,0.579365079365079,0.46031746031746,0.928571428571429,0.412698412698413,0.182539682539683,0.404761904761905,0.333333333333333,0.785714285714286,0.682539682539683,0.801587301587302,0.944444444444444,0.785714285714286,0.825396825396825,0.555555555555556,0.619047619047619,0.119047619047619,0.444444444444444,0.174603174603175,0.142857142857143,0.388888888888889,0.992063492063492,0.325396825396825,0.595238095238095,0.761904761904762,0.0952380952380952,0.825396825396825,0.0396825396825397,0.0634920634920635,0.452380952380952
0.904761904761905,0.00793650793650794,0.626984126984127,0.912698412698413,0.0793650793650794,0.682539682539683,0.00793650793650794,0.325396825396825,0.0555555555555556,0.0873015873015873,0.301587301587302,0.111111111111111,1,0,0.992063492063492,0,0.30952380952381,0.888888888888889,0.825396825396825,0.103174603174603,0.222222222222222,0.23015873015873,0.865079365079365,0.261904761904762,0.30952380952381,0.96031746031746,0.603174603174603,0.111111111111111,0.515873015873016,0.325396825396825,0.357142857142857,0.222222222222222,0.611111111111111,0.817460317460317,0.928571428571429,0.444444444444444,0.222222222222222,0.984126984126984,0.412698412698413,0.0952380952380952,0.111111111111111,0.96031746031746,0.936507936507937,0.404761904761905,0.992063492063492,0.476190476190476,0.380952380952381,0.595238095238095,0.0634920634920635,0.785714285714286,0.293650793650794,0.0952380952380952,0.182539682539683,0.944444444444444,0.666666666666667,0.174603174603175,0.722222222222222,0.30952380952381,0.698412698412698
0.30952380952381,0.920634920634921,0.158730158730159,0.00793650793650794,0.0873015873015873,0.777777777777778,0.246031746031746,0.277777777777778,0.325396825396825,0.563492063492063,0.444444444444444,0.206349206349206,0.873015873015873,0.333333333333333,0.53968253968254,0.142857142857143,0.523809523809524,0.785714285714286,0.103174603174603,0.682539682539683,0.277777777777778,0.246031746031746,0.30952380952381,0.0793650793650794,0.00793650793650794,0.0873015873015873,0.714285714285714,0.920634920634921,0.658730158730159,0.293650793650794,0.76984126984127,0.238095238095238,0.547619047619048,0.952380952380952,0.325396825396825,0.0873015873015873,0.5,0.0555555555555556,0.563492063492063,0.341269841269841,0.182539682539683,0.476190476190476,0.825396825396825,0.984126984126984,0.682539682539683,0.0873015873015873,0.642857142857143,0.357142857142857,0.793650793650794,0.206349206349206,0.333333333333333,0.119047619047619,0.0873015873015873,0.468253968253968,0.158730158730159,0.642857142857143,0.976190476190476,0.944444444444444,0.126984126984127
0.896825396825397,0.126984126984127,0.246031746031746,0.277777777777778,0.650793650793651,0.53968253968254,0.849206349206349,0.53968253968254,0.373015873015873,0.246031746031746,0.0555555555555556,0.873015873015873,0.246031746031746,0.476190476190476,0.126984126984127,0.134920634920635,0.674603174603175,0.182539682539683,0.634920634920635,0.00793650793650794,0.476190476190476,0.515873015873016,0.777777777777778,0.952380952380952,0.936507936507937,0,0.349206349206349,0.563492063492063,0.261904761904762,0.206349206349206,0.96031746031746,0.587301587301587,0.73015873015873,0.53968253968254,0.793650793650794,0.595238095238095,0.126984126984127,0.0793650793650794,0.793650793650794,0.158730158730159,0.150793650793651,0.150793650793651,0.841269841269841,0.587301587301587,0.761904761904762,0.888888888888889,0.158730158730159,0.0793650793650794,0.920634920634921,0.0634920634920635,0.761904761904762,0.904761904761905,0.261904761904762,0.658730158730159,0.0952380952380952,0.261904761904762,0.214285714285714,0.341269841269841,0.682539682539683
0.341269841269841,0.571428571428571,0.706349206349206,0.785714285714286,0.285714285714286,0.0476190476190476,0.706349206349206,0.142857142857143,0.579365079365079,0.53968253968254,0.952380952380952,0.912698412698413,0.666666666666667,0.706349206349206,0.595238095238095,0.0873015873015873,0.603174603174603,0.317460317460317,0.817460317460317,0.00793650793650794,0.738095238095238,0.301587301587302,0.142857142857143,0.452380952380952,0.555555555555556,0.563492063492063,0.333333333333333,0.0158730158730159,0.0476190476190476,0.642857142857143,0.333333333333333,0.174603174603175,0.0952380952380952,0.134920634920635,0.880952380952381,0.698412698412698,0.341269841269841,0.0238095238095238,0.150793650793651,0.476190476190476,0.912698412698413,0.261904761904762,0.722222222222222,0.0396825396825397,0.619047619047619,0.682539682539683,0.206349206349206,0.952380952380952,0.0793650793650794,0.579365079365079,0.865079365079365,0.666666666666667,0.849206349206349,0.285714285714286,0.73015873015873,0.214285714285714,0.76984126984127,0.388888888888889,0.0714285714285714
0.547619047619048,0.468253968253968,0.46031746031746,0.96031746031746,0.785714285714286,0.976190476190476,0.0555555555555556,0.436507936507937,0.944444444444444,0.206349206349206,0.0317460317460317,0.357142857142857,0.174603174603175,0.833333333333333,0.746031746031746,0.0396825396825397,0.0634920634920635,0.849206349206349,0.19047619047619,1,0.412698412698413,0.412698412698413,0.642857142857143,1,0.19047619047619,0.293650793650794,0.246031746031746,0.325396825396825,0.468253968253968,0.944444444444444,0.253968253968254,0.69047619047619,0.182539682539683,0.738095238095238,0.293650793650794,0.103174603174603,0.111111111111111,0.182539682539683,0.698412698412698,0.722222222222222,0.912698412698413,0.317460317460317,0.912698412698413,0.896825396825397,0.579365079365079,0.126984126984127,0.920634920634921,0.722222222222222,0.293650793650794,0.301587301587302,0.555555555555556,0.857142857142857,0.896825396825397,0.365079365079365,0.968253968253968,0.0793650793650794,0.253968253968254,0.507936507936508,0.587301587301587
1,0.325396825396825,0.0952380952380952,0.626984126984127,0.595238095238095,0.976190476190476,0.412698412698413,0.76984126984127,0.198412698412698,0.0396825396825397,0.785714285714286,0.293650793650794,0.507936507936508,0.674603174603175,0.857142857142857,0.69047619047619,0.634920634920635,0.595238095238095,0.484126984126984,0.428571428571429,0.158730158730159,0.984126984126984,0.182539682539683,0.666666666666667,0.849206349206349,0.793650793650794,0.714285714285714,0.349206349206349,0.53968253968254,0.746031746031746,0.738095238095238,0.674603174603175,0.650793650793651,0.0634920634920635,0.976190476190476,0.373015873015873,0.0793650793650794,0.595238095238095,0.579365079365079,0.0634920634920635,0.0714285714285714,0.246031746031746,0.388888888888889,0.555555555555556,0.134920634920635,0.603174603174603,0.404761904761905,0.936507936507937,0.992063492063492,0.753968253968254,0.428571428571429,0.579365079365079,0.80952380952381,0.833333333333333,0.992063492063492,0.0158730158730159,0.0873015873015873,0.468253968253968,0.261904761904762
0.23015873015873,0.142857142857143,0.142857142857143,0.396825396825397,0.26984126984127,0.936507936507937,0.603174603174603,0.134920634920635,0.46031746031746,0.103174603174603,0.246031746031746,0.365079365079365,0.19047619047619,0.476190476190476,0.0396825396825397,0.0396825396825397,0.222222222222222,0.0873015873015873,0.166666666666667,0.134920634920635,0.285714285714286,0.0714285714285714,0.753968253968254,0.388888888888889,0.801587301587302,0.396825396825397,0.357142857142857,0.182539682539683,0.992063492063492,0.865079365079365,0.69047619047619,0.888888888888889,0.515873015873016,0.46031746031746,0.0476190476190476,1,0.515873015873016,0.317460317460317,0.214285714285714,0.134920634920635,0.357142857142857,0.857142857142857,0.555555555555556,0.158730158730159,0.0714285714285714,0.706349206349206,0.285714285714286,0.349206349206349,0.325396825396825,0.468253968253968,0.634920634920635,0.150793650793651,0.0952380952380952,0.896825396825397,0.341269841269841,0.412698412698413,0.428571428571429,0.444444444444444,0.841269841269841
1,0.841269841269841,0.714285714285714,0.206349206349206,0.30952380952381,0.198412698412698,0.0952380952380952,0.96031746031746,0.531746031746032,0.412698412698413,0.523809523809524,0.150793650793651,0.19047619047619,0.444444444444444,0.396825396825397,1,0.595238095238095,0.531746031746032,0.896825396825397,0.841269841269841,0.793650793650794,0.920634920634921,0.555555555555556,0.357142857142857,0.841269841269841,0.23015873015873,0.658730158730159,0.277777777777778,0.761904761904762,0.984126984126984,0.658730158730159,0.722222222222222,0.841269841269841,0.0158730158730159,0.126984126984127,0.476190476190476,0.26984126984127,0.111111111111111,0.0873015873015873,0.301587301587302,0.547619047619048,0.761904761904762,0.698412698412698,0.261904761904762,0.325396825396825,0.579365079365079,0.746031746031746,0.00793650793650794,0.261904761904762,0.23015873015873,0.722222222222222,0.865079365079365,0.69047619047619,0.253968253968254,0.198412698412698,0.182539682539683,0.936507936507937,0.341269841269841,0.642857142857143
0.904761904761905,0.833333333333333,0.436507936507937,0.349206349206349,0.46031746031746,0.253968253968254,0.325396825396825,0.563492063492063,0.412698412698413,0.103174603174603,0.404761904761905,0.515873015873016,0.277777777777778,0.507936507936508,0.69047619047619,0.396825396825397,0.492063492063492,0.26984126984127,0.619047619047619,0.619047619047619,0.571428571428571,0.396825396825397,0.0396825396825397,0.698412698412698,0.706349206349206,0.238095238095238,0.984126984126984,0.365079365079365,0.420634920634921,0.444444444444444,0.896825396825397,0.563492063492063,0.73015873015873,0.134920634920635,0.365079365079365,0.492063492063492,0.698412698412698,0.0317460317460317,0.69047619047619,0.984126984126984,0.325396825396825,0.166666666666667,0.452380952380952,0.952380952380952,0.0952380952380952,0.76984126984127,0.976190476190476,0.293650793650794,0.69047619047619,0.626984126984127,0.0238095238095238,0.0555555555555556,0.0396825396825397,0.642857142857143,0.380952380952381,0.357142857142857,0.134920634920635,0.253968253968254,0.492063492063492
0.904761904761905,0.515873015873016,0.0476190476190476,0.30952380952381,0.880952380952381,0.801587301587302,0.968253968253968,0.0396825396825397,0.476190476190476,0.476190476190476,0.333333333333333,0.682539682539683,0.865079365079365,0.317460317460317,0.261904761904762,0.0793650793650794,0.761904761904762,0.0714285714285714,0.484126984126984,0.928571428571429,0.0396825396825397,0.650793650793651,0.373015873015873,0.746031746031746,0.19047619047619,0.579365079365079,0.952380952380952,0.476190476190476,0.222222222222222,0.0555555555555556,0.150793650793651,0.801587301587302,0.674603174603175,0.412698412698413,0.753968253968254,0.206349206349206,0.0555555555555556,0.801587301587302,0.746031746031746,0.865079365079365,0.76984126984127,0.214285714285714,0.0793650793650794,0.611111111111111,0.920634920634921,0.746031746031746,0.142857142857143,0.658730158730159,0.920634920634921,0.436507936507937,0.936507936507937,0.642857142857143,0.238095238095238,0.00793650793650794,0.611111111111111,0.555555555555556,0.595238095238095,0.444444444444444,0.96031746031746
0.523809523809524,0.19047619047619,0.0714285714285714,0.523809523809524,0.0158730158730159,0.0238095238095238,0.373015873015873,0.182539682539683,0.325396825396825,0.753968253968254,0.468253968253968,0.976190476190476,0.396825396825397,0.968253968253968,0.253968253968254,0.0317460317460317,0.587301587301587,0.873015873015873,0.968253968253968,0.484126984126984,0.912698412698413,0,0.285714285714286,0.428571428571429,0.0873015873015873,0.714285714285714,0.706349206349206,0.547619047619048,0.849206349206349,0.857142857142857,0.825396825396825,0.253968253968254,0.19047619047619,0.325396825396825,0.579365079365079,0.19047619047619,0.317460317460317,0.761904761904762,0.952380952380952,0.611111111111111,0.150793650793651,0.388888888888889,0.793650793650794,0.523809523809524,0.753968253968254,0.944444444444444,0.76984126984127,0.19047619047619,0.142857142857143,0.349206349206349,0.746031746031746,0.952380952380952,0.817460317460317,0.0555555555555556,0.531746031746032,0.373015873015873,0.222222222222222,0.936507936507937,0.246031746031746
0.436507936507937,0.158730158730159,0.904761904761905,0.896825396825397,0.380952380952381,0.817460317460317,0.777777777777778,0.801587301587302,0.0634920634920635,0.134920634920635,0.388888888888889,0.412698412698413,0.73015873015873,0.888888888888889,0.444444444444444,0.166666666666667,0.26984126984127,0.174603174603175,0.380952380952381,0.793650793650794,0.873015873015873,0.0158730158730159,0.373015873015873,0.595238095238095,0.515873015873016,0.174603174603175,0.587301587301587,0.531746031746032,0.746031746031746,0.0317460317460317,0.555555555555556,0.0476190476190476,0.968253968253968,0.992063492063492,0,0.0476190476190476,0.611111111111111,0.944444444444444,0.388888888888889,0.365079365079365,0.658730158730159,0.380952380952381,0.468253968253968,0.293650793650794,0.00793650793650794,0.753968253968254,0.206349206349206,0.373015873015873,0.880952380952381,0.0476190476190476,0.80952380952381,0.349206349206349,0.317460317460317,0.896825396825397,0.0158730158730159,0.992063492063492,0.785714285714286,0.476190476190476,0.674603174603175
0.888888888888889,0.19047619047619,0.333333333333333,0.325396825396825,0.0634920634920635,0.96031746031746,0.515873015873016,0.00793650793650794,0.849206349206349,0.523809523809524,0.761904761904762,0.603174603174603,0.142857142857143,0.0555555555555556,0.373015873015873,0.801587301587302,0.0476190476190476,0.388888888888889,0.912698412698413,0.341269841269841,0.761904761904762,0.452380952380952,0.793650793650794,0.396825396825397,0.801587301587302,0.119047619047619,0.0793650793650794,0.904761904761905,0.30952380952381,0.777777777777778,1,0.865079365079365,0.857142857142857,0.944444444444444,0.507936507936508,0.00793650793650794,0.357142857142857,0.76984126984127,0.642857142857143,0.674603174603175,0.976190476190476,0.333333333333333,0.873015873015873,0.928571428571429,0.166666666666667,0.182539682539683,0.0476190476190476,0.30952380952381,0.253968253968254,0.904761904761905,0.492063492063492,0.666666666666667,0.992063492063492,0.603174603174603,0.753968253968254,0.444444444444444,0.253968253968254,0.873015873015873,0.674603174603175
0.166666666666667,0.0714285714285714,0.5,0.492063492063492,0.626984126984127,0.0793650793650794,0.261904761904762,0.182539682539683,0.825396825396825,0.119047619047619,0.0555555555555556,0.468253968253968,0.515873015873016,0.587301587301587,0.388888888888889,0.0873015873015873,0.936507936507937,0.642857142857143,0.166666666666667,0.365079365079365,0.00793650793650794,0.134920634920635,0.579365079365079,0.0952380952380952,0.0238095238095238,0.26984126984127,0.761904761904762,0.69047619047619,0.912698412698413,0.849206349206349,0.253968253968254,0.380952380952381,0.126984126984127,0.293650793650794,0.0714285714285714,0.380952380952381,0.579365079365079,0.706349206349206,0.26984126984127,0.80952380952381,0.452380952380952,0.936507936507937,0.0952380952380952,0.277777777777778,0.666666666666667,0.396825396825397,0.222222222222222,0.857142857142857,0.563492063492063,0.00793650793650794,0.452380952380952,0.301587301587302,0.619047619047619,0.166666666666667,0.642857142857143,0.0158730158730159,0.722222222222222,0.126984126984127,0.642857142857143
0.19047619047619,0.634920634920635,0.111111111111111,0.261904761904762,0.150793650793651,0.833333333333333,0.444444444444444,0.333333333333333,0.0476190476190476,0.817460317460317,0.365079365079365,0.19047619047619,0.849206349206349,0.0714285714285714,0.841269841269841,0.182539682539683,0.404761904761905,0.26984126984127,0.992063492063492,0.174603174603175,0.968253968253968,0.222222222222222,0.0476190476190476,0.984126984126984,0,0.444444444444444,0.642857142857143,0.857142857142857,0.944444444444444,0.523809523809524,0.880952380952381,0.603174603174603,0.674603174603175,0.174603174603175,0.857142857142857,0.571428571428571,0.96031746031746,0.0714285714285714,0.603174603174603,0.857142857142857,0.0634920634920635,0.404761904761905,0.841269841269841,0.357142857142857,0.595238095238095,0.0793650793650794,0.611111111111111,0.984126984126984,0.944444444444444,0.301587301587302,0.476190476190476,0.579365079365079,0.214285714285714,0.785714285714286,0.555555555555556,0.579365079365079,0.880952380952381,0.0952380952380952,0.849206349206349
0.0238095238095238,0.896825396825397,0.73015873015873,0.238095238095238,0.341269841269841,0.722222222222222,0.650793650793651,0.0238095238095238,0.492063492063492,0.373015873015873,0.857142857142857,0.674603174603175,0.0714285714285714,0.626984126984127,0.825396825396825,0.968253968253968,0.0317460317460317,0.325396825396825,0.531746031746032,0.150793650793651,0.206349206349206,0.531746031746032,0.571428571428571,0.76984126984127,1,0,0.150793650793651,0.420634920634921,0.650793650793651,0.579365079365079,0.555555555555556,0.69047619047619,0.984126984126984,0.142857142857143,0.76984126984127,0.0714285714285714,0.96031746031746,0.928571428571429,0.753968253968254,0.206349206349206,0.126984126984127,0.674603174603175,0.761904761904762,0.0555555555555556,0.436507936507937,0.150793650793651,0.111111111111111,0.674603174603175,0.0396825396825397,0.841269841269841,0.952380952380952,0.357142857142857,0.103174603174603,0.825396825396825,0.507936507936508,0.365079365079365,0.80952380952381,1,0.46031746031746
0.793650793650794,0.0476190476190476,0.626984126984127,0.849206349206349,0.833333333333333,0.595238095238095,0.19047619047619,0.579365079365079,0.0714285714285714,0.515873015873016,0.293650793650794,0.515873015873016,0.26984126984127,0.698412698412698,0.611111111111111,0.404761904761905,0.428571428571429,0.920634920634921,0.563492063492063,0.888888888888889,0.833333333333333,0.619047619047619,0.293650793650794,0.293650793650794,0.412698412698413,0.0714285714285714,0.492063492063492,0.761904761904762,0.150793650793651,0.396825396825397,0.73015873015873,0.888888888888889,0.0714285714285714,0.174603174603175,0.817460317460317,0.801587301587302,0.793650793650794,0.619047619047619,0.579365079365079,0.222222222222222,0.571428571428571,0.333333333333333,0.825396825396825,0.119047619047619,0.436507936507937,0.103174603174603,0.365079365079365,0.142857142857143,0.388888888888889,0.674603174603175,0.642857142857143,0.222222222222222,0.555555555555556,0.841269841269841,0.849206349206349,0.484126984126984,0.936507936507937,0.0396825396825397,0.928571428571429
0.357142857142857,0.936507936507937,0.0634920634920635,0.19047619047619,0.214285714285714,0.912698412698413,0.944444444444444,0.515873015873016,0.0873015873015873,0.0158730158730159,0.357142857142857,0.888888888888889,0.523809523809524,0.19047619047619,0.150793650793651,0.53968253968254,0.0238095238095238,0.00793650793650794,0.817460317460317,0.650793650793651,0.476190476190476,0.634920634920635,0.373015873015873,0.277777777777778,0.761904761904762,0.134920634920635,0.0158730158730159,0.492063492063492,0.992063492063492,0.80952380952381,0.436507936507937,0.0634920634920635,0.801587301587302,0.849206349206349,0.333333333333333,0.658730158730159,0.142857142857143,0.674603174603175,0.531746031746032,0.166666666666667,0.865079365079365,0.222222222222222,0.634920634920635,0.571428571428571,0,0.507936507936508,0.976190476190476,0.00793650793650794,0.142857142857143,0.452380952380952,0.650793650793651,0.206349206349206,0.365079365079365,0.404761904761905,0.325396825396825,0.222222222222222,0.253968253968254,0.285714285714286,0.888888888888889
0.428571428571429,0.119047619047619,0.992063492063492,0.642857142857143,0.357142857142857,0.380952380952381,0.198412698412698,0.452380952380952,0.73015873015873,0.920634920634921,0.404761904761905,0.952380952380952,0.849206349206349,0.825396825396825,0.0634920634920635,0.912698412698413,0.19047619047619,0.174603174603175,0.26984126984127,0.436507936507937,0.698412698412698,0.134920634920635,0.626984126984127,0.0793650793650794,0.484126984126984,0.0634920634920635,0.317460317460317,0.0317460317460317,1,0.563492063492063,0.222222222222222,0.984126984126984,0.825396825396825,0.936507936507937,0.0952380952380952,0.158730158730159,0.119047619047619,0.404761904761905,0.76984126984127,0.785714285714286,0,0.777777777777778,0.619047619047619,0.0158730158730159,0.19047619047619,0.849206349206349,0.706349206349206,0.873015873015873,0.698412698412698,0.103174603174603,0.920634920634921,0.30952380952381,0.849206349206349,0.547619047619048,0.373015873015873,0.746031746031746,0.476190476190476,0.293650793650794,0.579365079365079
0.515873015873016,0.46031746031746,0.0476190476190476,0.261904761904762,0.357142857142857,0.666666666666667,0.30952380952381,0.904761904761905,0.174603174603175,0.0634920634920635,0.301587301587302,0.23015873015873,0.666666666666667,0.658730158730159,0.206349206349206,0.111111111111111,0.253968253968254,0.19047619047619,0.904761904761905,0.126984126984127,0.650793650793651,0.444444444444444,0.452380952380952,0.476190476190476,0.246031746031746,0.547619047619048,0.841269841269841,0.468253968253968,0.158730158730159,0.952380952380952,0.373015873015873,0.357142857142857,0.142857142857143,0.484126984126984,0.444444444444444,0.0793650793650794,0.476190476190476,0.76984126984127,0.325396825396825,0.277777777777778,0.261904761904762,0.0873015873015873,0.0952380952380952,0.992063492063492,0.53968253968254,0.365079365079365,0.341269841269841,0.412698412698413,0.365079365079365,0.547619047619048,0.96031746031746,0.634920634920635,0.76984126984127,0.571428571428571,0.69047619047619,0.277777777777778,0.158730158730159,0.738095238095238,0.103174603174603
0.849206349206349,0.126984126984127,0.396825396825397,0.706349206349206,0.317460317460317,0.198412698412698,0.0238095238095238,0.301587301587302,0.238095238095238,0.857142857142857,0.801587301587302,0.0317460317460317,0.5,0.515873015873016,0.206349206349206,0.857142857142857,0.150793650793651,0.642857142857143,0.73015873015873,0.777777777777778,0.26984126984127,0.873015873015873,0.325396825396825,0.0555555555555556,0.0714285714285714,0.30952380952381,0.706349206349206,0.0238095238095238,0.928571428571429,0.76984126984127,0.468253968253968,0.873015873015873,0.904761904761905,0.523809523809524,0.46031746031746,0.246031746031746,0.976190476190476,0.484126984126984,0.619047619047619,0.365079365079365,0.238095238095238,0.753968253968254,0.761904761904762,0.634920634920635,0.46031746031746,0.158730158730159,0.666666666666667,0.507936507936508,0.849206349206349,0.0714285714285714,0.333333333333333,0.579365079365079,0.547619047619048,0.412698412698413,0.976190476190476,0.674603174603175,0.698412698412698,0.388888888888889,0.53968253968254
0.428571428571429,0.380952380952381,0.476190476190476,0.865079365079365,0.00793650793650794,0.984126984126984,0.880952380952381,0.880952380952381,0.619047619047619,0.841269841269841,0.888888888888889,0.253968253968254,0.753968253968254,0.896825396825397,0.73015873015873,0.563492063492063,0.142857142857143,0.134920634920635,0.96031746031746,0.698412698412698,0.944444444444444,0.420634920634921,0.30952380952381,0.341269841269841,0.174603174603175,0.793650793650794,0.53968253968254,0.619047619047619,0.206349206349206,0.325396825396825,0.0158730158730159,0.182539682539683,0.452380952380952,0.142857142857143,0.373015873015873,1,0.19047619047619,1,0.30952380952381,0.833333333333333,0.666666666666667,0.785714285714286,0.214285714285714,0.96031746031746,0.603174603174603,0.0555555555555556,0.793650793650794,0.428571428571429,0.611111111111111,0.349206349206349,0.976190476190476,0.388888888888889,0.96031746031746,0.857142857142857,0.880952380952381,0.380952380952381,0.365079365079365,0.992063492063492,0.19047619047619
0.341269841269841,0.436507936507937,0.785714285714286,0.492063492063492,0.595238095238095,0.753968253968254,0.611111111111111,0.777777777777778,0.650793650793651,0.380952380952381,0.238095238095238,0.396825396825397,0.722222222222222,0.603174603174603,0.53968253968254,0.444444444444444,0.0634920634920635,0.865079365079365,0.238095238095238,0.150793650793651,0.523809523809524,0.746031746031746,0.0476190476190476,0.111111111111111,0.293650793650794,0.666666666666667,0.349206349206349,0.301587301587302,0.992063492063492,0.317460317460317,0.103174603174603,0.849206349206349,0.373015873015873,0.373015873015873,0.833333333333333,0.198412698412698,0.00793650793650794,0.341269841269841,0.126984126984127,0.373015873015873,0.0238095238095238,0.531746031746032,0.301587301587302,0.206349206349206,0.0634920634920635,0.341269841269841,0.801587301587302,0.968253968253968,0.753968253968254,0.698412698412698,0.912698412698413,0.833333333333333,0.0317460317460317,0.253968253968254,0.722222222222222,0.0555555555555556,0.0714285714285714,0.0476190476190476,0.0158730158730159
0.0714285714285714,0.76984126984127,0.26984126984127,0.563492063492063,0.547619047619048,0.642857142857143,0.531746031746032,0.777777777777778,0.865079365079365,0,0.896825396825397,0.436507936507937,0.444444444444444,0.198412698412698,0.761904761904762,0.373015873015873,0.420634920634921,1,0,0,0.0158730158730159,0.857142857142857,0.373015873015873,0.865079365079365,0.992063492063492,0.333333333333333,0.825396825396825,0.00793650793650794,0.0873015873015873,0.944444444444444,0.674603174603175,0.0158730158730159,0.579365079365079,0.126984126984127,0.523809523809524,0.611111111111111,0.333333333333333,0.404761904761905,0.373015873015873,0.222222222222222,0.507936507936508,0.261904761904762,0.928571428571429,0.246031746031746,0.714285714285714,0.468253968253968,0.888888888888889,0.30952380952381,0.444444444444444,0.984126984126984,0.595238095238095,0.253968253968254,0.214285714285714,0.722222222222222,0.420634920634921,0.722222222222222,0.507936507936508,0.468253968253968,0.206349206349206
0.142857142857143,0.325396825396825,0.984126984126984,0.896825396825397,0.222222222222222,0.484126984126984,0.785714285714286,0.333333333333333,0.317460317460317,0.849206349206349,0.666666666666667,0.0158730158730159,0.912698412698413,0.952380952380952,0.492063492063492,0.579365079365079,0.920634920634921,0.619047619047619,0.619047619047619,0.134920634920635,0.80952380952381,0.523809523809524,0.174603174603175,0.833333333333333,0.253968253968254,0.103174603174603,0.69047619047619,0.992063492063492,0.0158730158730159,0.0555555555555556,0.0793650793650794,0.714285714285714,0.214285714285714,0.158730158730159,0.119047619047619,0.396825396825397,0.904761904761905,0.333333333333333,0.365079365079365,0.452380952380952,0.746031746031746,0.563492063492063,0.0396825396825397,0.801587301587302,0.214285714285714,0.96031746031746,0.73015873015873,0.357142857142857,0.365079365079365,0.928571428571429,0.396825396825397,0.46031746031746,0.753968253968254,0.0714285714285714,0.126984126984127,0.69047619047619,0.373015873015873,0.365079365079365,0.642857142857143
0.555555555555556,0.650793650793651,0.111111111111111,0.515873015873016,1,0.0317460317460317,0.246031746031746,0.603174603174603,0.19047619047619,0.650793650793651,0.412698412698413,0.674603174603175,0.53968253968254,0.198412698412698,0.111111111111111,0.325396825396825,0.26984126984127,0.0317460317460317,0.111111111111111,0.801587301587302,0.753968253968254,0.166666666666667,0.650793650793651,0.0714285714285714,0.333333333333333,0.674603174603175,0.555555555555556,0.285714285714286,0.436507936507937,0.444444444444444,0.706349206349206,0.650793650793651,0.476190476190476,0.404761904761905,0.650793650793651,0.134920634920635,0.436507936507937,0.555555555555556,0.142857142857143,0.825396825396825,0.00793650793650794,0.849206349206349,0.777777777777778,0.150793650793651,0.634920634920635,0.801587301587302,0.277777777777778,0.904761904761905,0.111111111111111,0.96031746031746,0.468253968253968,1,0.134920634920635,0.111111111111111,0.452380952380952,0.341269841269841,0.936507936507937,0.111111111111111,0.0555555555555556
0.222222222222222,0.706349206349206,0.476190476190476,0.619047619047619,0,0.0555555555555556,0.26984126984127,0.642857142857143,1,1,0.317460317460317,0.873015873015873,0.682539682539683,0.563492063492063,0.166666666666667,0.888888888888889,0.206349206349206,0.476190476190476,0.341269841269841,0.412698412698413,0.920634920634921,0.0476190476190476,0.182539682539683,0.793650793650794,0.150793650793651,0.634920634920635,0.642857142857143,0.444444444444444,0.912698412698413,0.825396825396825,0.976190476190476,0.76984126984127,0.214285714285714,0.206349206349206,0.952380952380952,0.753968253968254,0.341269841269841,0.182539682539683,0.642857142857143,0.928571428571429,0.952380952380952,0.452380952380952,0.404761904761905,0.261904761904762,0.484126984126984,0.746031746031746,0.595238095238095,0.19047619047619,0.753968253968254,0.206349206349206,0.642857142857143,0.0873015873015873,0.142857142857143,0.896825396825397,0.206349206349206,0.753968253968254,0.968253968253968,0.484126984126984,0.785714285714286
0.642857142857143,0.777777777777778,0.150793650793651,0.158730158730159,0.619047619047619,0.253968253968254,0.23015873015873,0.277777777777778,0.69047619047619,0.0873015873015873,0.80952380952381,0.492063492063492,0.777777777777778,0.738095238095238,0.698412698412698,0.523809523809524,0.896825396825397,0.738095238095238,0.30952380952381,0.714285714285714,0.23015873015873,0.468253968253968,0.26984126984127,0.611111111111111,0.0396825396825397,0.476190476190476,0.0873015873015873,0.325396825396825,0.944444444444444,0.634920634920635,0.0238095238095238,0.904761904761905,0.23015873015873,0.936507936507937,0.30952380952381,0.73015873015873,0.166666666666667,0.412698412698413,0.793650793650794,0.76984126984127,0.452380952380952,0.888888888888889,0.325396825396825,0.238095238095238,0.214285714285714,0.912698412698413,0.0476190476190476,0.0714285714285714,0.547619047619048,0.357142857142857,0.468253968253968,0.76984126984127,0.0158730158730159,0.388888888888889,0.523809523809524,0.976190476190476,0.00793650793650794,0.515873015873016,0.214285714285714
0.46031746031746,0.69047619047619,0.611111111111111,0.301587301587302,0.111111111111111,0.0476190476190476,0.833333333333333,0.134920634920635,0.253968253968254,0.380952380952381,0.761904761904762,0.158730158730159,0.428571428571429,0.634920634920635,0.246031746031746,0.158730158730159,0.746031746031746,0.00793650793650794,0.563492063492063,0.5,0.896825396825397,0.69047619047619,0.238095238095238,0.634920634920635,0.0158730158730159,0.444444444444444,0.285714285714286,0.936507936507937,0.253968253968254,0.373015873015873,0.920634920634921,0.96031746031746,0.333333333333333,0.0793650793650794,0.46031746031746,0.96031746031746,0.944444444444444,0.142857142857143,0.293650793650794,0.0873015873015873,0.333333333333333,0.5,0.428571428571429,0.0476190476190476,0.904761904761905,0.833333333333333,0.944444444444444,0.920634920634921,0.873015873015873,0.547619047619048,0.80952380952381,0.571428571428571,0.404761904761905,0.0476190476190476,0.30952380952381,0.619047619047619,0.26984126984127,0.261904761904762,0.285714285714286
0.158730158730159,0.301587301587302,0.547619047619048,0.658730158730159,0.984126984126984,0.523809523809524,0.0317460317460317,0.0793650793650794,0,0.396825396825397,0.19047619047619,0,0.555555555555556,0.0873015873015873,0.0714285714285714,0.206349206349206,0.555555555555556,0.206349206349206,0.920634920634921,0.492063492063492,0.833333333333333,0.603174603174603,0.484126984126984,0.0634920634920635,0.936507936507937,0.76984126984127,0.420634920634921,0.277777777777778,0.571428571428571,0,0.857142857142857,0.0158730158730159,1,0.76984126984127,0.0793650793650794,0.76984126984127,0.619047619047619,0.174603174603175,0.507936507936508,0.507936507936508,0.642857142857143,0.23015873015873,0.0555555555555556,0.761904761904762,0.214285714285714,0.412698412698413,0.333333333333333,0.587301587301587,0.523809523809524,0.206349206349206,0.158730158730159,0.666666666666667,0.587301587301587,0.333333333333333,0.111111111111111,0.0714285714285714,0.785714285714286,0.674603174603175,0.587301587301587
0.920634920634921,0.19047619047619,0.412698412698413,0.912698412698413,0.785714285714286,0.76984126984127,0.111111111111111,0.515873015873016,0.119047619047619,0.119047619047619,0.5,0.0793650793650794,0.76984126984127,0.619047619047619,0.444444444444444,0.0158730158730159,0.388888888888889,0.865079365079365,0.452380952380952,0.26984126984127,0.928571428571429,0.0238095238095238,0.388888888888889,0.96031746031746,0.642857142857143,0.214285714285714,0.373015873015873,0.0158730158730159,0.0158730158730159,0.0158730158730159,0.5,0.896825396825397,0.587301587301587,0.69047619047619,0.873015873015873,0.150793650793651,0.603174603174603,0.0317460317460317,0.476190476190476,0.261904761904762,0.817460317460317,0.198412698412698,0.103174603174603,0.388888888888889,0.0714285714285714,0.26984126984127,0.0873015873015873,0.238095238095238,0,0.619047619047619,0.936507936507937,0.595238095238095,0.198412698412698,0.293650793650794,0.0714285714285714,0.928571428571429,0.26984126984127,0.825396825396825,0.19047619047619
0.0238095238095238,0.30952380952381,0.968253968253968,0.547619047619048,0.571428571428571,0.595238095238095,0.785714285714286,0.452380952380952,0.507936507936508,0.865079365079365,0.277777777777778,0.404761904761905,0.492063492063492,0.103174603174603,0.5,0.674603174603175,0.23015873015873,0.817460317460317,0.0396825396825397,0.214285714285714,0.484126984126984,0.0952380952380952,0.825396825396825,0.722222222222222,0.833333333333333,0.492063492063492,0.801587301587302,0.865079365079365,0.325396825396825,0.888888888888889,0.253968253968254,0.142857142857143,0.404761904761905,0.666666666666667,0.428571428571429,0.682539682539683,0.317460317460317,0.0952380952380952,0.904761904761905,0.896825396825397,1,0.365079365079365,0.603174603174603,0.134920634920635,0.595238095238095,0.261904761904762,0.214285714285714,0.658730158730159,0.849206349206349,0.253968253968254,0.857142857142857,0.738095238095238,0.833333333333333,0.793650793650794,0.674603174603175,0.793650793650794,0.444444444444444,0.738095238095238,0.777777777777778
0.80952380952381,0.825396825396825,0.912698412698413,0.0714285714285714,0.626984126984127,0.849206349206349,0.325396825396825,0.944444444444444,0.476190476190476,0.404761904761905,0.849206349206349,0.444444444444444,0.325396825396825,0.222222222222222,0.714285714285714,0.682539682539683,0.650793650793651,0.333333333333333,0.277777777777778,0.492063492063492,0.777777777777778,0.849206349206349,0.198412698412698,0.174603174603175,0.0555555555555556,0.984126984126984,0.674603174603175,0.928571428571429,0.650793650793651,0.277777777777778,0.69047619047619,0.714285714285714,0.76984126984127,0.182539682539683,0.0317460317460317,0.706349206349206,0.142857142857143,0.158730158730159,0.738095238095238,0.412698412698413,0.444444444444444,0.96031746031746,0.619047619047619,0.992063492063492,0.0396825396825397,0.619047619047619,0.817460317460317,0.626984126984127,0.0793650793650794,0.412698412698413,0.555555555555556,0.222222222222222,0.23015873015873,0.507936507936508,0.626984126984127,0.682539682539683,0.46031746031746,0.19047619047619,0.325396825396825
0.761904761904762,0.0634920634920635,0.142857142857143,0.0555555555555556,0.0634920634920635,0.420634920634921,0.468253968253968,0.865079365079365,0.833333333333333,0.801587301587302,0.547619047619048,0.126984126984127,0.753968253968254,0.841269841269841,0.753968253968254,0.682539682539683,0.706349206349206,0.920634920634921,0.103174603174603,0.952380952380952,0.30952380952381,0.484126984126984,0.0952380952380952,0.158730158730159,0.428571428571429,0.5,0.23015873015873,0.317460317460317,0.238095238095238,0.73015873015873,0.444444444444444,0.0793650793650794,0.984126984126984,0.53968253968254,0.96031746031746,0.492063492063492,0.293650793650794,0.579365079365079,0.182539682539683,0.579365079365079,0.492063492063492,0.0793650793650794,0.650793650793651,0.571428571428571,0.920634920634921,0.0952380952380952,0.0714285714285714,0.0317460317460317,0.333333333333333,0.373015873015873,0.801587301587302,0.912698412698413,0.880952380952381,0.23015873015873,0.238095238095238,0.714285714285714,0.666666666666667,0.206349206349206,0.134920634920635
0.476190476190476,0.365079365079365,0.373015873015873,0.896825396825397,0.246031746031746,0.111111111111111,0.341269841269841,0.825396825396825,0.825396825396825,0.412698412698413,0.0793650793650794,0.0238095238095238,0.714285714285714,0.5,0.888888888888889,0.0555555555555556,0.746031746031746,0.238095238095238,0.404761904761905,0.436507936507937,0.119047619047619,0.468253968253968,0.968253968253968,0.944444444444444,0.849206349206349,0.531746031746032,0.619047619047619,0.777777777777778,0.103174603174603,0.793650793650794,1,0.182539682539683,0.706349206349206,1,0.706349206349206,0.865079365079365,1,0.523809523809524,0.849206349206349,0.341269841269841,0.285714285714286,0.849206349206349,0.666666666666667,0.103174603174603,0.619047619047619,0.928571428571429,0.896825396825397,0.452380952380952,0.904761904761905,0.507936507936508,0.261904761904762,0.365079365079365,0.563492063492063,0.00793650793650794,0.658730158730159,0.0793650793650794,0.992063492063492,0.571428571428571,0.341269841269841
0,0.563492063492063,0.880952380952381,0.714285714285714,0.587301587301587,0.166666666666667,0.0158730158730159,0.206349206349206,0.428571428571429,0.166666666666667,0.984126984126984,0.0634920634920635,0.246031746031746,0.388888888888889,0.444444444444444,0.76984126984127,0.801587301587302,0.944444444444444,0.0952380952380952,0.746031746031746,0.119047619047619,0.857142857142857,0.357142857142857,0.206349206349206,0.285714285714286,0.0238095238095238,0.507936507936508,0.785714285714286,0.420634920634921,0.182539682539683,0.484126984126984,0.650793650793651,0.753968253968254,0.76984126984127,0.888888888888889,0.103174603174603,0.222222222222222,0.912698412698413,0.674603174603175,0.642857142857143,0.698412698412698,0.714285714285714,0.817460317460317,0.555555555555556,0.801587301587302,0.0317460317460317,0.0158730158730159,0.952380952380952,0.849206349206349,0.412698412698413,0.738095238095238,0.126984126984127,0.777777777777778,0.0476190476190476,0.611111111111111,0.103174603174603,0.19047619047619,0.682539682539683,0.507936507936508
0.30952380952381,0.793650793650794,0.571428571428571,0.523809523809524,0.992063492063492,0.904761904761905,0.801587301587302,0.579365079365079,0.142857142857143,0.682539682539683,0.531746031746032,0.103174603174603,0.626984126984127,0.952380952380952,0.198412698412698,0.0158730158730159,0.333333333333333,0.19047619047619,0.785714285714286,0.587301587301587,0.484126984126984,0.571428571428571,0.611111111111111,0.825396825396825,0.373015873015873,0.444444444444444,0.53968253968254,0.444444444444444,0.174603174603175,0.0396825396825397,0.293650793650794,0.373015873015873,0.595238095238095,0.468253968253968,0.111111111111111,0.468253968253968,0.158730158730159,0.801587301587302,0.261904761904762,0.579365079365079,0.801587301587302,0.738095238095238,0.325396825396825,0.714285714285714,0.714285714285714,0.626984126984127,0.777777777777778,0.341269841269841,0.523809523809524,0.888888888888889,0.222222222222222,0.23015873015873,0.19047619047619,0.873015873015873,0.992063492063492,0.865079365079365,0.214285714285714,0.603174603174603,0.73015873015873
0.706349206349206,0.595238095238095,0.174603174603175,0.0714285714285714,0.19047619047619,0.793650793650794,0.404761904761905,0.626984126984127,0.0317460317460317,0.0476190476190476,0.888888888888889,0.76984126984127,0.373015873015873,0.626984126984127,0.365079365079365,0.507936507936508,0.634920634920635,0.833333333333333,0.746031746031746,0.666666666666667,0.00793650793650794,0.857142857142857,0.793650793650794,0.53968253968254,0.555555555555556,0.484126984126984,0.865079365079365,0.182539682539683,1,0.158730158730159,0.825396825396825,0.26984126984127,0.0714285714285714,0.428571428571429,0.515873015873016,0.841269841269841,0.420634920634921,0.984126984126984,0.984126984126984,0.714285714285714,0.738095238095238,0.53968253968254,0.515873015873016,0.492063492063492,0.119047619047619,0.174603174603175,0.833333333333333,0.611111111111111,0.134920634920635,0.19047619047619,0.198412698412698,0.976190476190476,0.222222222222222,0.698412698412698,0,0.777777777777778,0.420634920634921,0.111111111111111,0.888888888888889
0.53968253968254,0.261904761904762,0.198412698412698,0.619047619047619,0.531746031746032,0.238095238095238,0.126984126984127,0.349206349206349,0.134920634920635,0.428571428571429,0.277777777777778,0.785714285714286,0.706349206349206,0.436507936507937,0.698412698412698,0.785714285714286,0.198412698412698,1,0.69047619047619,0.126984126984127,0.126984126984127,0.888888888888889,0.246031746031746,0.936507936507937,0.698412698412698,0.380952380952381,0.150793650793651,0.626984126984127,0.571428571428571,0.158730158730159,0.126984126984127,0.658730158730159,0.26984126984127,0.0317460317460317,0.373015873015873,0.706349206349206,0.674603174603175,0.944444444444444,0.555555555555556,0.698412698412698,0.333333333333333,0.746031746031746,0.563492063492063,0.571428571428571,0.76984126984127,0.857142857142857,0.222222222222222,0.0952380952380952,0.80952380952381,0.238095238095238,0.246031746031746,0.420634920634921,0.936507936507937,0.142857142857143,0.753968253968254,0.634920634920635,0.595238095238095,0.365079365079365,0.357142857142857
0.936507936507937,0.5,0.404761904761905,0.0952380952380952,0.0476190476190476,0.246031746031746,0.222222222222222,0.198412698412698,0.952380952380952,0.365079365079365,0.634920634920635,0.0952380952380952,0.452380952380952,0.0555555555555556,0.666666666666667,0.293650793650794,0.611111111111111,0.373015873015873,0.857142857142857,0.0476190476190476,0.825396825396825,0.547619047619048,0.373015873015873,0,0.0555555555555556,0.785714285714286,0.507936507936508,0.420634920634921,0.0476190476190476,0.206349206349206,0.0158730158730159,0.285714285714286,0.0476190476190476,0.0634920634920635,0.650793650793651,0.507936507936508,0.111111111111111,0.515873015873016,0.650793650793651,0.285714285714286,0.182539682539683,0.936507936507937,0.666666666666667,0.134920634920635,0.555555555555556,0.76984126984127,0.333333333333333,0.793650793650794,0.698412698412698,0.134920634920635,0.30952380952381,0.833333333333333,0.753968253968254,0.357142857142857,0.0873015873015873,0.317460317460317,0.793650793650794,0.182539682539683,0.150793650793651
0.174603174603175,0.484126984126984,0.666666666666667,0.785714285714286,0.801587301587302,0.174603174603175,0.857142857142857,0.380952380952381,0.19047619047619,0.976190476190476,0.428571428571429,0.412698412698413,0.293650793650794,0.873015873015873,0.579365079365079,0.261904761904762,0.682539682539683,0.0476190476190476,0.365079365079365,0.579365079365079,0.103174603174603,0.492063492063492,0.96031746031746,0.0238095238095238,0.468253968253968,0.817460317460317,0.380952380952381,0.912698412698413,0.103174603174603,0.476190476190476,0.880952380952381,0.46031746031746,0.404761904761905,0.46031746031746,0.841269841269841,0.611111111111111,0.920634920634921,0.976190476190476,0.880952380952381,0.0873015873015873,0.96031746031746,0.119047619047619,0.0714285714285714,0.373015873015873,0.293650793650794,0.158730158730159,0.698412698412698,0.246031746031746,0.674603174603175,0.0793650793650794,0.0634920634920635,0.76984126984127,0.952380952380952,0.246031746031746,0.825396825396825,0.0634920634920635,0.0714285714285714,0.761904761904762,0.896825396825397
0.452380952380952,0.992063492063492,0.611111111111111,0.944444444444444,0.182539682539683,0.714285714285714,0.984126984126984,0.261904761904762,0.134920634920635,0.626984126984127,0.142857142857143,0.642857142857143,0.523809523809524,0.682539682539683,0.182539682539683,0.992063492063492,0.571428571428571,0.547619047619048,0.920634920634921,0.150793650793651,0.436507936507937,0.341269841269841,0.880952380952381,0.920634920634921,0.357142857142857,0.555555555555556,0.587301587301587,0.0714285714285714,0.944444444444444,0.285714285714286,0.365079365079365,0.738095238095238,0.714285714285714,0.277777777777778,0.873015873015873,0.261904761904762,0.920634920634921,0.182539682539683,0.992063492063492,0.5,0.317460317460317,0.952380952380952,0.214285714285714,0.301587301587302,0.873015873015873,1,0.714285714285714,0.69047619047619,0.277777777777778,0.142857142857143,0.595238095238095,0.912698412698413,0.53968253968254,0.849206349206349,0.412698412698413,0.531746031746032,0.293650793650794,0.46031746031746,0.76984126984127
0.968253968253968,0.158730158730159,0.873015873015873,0.841269841269841,0.952380952380952,0.753968253968254,0.0714285714285714,0.103174603174603,0.666666666666667,0.365079365079365,0.73015873015873,0.26984126984127,0.388888888888889,0.158730158730159,0.579365079365079,0.563492063492063,0.333333333333333,0.0158730158730159,0.761904761904762,0.428571428571429,0.214285714285714,0.777777777777778,0.793650793650794,0.253968253968254,0.595238095238095,0.563492063492063,0.658730158730159,0.587301587301587,0.0873015873015873,0.396825396825397,0.26984126984127,0.0317460317460317,0.944444444444444,0.0793650793650794,0.706349206349206,0.825396825396825,0.555555555555556,0.722222222222222,0.253968253968254,0.293650793650794,0.5,0.595238095238095,0.365079365079365,0.301587301587302,0.928571428571429,0.261904761904762,0.968253968253968,0.563492063492063,0.944444444444444,0.452380952380952,0.325396825396825,0.436507936507937,0.626984126984127,0.341269841269841,0.119047619047619,0.896825396825397,0.857142857142857,0.365079365079365,0.682539682539683
0.388888888888889,0.26984126984127,0.246031746031746,0.5,0.19047619047619,0.380952380952381,0.293650793650794,0.619047619047619,0.984126984126984,0.777777777777778,0.166666666666667,0.96031746031746,0.738095238095238,0.142857142857143,0.222222222222222,0.547619047619048,0.69047619047619,0.0317460317460317,0.285714285714286,0.968253968253968,0.0714285714285714,0.96031746031746,0.714285714285714,0.73015873015873,0.714285714285714,0.5,0.706349206349206,0.158730158730159,0.888888888888889,0.238095238095238,0.619047619047619,0.738095238095238,0.523809523809524,0.436507936507937,0.158730158730159,0.626984126984127,0.992063492063492,0.76984126984127,0.928571428571429,0.0952380952380952,0.0238095238095238,0.103174603174603,0.150793650793651,0.706349206349206,0.571428571428571,0.0396825396825397,0.0873015873015873,0.119047619047619,0.214285714285714,0.873015873015873,0.174603174603175,0.301587301587302,0.738095238095238,0.325396825396825,0.849206349206349,0.412698412698413,0.73015873015873,0,0.150793650793651
0,0.714285714285714,0.801587301587302,0.428571428571429,0.634920634920635,0.984126984126984,0.428571428571429,0.00793650793650794,0.253968253968254,0.484126984126984,0.619047619047619,0.682539682539683,0.174603174603175,0.0873015873015873,0.722222222222222,0.984126984126984,0.277777777777778,0.444444444444444,0.507936507936508,0,0.507936507936508,0.952380952380952,0.492063492063492,0.825396825396825,0.246031746031746,0.0396825396825397,0.158730158730159,0.984126984126984,0.325396825396825,0.285714285714286,0.0396825396825397,0.19047619047619,0.0476190476190476,0.388888888888889,0.119047619047619,0.944444444444444,0.555555555555556,0.682539682539683,0.626984126984127,0.880952380952381,0.992063492063492,1,0.833333333333333,0.198412698412698,0.0476190476190476,0.103174603174603,0.912698412698413,0.468253968253968,0.76984126984127,0.801587301587302,0.198412698412698,0.492063492063492,0.285714285714286,0.412698412698413,0.333333333333333,0.388888888888889,0.825396825396825,0.833333333333333,0.833333333333333
0.857142857142857,0.722222222222222,0.46031746031746,0.436507936507937,0.857142857142857,0.126984126984127,0.515873015873016,0.5,0.634920634920635,0.444444444444444,0.261904761904762,0.714285714285714,0.222222222222222,0.738095238095238,1,0.96031746031746,0.404761904761905,0.920634920634921,0.158730158730159,0.547619047619048,0.0317460317460317,0.214285714285714,0.69047619047619,0.468253968253968,0.555555555555556,0.0634920634920635,0.134920634920635,0.896825396825397,0.912698412698413,0.619047619047619,0.293650793650794,0.222222222222222,0.801587301587302,0.634920634920635,0.984126984126984,0.555555555555556,0.666666666666667,0.896825396825397,0.357142857142857,0.634920634920635,0.944444444444444,0.373015873015873,0.880952380952381,0.738095238095238,0.357142857142857,0.785714285714286,0.0317460317460317,0.626984126984127,0.642857142857143,0.619047619047619,0.158730158730159,0.507936507936508,0.841269841269841,0.301587301587302,0.587301587301587,0.373015873015873,0.992063492063492,0.738095238095238,0.920634920634921
0.253968253968254,0.611111111111111,0.80952380952381,0.357142857142857,0.214285714285714,0.69047619047619,0.0714285714285714,0.317460317460317,0.444444444444444,0.0555555555555556,0.0158730158730159,0.992063492063492,0.888888888888889,0.523809523809524,0.428571428571429,0.0873015873015873,0.0317460317460317,0.238095238095238,0.325396825396825,0,0.0714285714285714,0.76984126984127,0.0396825396825397,0.0793650793650794,0.531746031746032,0.182539682539683,0.0952380952380952,0.547619047619048,0.365079365079365,0.0714285714285714,0.523809523809524,0.753968253968254,0.341269841269841,0.349206349206349,0.928571428571429,0.214285714285714,0.904761904761905,0.261904761904762,0.182539682539683,0.841269841269841,0.0555555555555556,0.0238095238095238,0.00793650793650794,0.182539682539683,0.547619047619048,0.174603174603175,0.944444444444444,0.484126984126984,0.261904761904762,0.428571428571429,0.111111111111111,0,0.333333333333333,0.611111111111111,0.0873015873015873,0.0238095238095238,0.444444444444444,0.0714285714285714,0.547619047619048
0.944444444444444,0.920634920634921,0.650793650793651,0.206349206349206,0.611111111111111,0.53968253968254,0.142857142857143,0.547619047619048,0.96031746031746,0.158730158730159,0.873015873015873,0.825396825396825,0.515873015873016,0.984126984126984,0.158730158730159,0.349206349206349,0.777777777777778,0.23015873015873,0.873015873015873,0.53968253968254,0.206349206349206,0.103174603174603,0.619047619047619,0.587301587301587,0.293650793650794,0.698412698412698,0.69047619047619,0.944444444444444,0.904761904761905,0.158730158730159,0.880952380952381,0.23015873015873,0.611111111111111,0.412698412698413,0.952380952380952,0.523809523809524,0.817460317460317,0.5,0.150793650793651,0.936507936507937,0.722222222222222,0.0873015873015873,0.420634920634921,0.111111111111111,0.0317460317460317,0.603174603174603,0.976190476190476,0.880952380952381,0.388888888888889,0.507936507936508,0.603174603174603,0.888888888888889,0.738095238095238,0.428571428571429,0.46031746031746,0.0317460317460317,0.682539682539683,0.912698412698413,0.428571428571429
0.357142857142857,0.261904761904762,0.484126984126984,0.0158730158730159,0.119047619047619,0.111111111111111,0.404761904761905,0.833333333333333,0.912698412698413,0.484126984126984,0,0.111111111111111,0.0476190476190476,0.166666666666667,0.198412698412698,0.746031746031746,0.579365079365079,0.333333333333333,0.920634920634921,0.365079365079365,0.801587301587302,0.317460317460317,0.555555555555556,0.984126984126984,0.380952380952381,0.658730158730159,0.96031746031746,0.349206349206349,0.484126984126984,0.103174603174603,0.206349206349206,0.0952380952380952,0.166666666666667,0.261904761904762,0.246031746031746,0.920634920634921,0.468253968253968,0.317460317460317,0.888888888888889,0.555555555555556,0.261904761904762,0.777777777777778,0.714285714285714,0.928571428571429,0.00793650793650794,0.984126984126984,0,0.865079365079365,0.396825396825397,0.404761904761905,0.904761904761905,0.698412698412698,0.333333333333333,0.801587301587302,0.984126984126984,0.166666666666667,0.0158730158730159,0.238095238095238,0.53968253968254
0.0873015873015873,0.992063492063492,0.595238095238095,0.476190476190476,0.619047619047619,0.587301587301587,0.944444444444444,0.103174603174603,0.238095238095238,0.428571428571429,0.984126984126984,0.0952380952380952,0.166666666666667,0.349206349206349,0.0555555555555556,0.928571428571429,0.0317460317460317,0.896825396825397,0.801587301587302,0.904761904761905,0.603174603174603,0.0476190476190476,0.0793650793650794,0.53968253968254,0.603174603174603,0.777777777777778,0.992063492063492,0.396825396825397,0.69047619047619,0.849206349206349,0.396825396825397,0.166666666666667,0.277777777777778,0,0.619047619047619,0.0317460317460317,0.428571428571429,0.46031746031746,0.142857142857143,0.476190476190476,0.80952380952381,0.0555555555555556,0.936507936507937,0.53968253968254,0.166666666666667,0.30952380952381,0.920634920634921,0.0634920634920635,0.301587301587302,0.468253968253968,0.0634920634920635,0.571428571428571,0.888888888888889,0.642857142857143,0.96031746031746,0.166666666666667,0.603174603174603,0.992063492063492,0.174603174603175
0.571428571428571,0.206349206349206,0.547619047619048,0.73015873015873,0.0238095238095238,0.0238095238095238,0.293650793650794,0.174603174603175,0.349206349206349,0.698412698412698,0.436507936507937,0.642857142857143,0.150793650793651,0.857142857142857,0.777777777777778,0.293650793650794,0.484126984126984,0.0952380952380952,0.698412698412698,0.0714285714285714,0.928571428571429,0.698412698412698,0.0317460317460317,0.0238095238095238,0.515873015873016,0,0.984126984126984,0.976190476190476,0.484126984126984,0.603174603174603,0.753968253968254,0.936507936507937,0.634920634920635,0.722222222222222,0.976190476190476,0.833333333333333,0.936507936507937,0.984126984126984,0.817460317460317,0.626984126984127,0.5,0.650793650793651,0.96031746031746,0.595238095238095,0.666666666666667,0.206349206349206,0.507936507936508,0.341269841269841,0.595238095238095,0.833333333333333,0.619047619047619,0.0634920634920635,0.142857142857143,0.26984126984127,0.674603174603175,0.976190476190476,0.396825396825397,0.198412698412698,0.142857142857143
0.626984126984127,0.753968253968254,0.944444444444444,0.373015873015873,0.388888888888889,0.444444444444444,0.642857142857143,0.246031746031746,0.96031746031746,0.801587301587302,0.968253968253968,0.738095238095238,0.96031746031746,0.293650793650794,0.857142857142857,0.00793650793650794,0.523809523809524,0.928571428571429,0.476190476190476,0.46031746031746,0.873015873015873,0.277777777777778,0.722222222222222,0.365079365079365,0.785714285714286,0.777777777777778,0.619047619047619,0.634920634920635,0.325396825396825,0.198412698412698,0.301587301587302,0.753968253968254,0.0952380952380952,0.396825396825397,0.849206349206349,0.888888888888889,0.76984126984127,0.0714285714285714,0.873015873015873,0.111111111111111,0.214285714285714,0.444444444444444,0.293650793650794,0.0158730158730159,0.476190476190476,0.301587301587302,0.0634920634920635,0,0.642857142857143,0.484126984126984,0,0.293650793650794,0.571428571428571,0.73015873015873,0.468253968253968,0.325396825396825,0.253968253968254,0.0476190476190476,0.761904761904762
0.103174603174603,0.166666666666667,0.301587301587302,0.555555555555556,0.912698412698413,0.944444444444444,0.349206349206349,0.69047619047619,0.873015873015873,0.634920634920635,0.952380952380952,0.547619047619048,0.19047619047619,0.00793650793650794,0.952380952380952,0.158730158730159,0.285714285714286,0.46031746031746,0.587301587301587,0.468253968253968,0.746031746031746,0.261904761904762,0.658730158730159,0.746031746031746,0.23015873015873,0.880952380952381,0.126984126984127,0.674603174603175,0.603174603174603,0.515873015873016,0.785714285714286,0.0396825396825397,0.158730158730159,0.476190476190476,0.571428571428571,0.293650793650794,0.865079365079365,0.611111111111111,0.587301587301587,0.222222222222222,0.682539682539683,0.23015873015873,0.142857142857143,0.73015873015873,0.357142857142857,0.73015873015873,0.26984126984127,0.642857142857143,0.5,0.96031746031746,0.0873015873015873,0.214285714285714,0.523809523809524,0.412698412698413,0.380952380952381,0.801587301587302,0.0555555555555556,0.817460317460317,0.682539682539683
0.801587301587302,0.206349206349206,0.261904761904762,0.833333333333333,0.976190476190476,0.444444444444444,0.73015873015873,0.26984126984127,0.515873015873016,0.420634920634921,0.547619047619048,0.76984126984127,0.587301587301587,0.936507936507937,0.0793650793650794,0.857142857142857,0.69047619047619,0.222222222222222,0.603174603174603,0.19047619047619,0.452380952380952,0.722222222222222,0.952380952380952,0.19047619047619,0.611111111111111,0.253968253968254,0.0873015873015873,0.928571428571429,0.166666666666667,0.753968253968254,0.428571428571429,0.0476190476190476,0.412698412698413,0.888888888888889,0.682539682539683,0.317460317460317,0.246031746031746,0.96031746031746,0.436507936507937,0.0396825396825397,0.468253968253968,0.674603174603175,0,0.952380952380952,0.333333333333333,0.293650793650794,0.912698412698413,0.523809523809524,0.904761904761905,0.80952380952381,0.301587301587302,0.904761904761905,0.293650793650794,0.801587301587302,0.325396825396825,0.896825396825397,0.531746031746032,0.619047619047619,0.396825396825397
0.0476190476190476,0.76984126984127,0.134920634920635,0.404761904761905,0.841269841269841,0.26984126984127,0.492063492063492,0.436507936507937,0.753968253968254,0.53968253968254,0.214285714285714,0.103174603174603,0.26984126984127,0.634920634920635,0.333333333333333,0.380952380952381,0.206349206349206,0.507936507936508,0.5,0.158730158730159,0.388888888888889,0.53968253968254,0.126984126984127,0.53968253968254,0.746031746031746,0.468253968253968,0.46031746031746,0.531746031746032,0.103174603174603,0.0555555555555556,0.76984126984127,0.317460317460317,0,0.547619047619048,0.238095238095238,0.23015873015873,0.53968253968254,0.150793650793651,0.904761904761905,0.357142857142857,0.666666666666667,0.595238095238095,0.452380952380952,0.198412698412698,0.222222222222222,0.880952380952381,0.650793650793651,0.420634920634921,0.142857142857143,1,0.658730158730159,0.801587301587302,0.0238095238095238,0.80952380952381,0.285714285714286,0.928571428571429,0.920634920634921,0.46031746031746,1
0.80952380952381,0.333333333333333,0.841269841269841,0.80952380952381,0.293650793650794,0.301587301587302,0.5,0.412698412698413,0.134920634920635,0.634920634920635,0.626984126984127,0.531746031746032,0.777777777777778,0.611111111111111,0.912698412698413,0.579365079365079,0.00793650793650794,0.5,0,0.841269841269841,0.634920634920635,0.103174603174603,0.0396825396825397,0.944444444444444,0.722222222222222,0.563492063492063,0.253968253968254,0.603174603174603,0.380952380952381,0.134920634920635,0,0.619047619047619,0.571428571428571,0.841269841269841,0.444444444444444,0.801587301587302,0.714285714285714,0.777777777777778,0.785714285714286,0.00793650793650794,0.0396825396825397,0.0714285714285714,0.896825396825397,0.46031746031746,0.603174603174603,0.650793650793651,0.0793650793650794,0.380952380952381,0.642857142857143,0.134920634920635,0.801587301587302,0.26984126984127,0.952380952380952,0.515873015873016,0.674603174603175,0.666666666666667,0.198412698412698,0.968253968253968,0.253968253968254
0.714285714285714,0.555555555555556,0.825396825396825,0.0476190476190476,0.531746031746032,0.285714285714286,0.0238095238095238,0.150793650793651,0.76984126984127,0.936507936507937,0.134920634920635,0.436507936507937,0.833333333333333,0.80952380952381,0.841269841269841,0.595238095238095,0.396825396825397,0.587301587301587,0.126984126984127,0.444444444444444,0.380952380952381,0.714285714285714,0.619047619047619,0.349206349206349,0.158730158730159,0.642857142857143,0.428571428571429,0.452380952380952,0.277777777777778,0.888888888888889,0.5,0.0634920634920635,0.222222222222222,0.0158730158730159,0.182539682539683,0.285714285714286,0.80952380952381,0.896825396825397,0.293650793650794,0.373015873015873,0.5,0.547619047619048,0.0714285714285714,0.611111111111111,0.420634920634921,0.992063492063492,0.126984126984127,0.111111111111111,0.238095238095238,0.761904761904762,0.150793650793651,0.23015873015873,0.492063492063492,0.888888888888889,0.507936507936508,0.714285714285714,0.222222222222222,0.182539682539683,0.253968253968254
0.992063492063492,0.611111111111111,0.0873015873015873,0.174603174603175,0.952380952380952,0.650793650793651,0.587301587301587,0.365079365079365,0.76984126984127,0.722222222222222,0.547619047619048,0.928571428571429,0.523809523809524,0.166666666666667,0.793650793650794,0.825396825396825,0.992063492063492,0.436507936507937,1,0.468253968253968,0.912698412698413,0.166666666666667,0.579365079365079,0.531746031746032,0.0634920634920635,0.349206349206349,1,0.365079365079365,0.579365079365079,0.674603174603175,0.293650793650794,0.357142857142857,0.896825396825397,0.420634920634921,0.587301587301587,0.0555555555555556,0.619047619047619,0.341269841269841,1,0,0.0873015873015873,0.793650793650794,0.587301587301587,0.111111111111111,0.150793650793651,0.746031746031746,0.325396825396825,0.0952380952380952,0.849206349206349,0.849206349206349,0.587301587301587,0.476190476190476,0.611111111111111,0.380952380952381,0.0396825396825397,0.119047619047619,0.555555555555556,0.73015873015873,0.26984126984127
0.420634920634921,0.73015873015873,0.857142857142857,0.96031746031746,0.0238095238095238,0.380952380952381,0.476190476190476,0.119047619047619,0.587301587301587,0.587301587301587,0.634920634920635,0.801587301587302,0.198412698412698,0.420634920634921,0.873015873015873,0.984126984126984,0.507936507936508,0.0555555555555556,0.388888888888889,0.912698412698413,1,0.587301587301587,0.0476190476190476,0.142857142857143,0.849206349206349,0.920634920634921,0.603174603174603,0.404761904761905,0.253968253968254,0.0158730158730159,0.150793650793651,0.404761904761905,0.658730158730159,0.992063492063492,0.388888888888889,0.825396825396825,0.174603174603175,0.833333333333333,0.611111111111111,0.507936507936508,0.626984126984127,0.880952380952381,0.579365079365079,0.507936507936508,0.293650793650794,0.873015873015873,0.579365079365079,0.30952380952381,0.166666666666667,0.126984126984127,0.746031746031746,0.166666666666667,0.857142857142857,0.0714285714285714,0.214285714285714,0.0873015873015873,0.341269841269841,0.69047619047619,0.952380952380952
0.119047619047619,0.396825396825397,0.984126984126984,0.00793650793650794,0.0317460317460317,0.206349206349206,0.563492063492063,0,0,0.246031746031746,0.30952380952381,0.19047619047619,0.952380952380952,0.0555555555555556,0.579365079365079,0.373015873015873,0.126984126984127,0.19047619047619,0.476190476190476,0.452380952380952,0.523809523809524,0.388888888888889,0.785714285714286,0.761904761904762,0.388888888888889,0.936507936507937,0.23015873015873,0.0317460317460317,0.420634920634921,0.0714285714285714,0.246031746031746,0.0476190476190476,0.76984126984127,0.563492063492063,0.0714285714285714,0.404761904761905,0.428571428571429,0.507936507936508,0.349206349206349,0.349206349206349,0.420634920634921,0.396825396825397,0.119047619047619,0.841269841269841,0.880952380952381,0.222222222222222,0.849206349206349,0.674603174603175,0.428571428571429,0.333333333333333,0.0873015873015873,0.928571428571429,0.833333333333333,0.698412698412698,0.0555555555555556,0.984126984126984,0.682539682539683,0.595238095238095,0.801587301587302
0.198412698412698,0.682539682539683,0.738095238095238,0.920634920634921,0.00793650793650794,0.626984126984127,0.26984126984127,0.896825396825397,0.253968253968254,0.833333333333333,0.658730158730159,0.666666666666667,0.595238095238095,0.674603174603175,0.206349206349206,0.404761904761905,0.650793650793651,0.222222222222222,0.674603174603175,0.0555555555555556,0.206349206349206,0.396825396825397,0.420634920634921,0.952380952380952,0.285714285714286,0.603174603174603,0.341269841269841,0.238095238095238,0.793650793650794,0.261904761904762,0.968253968253968,0.444444444444444,0.634920634920635,0.992063492063492,0.198412698412698,0.253968253968254,0.80952380952381,0.0238095238095238,0.603174603174603,0.801587301587302,0.857142857142857,0.365079365079365,0.880952380952381,0.626984126984127,0.658730158730159,0.126984126984127,0.134920634920635,0.476190476190476,0.484126984126984,0.285714285714286,0.801587301587302,0.150793650793651,0.912698412698413,0,0.26984126984127,0.420634920634921,0.119047619047619,0.547619047619048,0.984126984126984
0.896825396825397,0.412698412698413,0.76984126984127,0.595238095238095,0.880952380952381,0.904761904761905,0.563492063492063,0.30952380952381,0.912698412698413,0.817460317460317,0.76984126984127,0.476190476190476,0.261904761904762,0.293650793650794,0.0317460317460317,0.928571428571429,0.515873015873016,0.658730158730159,0.976190476190476,0.777777777777778,0.706349206349206,0.896825396825397,0.492063492063492,0.944444444444444,0.30952380952381,0.0634920634920635,0.777777777777778,0.555555555555556,0.30952380952381,0.388888888888889,0.373015873015873,0.103174603174603,0.103174603174603,0.515873015873016,0.785714285714286,0.198412698412698,0.317460317460317,0.865079365079365,0.436507936507937,0.698412698412698,0.896825396825397,0.00793650793650794,0.634920634920635,0.349206349206349,0.317460317460317,0.53968253968254,0.928571428571429,0.404761904761905,0.158730158730159,0.896825396825397,1,0.880952380952381,0.0634920634920635,0.920634920634921,0.158730158730159,0.53968253968254,0.888888888888889,0.23015873015873,0.785714285714286
0.841269841269841,0.492063492063492,0.658730158730159,0.833333333333333,0.150793650793651,0,0.0396825396825397,0.253968253968254,0.69047619047619,0.53968253968254,0.76984126984127,0.523809523809524,0.928571428571429,0.380952380952381,0.492063492063492,0.444444444444444,0.293650793650794,0.484126984126984,0.349206349206349,0.492063492063492,0.849206349206349,0.650793650793651,0.30952380952381,0.0952380952380952,0.341269841269841,0.341269841269841,0.468253968253968,0.468253968253968,0.928571428571429,0.206349206349206,0.0396825396825397,0.666666666666667,0.492063492063492,0.357142857142857,0.841269841269841,0.261904761904762,0.746031746031746,0.984126984126984,0.849206349206349,0.119047619047619,0.00793650793650794,0.706349206349206,0.46031746031746,0.865079365079365,0.0555555555555556,0.46031746031746,0.53968253968254,0.0476190476190476,0.0396825396825397,0.912698412698413,0.428571428571429,0.984126984126984,0.404761904761905,0.293650793650794,0.952380952380952,0.984126984126984,0.0317460317460317,0.420634920634921,0.111111111111111
0.357142857142857,0.476190476190476,0.944444444444444,0.507936507936508,0.722222222222222,0.0396825396825397,0.246031746031746,0.365079365079365,0.0396825396825397,0.777777777777778,0.23015873015873,0.849206349206349,0.142857142857143,0.682539682539683,0.523809523809524,0.222222222222222,0.984126984126984,0.261904761904762,0.301587301587302,0.658730158730159,0.611111111111111,0.396825396825397,0.944444444444444,0.412698412698413,0.23015873015873,0.722222222222222,0.0952380952380952,0.5,0.619047619047619,0.880952380952381,0.801587301587302,0.317460317460317,0.396825396825397,0.00793650793650794,0.00793650793650794,0.777777777777778,0.968253968253968,0.388888888888889,0.0317460317460317,0.53968253968254,0.23015873015873,0.420634920634921,0.134920634920635,0.246031746031746,0.817460317460317,0.952380952380952,0.206349206349206,0.0238095238095238,0.944444444444444,0.507936507936508,0.428571428571429,0.642857142857143,0.0952380952380952,0.952380952380952,0.626984126984127,0.587301587301587,0.00793650793650794,0.69047619047619,0.19047619047619
0.103174603174603,0.976190476190476,0.103174603174603,0.849206349206349,0.444444444444444,0.555555555555556,0.253968253968254,0.119047619047619,0.412698412698413,0.0396825396825397,0.0158730158730159,0.73015873015873,0.261904761904762,0.912698412698413,0.674603174603175,0.650793650793651,0.682539682539683,0.682539682539683,0.246031746031746,0.420634920634921,0.714285714285714,0.865079365079365,0.166666666666667,0.396825396825397,0.626984126984127,0.404761904761905,0.785714285714286,0.801587301587302,0.19047619047619,0.293650793650794,0.0238095238095238,0.801587301587302,0.436507936507937,0.76984126984127,0.198412698412698,0.753968253968254,0.777777777777778,0.984126984126984,0.53968253968254,0.817460317460317,0.198412698412698,0.0476190476190476,0.793650793650794,0.753968253968254,0.698412698412698,0.261904761904762,1,0.880952380952381,0.19047619047619,0.865079365079365,0.373015873015873,0.626984126984127,1,0.19047619047619,0.738095238095238,0.158730158730159,0.992063492063492,0.619047619047619,0
0.595238095238095,0.888888888888889,0.436507936507937,0.19047619047619,0.563492063492063,0.968253968253968,0.896825396825397,0.484126984126984,0.53968253968254,0.928571428571429,0.587301587301587,0.0476190476190476,0.436507936507937,0.0952380952380952,0.801587301587302,0.984126984126984,0,0.80952380952381,0.0952380952380952,0.357142857142857,0.825396825396825,0.515873015873016,0.547619047619048,0.73015873015873,0.53968253968254,0.333333333333333,0.333333333333333,0.571428571428571,0.0317460317460317,0.428571428571429,0.253968253968254,0.206349206349206,0.619047619047619,0.936507936507937,0.658730158730159,0.261904761904762,0.936507936507937,0.111111111111111,0.0238095238095238,0.555555555555556,0.666666666666667,0.73015873015873,0.952380952380952,0.333333333333333,0.904761904761905,0.222222222222222,0.873015873015873,0.0952380952380952,0.555555555555556,0.0238095238095238,0.507936507936508,0.317460317460317,0.928571428571429,0.619047619047619,0.484126984126984,0.547619047619048,0.642857142857143,1,0.746031746031746
0.30952380952381,0.777777777777778,0.222222222222222,0.634920634920635,0.428571428571429,0.738095238095238,0.111111111111111,0.603174603174603,0.261904761904762,0.674603174603175,0.968253968253968,0.412698412698413,0.555555555555556,0.484126984126984,0.150793650793651,0.174603174603175,0.349206349206349,0.753968253968254,0.642857142857143,0.404761904761905,0.682539682539683,0.325396825396825,0.246031746031746,0.23015873015873,0.420634920634921,0.936507936507937,0.158730158730159,0.396825396825397,0.603174603174603,0.952380952380952,0.150793650793651,0.507936507936508,0.365079365079365,0.706349206349206,0.349206349206349,0.507936507936508,0.928571428571429,0.785714285714286,0.246031746031746,0.952380952380952,0.0476190476190476,0.373015873015873,0.746031746031746,0.952380952380952,0.436507936507937,0.992063492063492,0.76984126984127,0.579365079365079,0.293650793650794,0.293650793650794,0.801587301587302,0.0793650793650794,0.452380952380952,0.904761904761905,0.658730158730159,0.150793650793651,1,0.0238095238095238,0.904761904761905
0.531746031746032,0.380952380952381,0.904761904761905,0.531746031746032,0.293650793650794,0.714285714285714,0.722222222222222,0.73015873015873,0.761904761904762,0.0238095238095238,0.841269841269841,0.238095238095238,0.658730158730159,0.507936507936508,0.293650793650794,0.436507936507937,0.285714285714286,0.0634920634920635,0.119047619047619,0.714285714285714,0.674603174603175,0.246031746031746,0.976190476190476,0.277777777777778,0.626984126984127,0.373015873015873,0.357142857142857,0.642857142857143,0.984126984126984,0.722222222222222,0.825396825396825,0.325396825396825,0.928571428571429,0.0793650793650794,0.0714285714285714,0.865079365079365,0.158730158730159,0.626984126984127,0.801587301587302,0.650793650793651,0.634920634920635,0.761904761904762,0.658730158730159,0.428571428571429,0.126984126984127,0.674603174603175,0.158730158730159,0.30952380952381,0.53968253968254,0.595238095238095,0.0158730158730159,0.833333333333333,0.396825396825397,0.912698412698413,0.53968253968254,0.706349206349206,0.833333333333333,0.579365079365079,0.746031746031746
0.476190476190476,0.00793650793650794,0.777777777777778,0.420634920634921,0.134920634920635,0.198412698412698,0.944444444444444,0.444444444444444,0.277777777777778,0.706349206349206,0.0952380952380952,0.325396825396825,0.444444444444444,0.992063492063492,0.714285714285714,0.793650793650794,0.158730158730159,0.69047619047619,1,0.658730158730159,0.76984126984127,0.984126984126984,0.380952380952381,0.698412698412698,1,0.0714285714285714,0.523809523809524,0.0158730158730159,0.492063492063492,0.103174603174603,0.753968253968254,0.825396825396825,0.714285714285714,0.0476190476190476,0.603174603174603,0.158730158730159,0.682539682539683,0.857142857142857,0.873015873015873,0.825396825396825,0.388888888888889,0.484126984126984,0.46031746031746,0.0634920634920635,0.492063492063492,0.880952380952381,0.849206349206349,1,0.53968253968254,0.80952380952381,0.817460317460317,0.126984126984127,0.904761904761905,0.119047619047619,0.30952380952381,0.492063492063492,0.182539682539683,0.492063492063492,0.349206349206349
0.0555555555555556,0.722222222222222,0.388888888888889,0.587301587301587,0.920634920634921,0.317460317460317,0.531746031746032,0.714285714285714,0.341269841269841,0.801587301587302,0.904761904761905,0.158730158730159,0.555555555555556,0.222222222222222,0.555555555555556,0.19047619047619,1,0.0476190476190476,0.261904761904762,0.603174603174603,0.0873015873015873,0.626984126984127,0.896825396825397,0.53968253968254,0.30952380952381,0.492063492063492,0.507936507936508,0.150793650793651,0.111111111111111,0.301587301587302,0.523809523809524,0.0476190476190476,0.785714285714286,0.174603174603175,0.484126984126984,0.976190476190476,0.126984126984127,0.53968253968254,0.103174603174603,0.46031746031746,0.547619047619048,0.476190476190476,0.301587301587302,0.873015873015873,0.817460317460317,0.0714285714285714,0.444444444444444,0.865079365079365,0.0873015873015873,0.904761904761905,0.69047619047619,0.444444444444444,0.849206349206349,0,0.880952380952381,0.968253968253968,0.412698412698413,0.119047619047619,0.119047619047619
0.611111111111111,0.976190476190476,0.555555555555556,0.404761904761905,0.0158730158730159,0.96031746031746,0.0476190476190476,0.984126984126984,0.349206349206349,0.682539682539683,0.301587301587302,0.484126984126984,0.841269841269841,0.111111111111111,0.634920634920635,0.825396825396825,0.103174603174603,0,0.666666666666667,0.698412698412698,0.404761904761905,0.547619047619048,0.912698412698413,0.174603174603175,0.341269841269841,0.0634920634920635,0.825396825396825,0.658730158730159,0.452380952380952,0.634920634920635,0.134920634920635,0.5,0.214285714285714,0.896825396825397,0.0634920634920635,0.0476190476190476,0.0476190476190476,0.912698412698413,0.753968253968254,0.873015873015873,0.26984126984127,0.984126984126984,0.968253968253968,0.634920634920635,0.73015873015873,0.103174603174603,0.26984126984127,0.706349206349206,0.865079365079365,0.706349206349206,0.0476190476190476,0.912698412698413,0.174603174603175,0.404761904761905,0.0317460317460317,0.0873015873015873,0.761904761904762,0.277777777777778,0.706349206349206
0.444444444444444,0.992063492063492,0.626984126984127,0.26984126984127,0.611111111111111,0.944444444444444,0.134920634920635,0.53968253968254,0.587301587301587,0.722222222222222,0.857142857142857,0.714285714285714,0.849206349206349,0.333333333333333,0.555555555555556,0.285714285714286,0.984126984126984,0.333333333333333,0.952380952380952,0.214285714285714,0.992063492063492,0.0793650793650794,0.420634920634921,0.5,0.658730158730159,0.666666666666667,0.857142857142857,0.285714285714286,0.880952380952381,0.0714285714285714,0.825396825396825,0.976190476190476,0.0317460317460317,0.587301587301587,0.0476190476190476,0.76984126984127,0,0.944444444444444,0.912698412698413,0.0158730158730159,0.825396825396825,0.714285714285714,0.865079365079365,0.444444444444444,0.619047619047619,0.976190476190476,0.126984126984127,0.746031746031746,0,0.80952380952381,0.658730158730159,0.238095238095238,0.96031746031746,0.246031746031746,0.253968253968254,0.873015873015873,0.0873015873015873,0.714285714285714,0.793650793650794
0.968253968253968,0.293650793650794,0.396825396825397,0.0317460317460317,0.238095238095238,0.793650793650794,0.142857142857143,0.904761904761905,0.5,0.174603174603175,0.484126984126984,0.396825396825397,0.746031746031746,0.00793650793650794,0.865079365079365,0.253968253968254,0.452380952380952,0.325396825396825,0.5,0.412698412698413,0.976190476190476,0.253968253968254,0.30952380952381,0.833333333333333,0.753968253968254,0.833333333333333,0.928571428571429,0.222222222222222,0.0793650793650794,0.238095238095238,0.626984126984127,0.214285714285714,0.96031746031746,0.912698412698413,0.111111111111111,0.150793650793651,0.0396825396825397,0.579365079365079,0.507936507936508,0.857142857142857,0.293650793650794,0.261904761904762,0.00793650793650794,0.968253968253968,0.96031746031746,0.968253968253968,0.492063492063492,0.817460317460317,0.642857142857143,0.682539682539683,0.357142857142857,0.547619047619048,1,0.26984126984127,0.444444444444444,0.396825396825397,0.111111111111111,0.642857142857143,0.507936507936508
0.507936507936508,0.76984126984127,0.611111111111111,0.341269841269841,0.817460317460317,0.182539682539683,0.515873015873016,0.76984126984127,0.801587301587302,0.833333333333333,0.507936507936508,0.246031746031746,0.634920634920635,0.317460317460317,0.53968253968254,0.0714285714285714,0.333333333333333,0.150793650793651,0.666666666666667,0.468253968253968,0.571428571428571,0.611111111111111,0.746031746031746,0.896825396825397,0.388888888888889,0.952380952380952,0.0238095238095238,0.857142857142857,0.150793650793651,0.174603174603175,0.555555555555556,0.714285714285714,0.277777777777778,0.380952380952381,0.388888888888889,0.476190476190476,0.317460317460317,0.698412698412698,0.793650793650794,0.134920634920635,0.222222222222222,0.912698412698413,0.206349206349206,0.00793650793650794,0.825396825396825,0.0476190476190476,0.333333333333333,0.238095238095238,0.595238095238095,0.595238095238095,0.206349206349206,0.420634920634921,0.349206349206349,0.206349206349206,0.928571428571429,0.650793650793651,0.166666666666667,0.119047619047619,0.595238095238095
0.396825396825397,0.753968253968254,0.206349206349206,0.777777777777778,0.928571428571429,0.0555555555555556,0.992063492063492,0.198412698412698,0.142857142857143,0.317460317460317,0.26984126984127,0.611111111111111,0.507936507936508,0.476190476190476,0.928571428571429,0.547619047619048,0.253968253968254,0.587301587301587,0.738095238095238,0.0238095238095238,0.682539682539683,0.420634920634921,0.96031746031746,0.00793650793650794,1,0.928571428571429,0.19047619047619,0.373015873015873,0.571428571428571,0.301587301587302,0.801587301587302,0.849206349206349,0.182539682539683,0.150793650793651,0.317460317460317,0.928571428571429,0.873015873015873,0.507936507936508,0.634920634920635,0.0317460317460317,0.325396825396825,0.722222222222222,0.952380952380952,0.658730158730159,0.333333333333333,0.492063492063492,0.238095238095238,0.531746031746032,0.507936507936508,0.571428571428571,0.0158730158730159,0.595238095238095,0.523809523809524,0.30952380952381,0.142857142857143,0.174603174603175,0.746031746031746,0.142857142857143,0.984126984126984
0.238095238095238,0.00793650793650794,0.865079365079365,0.0952380952380952,0.738095238095238,0.150793650793651,0.841269841269841,0.238095238095238,0.746031746031746,0.206349206349206,0.111111111111111,0.968253968253968,0.0714285714285714,0.285714285714286,0.69047619047619,0.611111111111111,0.674603174603175,0.206349206349206,0.706349206349206,0.904761904761905,0.738095238095238,0.976190476190476,0.507936507936508,0.920634920634921,0.968253968253968,0.341269841269841,0.412698412698413,0.301587301587302,0.746031746031746,0.373015873015873,0.388888888888889,0.682539682539683,0.912698412698413,0.412698412698413,0.706349206349206,0.0158730158730159,0.285714285714286,0.285714285714286,0.952380952380952,0.53968253968254,0.738095238095238,0.841269841269841,0.222222222222222,0.714285714285714,0.968253968253968,0.865079365079365,0.865079365079365,0.746031746031746,0.833333333333333,0.753968253968254,0.833333333333333,0.650793650793651,0.976190476190476,0.634920634920635,0.634920634920635,0.277777777777778,0.96031746031746,0.952380952380952,0.396825396825397
0.674603174603175,0.80952380952381,0.126984126984127,0.984126984126984,0.206349206349206,0.444444444444444,0.484126984126984,0.0158730158730159,0.904761904761905,0.738095238095238,0.0952380952380952,0.158730158730159,0.357142857142857,0.0873015873015873,0.515873015873016,0.746031746031746,0.166666666666667,0.976190476190476,0.515873015873016,0.936507936507937,0.571428571428571,0.142857142857143,0.888888888888889,0.452380952380952,0.80952380952381,0.404761904761905,0.714285714285714,0.880952380952381,0.214285714285714,0.873015873015873,0.0317460317460317,0.579365079365079,0.0396825396825397,0.920634920634921,0.619047619047619,0.992063492063492,0.238095238095238,0.349206349206349,0.76984126984127,0.158730158730159,0.571428571428571,0.158730158730159,0.896825396825397,0.0238095238095238,0.992063492063492,0.5,0.547619047619048,0.761904761904762,0.341269841269841,0.182539682539683,0.492063492063492,0.563492063492063,0.785714285714286,0.26984126984127,0.833333333333333,0.452380952380952,0.682539682539683,0.0873015873015873,0.317460317460317
0.912698412698413,0.158730158730159,0.436507936507937,0.428571428571429,0.738095238095238,0.341269841269841,0.261904761904762,0.0476190476190476,0.357142857142857,0.76984126984127,0.0238095238095238,0.365079365079365,0.325396825396825,0.246031746031746,0.571428571428571,0.904761904761905,0.0158730158730159,0.793650793650794,0.412698412698413,0.277777777777778,0.642857142857143,0.920634920634921,0.896825396825397,0.746031746031746,0.412698412698413,0.674603174603175,0.793650793650794,0.174603174603175,0.658730158730159,0.674603174603175,0.515873015873016,0.0634920634920635,0.436507936507937,0.142857142857143,0.23015873015873,0.373015873015873,0.468253968253968,0.76984126984127,0.166666666666667,0.5,0.626984126984127,0.992063492063492,0,0.00793650793650794,0.317460317460317,0.642857142857143,0.80952380952381,0.984126984126984,0.928571428571429,0.19047619047619,0.515873015873016,0.00793650793650794,0.682539682539683,0.658730158730159,0.96031746031746,0.420634920634921,0.0793650793650794,0.0634920634920635,0.563492063492063
0.126984126984127,0.888888888888889,0,0.626984126984127,0.531746031746032,0.23015873015873,0.341269841269841,0.253968253968254,0.714285714285714,0.531746031746032,0.841269841269841,0.777777777777778,0.00793650793650794,0.174603174603175,0.0952380952380952,0.253968253968254,0.507936507936508,0.277777777777778,0.904761904761905,0.166666666666667,0.785714285714286,0.0158730158730159,0.587301587301587,0.619047619047619,0.880952380952381,0.634920634920635,0.69047619047619,0.246031746031746,0.166666666666667,0.80952380952381,0.833333333333333,0.238095238095238,0.722222222222222,0.182539682539683,0.30952380952381,0.777777777777778,0.126984126984127,0.0238095238095238,0.984126984126984,0.0793650793650794,0.492063492063492,0.817460317460317,0.674603174603175,0.936507936507937,0.555555555555556,0.642857142857143,0.142857142857143,0.23015873015873,0.285714285714286,0.96031746031746,0.5,0.952380952380952,0.896825396825397,0.380952380952381,0.174603174603175,0.0476190476190476,0.198412698412698,0.833333333333333,0.595238095238095
0.26984126984127,0.357142857142857,0.603174603174603,0.666666666666667,0.888888888888889,0.365079365079365,0.00793650793650794,0.722222222222222,0.388888888888889,0.698412698412698,0.738095238095238,0.952380952380952,0.0317460317460317,0.873015873015873,0.420634920634921,0.5,0.285714285714286,0.992063492063492,0.944444444444444,0.317460317460317,0.825396825396825,0.523809523809524,0.142857142857143,0.492063492063492,0.134920634920635,0.246031746031746,0.261904761904762,0.579365079365079,0.285714285714286,0.785714285714286,0.293650793650794,0.119047619047619,0.238095238095238,0.706349206349206,0.547619047619048,0.246031746031746,0.563492063492063,0.714285714285714,0.793650793650794,0.349206349206349,0.357142857142857,0.896825396825397,0.896825396825397,0.928571428571429,0.928571428571429,0.373015873015873,0.825396825396825,0.714285714285714,0.134920634920635,0.80952380952381,0.119047619047619,0.0238095238095238,0.428571428571429,0.785714285714286,0.0317460317460317,0.396825396825397,0.222222222222222,0.317460317460317,0.976190476190476
0.928571428571429,0.222222222222222,0.301587301587302,0.706349206349206,0.523809523809524,0.0793650793650794,0.380952380952381,0.896825396825397,0.698412698412698,0.484126984126984,0.841269841269841,0.634920634920635,0.214285714285714,0.80952380952381,0.23015873015873,0.492063492063492,0.920634920634921,0.69047619047619,0.547619047619048,0.682539682539683,0.182539682539683,0.80952380952381,0.182539682539683,0,0.515873015873016,0.595238095238095,0.880952380952381,0.222222222222222,0.69047619047619,0.793650793650794,0.96031746031746,0.73015873015873,0.396825396825397,0.103174603174603,0.0555555555555556,0.30952380952381,0.476190476190476,0.801587301587302,0.214285714285714,0.246031746031746,0.0555555555555556,0.166666666666667,0.19047619047619,0.76984126984127,0.261904761904762,0.912698412698413,0.0714285714285714,0.777777777777778,0.182539682539683,0.841269841269841,0.706349206349206,0.928571428571429,0.785714285714286,0.444444444444444,0.222222222222222,0.30952380952381,0.920634920634921,0.896825396825397,0.238095238095238
0.0555555555555556,0.849206349206349,0.0952380952380952,0.0476190476190476,0.5,0.896825396825397,1,0.523809523809524,0.0714285714285714,0.420634920634921,0.285714285714286,0.0317460317460317,0.714285714285714,0.611111111111111,0.0317460317460317,0.53968253968254,0.492063492063492,0.380952380952381,0.507936507936508,0.150793650793651,0.714285714285714,0.182539682539683,0.928571428571429,0.571428571428571,0.920634920634921,0.420634920634921,0.214285714285714,0.515873015873016,0.873015873015873,0.222222222222222,0.0714285714285714,0.420634920634921,0.0793650793650794,0.722222222222222,0.96031746031746,0.214285714285714,0.626984126984127,0.396825396825397,0.301587301587302,0.214285714285714,0.333333333333333,0.396825396825397,0.698412698412698,0.00793650793650794,0.96031746031746,0.531746031746032,0.206349206349206,0.317460317460317,0.0555555555555556,0.992063492063492,0.563492063492063,0.119047619047619,0.0158730158730159,0.674603174603175,0.166666666666667,0.865079365079365,0.849206349206349,0.317460317460317,0.706349206349206
0.468253968253968,0.833333333333333,0.53968253968254,0.253968253968254,0.944444444444444,0.246031746031746,0.293650793650794,0.571428571428571,0.0873015873015873,0.00793650793650794,0.206349206349206,0.46031746031746,0.944444444444444,0.555555555555556,0.0476190476190476,0.928571428571429,0.634920634920635,0.357142857142857,0.261904761904762,0.865079365079365,0.976190476190476,0,0.817460317460317,0.531746031746032,0.936507936507937,0.968253968253968,0.785714285714286,0.841269841269841,0.555555555555556,0.793650793650794,0.23015873015873,0.873015873015873,0.666666666666667,0.261904761904762,0.992063492063492,0.587301587301587,0.96031746031746,0.785714285714286,0.380952380952381,0.912698412698413,0.912698412698413,0.198412698412698,0.246031746031746,0.253968253968254,0.0555555555555556,0.301587301587302,0.849206349206349,0.968253968253968,0.0952380952380952,0.103174603174603,0.396825396825397,0.738095238095238,0.920634920634921,0.579365079365079,0.174603174603175,0.428571428571429,0.825396825396825,0.69047619047619,0.912698412698413
0,0.238095238095238,0.984126984126984,0.777777777777778,0.0952380952380952,0.507936507936508,0.0396825396825397,0.0714285714285714,0.198412698412698,0.968253968253968,0.150793650793651,0.0714285714285714,0.761904761904762,0.492063492063492,0.555555555555556,0.944444444444444,0.0873015873015873,0.73015873015873,0.80952380952381,0.0873015873015873,0.0634920634920635,0.555555555555556,0.555555555555556,0,0.626984126984127,0.0555555555555556,0.0238095238095238,0.365079365079365,0.626984126984127,0.349206349206349,0.563492063492063,0.698412698412698,0.611111111111111,0.579365079365079,0.46031746031746,0.611111111111111,0.912698412698413,0.23015873015873,0.753968253968254,0.825396825396825,0.492063492063492,0.523809523809524,0.825396825396825,0.0396825396825397,0.420634920634921,0.896825396825397,0.76984126984127,0.26984126984127,0.761904761904762,0.325396825396825,0.936507936507937,0.174603174603175,0.73015873015873,0.238095238095238,0.293650793650794,0.587301587301587,0.73015873015873,0.333333333333333,0.0873015873015873
0.825396825396825,0.0555555555555556,0.674603174603175,0.0238095238095238,0.722222222222222,0.611111111111111,0.531746031746032,0.436507936507937,0.388888888888889,0.476190476190476,0.246031746031746,0.777777777777778,0.793650793650794,0.333333333333333,0.19047619047619,0.0873015873015873,0.563492063492063,0.103174603174603,0.595238095238095,0.888888888888889,0.904761904761905,0.46031746031746,0.555555555555556,0.46031746031746,0.484126984126984,0.698412698412698,0.277777777777778,0.492063492063492,0.714285714285714,0.992063492063492,0.753968253968254,0.349206349206349,0.5,0.507936507936508,0.801587301587302,0.753968253968254,0.666666666666667,0.46031746031746,0.174603174603175,0.325396825396825,0.0714285714285714,0.738095238095238,0.507936507936508,0.206349206349206,0.46031746031746,0.476190476190476,0.968253968253968,0.468253968253968,0.365079365079365,0.0634920634920635,0.80952380952381,0.388888888888889,0.952380952380952,0.865079365079365,0.452380952380952,0.357142857142857,0.547619047619048,0.674603174603175,0.150793650793651
0.293650793650794,0.222222222222222,0.412698412698413,0.53968253968254,0.46031746031746,0.698412698412698,0.80952380952381,0.373015873015873,0.0476190476190476,1,0.0555555555555556,0.650793650793651,0.825396825396825,0.53968253968254,0.317460317460317,0.0476190476190476,0.452380952380952,0.849206349206349,0.23015873015873,0.0238095238095238,0.857142857142857,0.158730158730159,0.341269841269841,0.333333333333333,0.349206349206349,0.285714285714286,0.682539682539683,0.0873015873015873,0.952380952380952,0.404761904761905,0.238095238095238,0.0158730158730159,0.293650793650794,0.0317460317460317,0.928571428571429,0.19047619047619,0.0158730158730159,0.523809523809524,0.317460317460317,0.714285714285714,0.825396825396825,0.253968253968254,0.0714285714285714,0.166666666666667,0.285714285714286,0.619047619047619,0.579365079365079,0.880952380952381,0.698412698412698,0.880952380952381,0.952380952380952,0.277777777777778,0.76984126984127,0.412698412698413,0.396825396825397,0.142857142857143,0.936507936507937,0.579365079365079,0.976190476190476
0.388888888888889,0.76984126984127,0.0714285714285714,0.793650793650794,0.706349206349206,0.857142857142857,0.261904761904762,0.992063492063492,0.238095238095238,0.0793650793650794,0.333333333333333,0.206349206349206,0.912698412698413,0.492063492063492,0.698412698412698,0.833333333333333,0.317460317460317,0.365079365079365,0.0396825396825397,0.0238095238095238,0.0238095238095238,0.76984126984127,0.301587301587302,0.19047619047619,0.119047619047619,0.404761904761905,0.984126984126984,0.182539682539683,0.595238095238095,0.722222222222222,0.849206349206349,0.571428571428571,0.119047619047619,0.817460317460317,0.785714285714286,0.968253968253968,0.198412698412698,0.388888888888889,0.96031746031746,0.515873015873016,0.531746031746032,0.198412698412698,0.365079365079365,0.817460317460317,0.53968253968254,0.126984126984127,0.301587301587302,0.825396825396825,0.0238095238095238,0.277777777777778,0.253968253968254,0.388888888888889,0.880952380952381,0.753968253968254,0.0158730158730159,0.341269841269841,0.46031746031746,0.753968253968254,0.253968253968254
0.73015873015873,0.0714285714285714,0.507936507936508,0.134920634920635,0.301587301587302,0.626984126984127,0.698412698412698,0.761904761904762,0.777777777777778,0.53968253968254,0.238095238095238,0.880952380952381,0.0238095238095238,0.357142857142857,0.166666666666667,0.0555555555555556,0.944444444444444,0.793650793650794,0.920634920634921,0.825396825396825,0.0238095238095238,0.714285714285714,0.849206349206349,0.126984126984127,0.484126984126984,0.833333333333333,0.706349206349206,0.992063492063492,0.873015873015873,0.944444444444444,0.904761904761905,0.619047619047619,0.0238095238095238,0.801587301587302,0.222222222222222,0.206349206349206,0.650793650793651,0.746031746031746,0.920634920634921,0.0396825396825397,0.0873015873015873,0.650793650793651,0.246031746031746,0.0634920634920635,0.785714285714286,0.785714285714286,0.484126984126984,0.0634920634920635,0.126984126984127,0.238095238095238,1,0.976190476190476,0.341269841269841,0.571428571428571,0.579365079365079,0.174603174603175,0.714285714285714,0.952380952380952,0.365079365079365
0.253968253968254,0.563492063492063,0.349206349206349,0.0238095238095238,0.19047619047619,0.857142857142857,0.484126984126984,0.0634920634920635,0.73015873015873,0.682539682539683,0.785714285714286,0.833333333333333,0.722222222222222,0.69047619047619,0.912698412698413,0.952380952380952,0.595238095238095,1,0.563492063492063,0.293650793650794,0.841269841269841,0.214285714285714,0.53968253968254,0.531746031746032,0.873015873015873,0.198412698412698,0.626984126984127,0.944444444444444,0.484126984126984,0.912698412698413,0.0476190476190476,0.523809523809524,1,0.785714285714286,0.777777777777778,0.904761904761905,0.976190476190476,0.920634920634921,0.825396825396825,0.134920634920635,0.150793650793651,0.166666666666667,0.634920634920635,0.166666666666667,0.103174603174603,0.293650793650794,0.23015873015873,0.126984126984127,0.73015873015873,0,0.0634920634920635,0.603174603174603,0.0158730158730159,0.420634920634921,0.650793650793651,0.365079365079365,0.865079365079365,0.142857142857143,0.0476190476190476
0.26984126984127,0.698412698412698,0.880952380952381,0.119047619047619,0.984126984126984,0.976190476190476,0.293650793650794,0.523809523809524,0.206349206349206,0.912698412698413,0.880952380952381,0.753968253968254,0.293650793650794,0.714285714285714,0.53968253968254,0.753968253968254,0.468253968253968,0.547619047619048,0.968253968253968,0.412698412698413,0.388888888888889,0.126984126984127,0.0396825396825397,0.825396825396825,0.857142857142857,0.53968253968254,0.166666666666667,0.873015873015873,0.30952380952381,0.833333333333333,0.0158730158730159,0.357142857142857,0.841269841269841,0.936507936507937,0.523809523809524,0.444444444444444,0.150793650793651,0.222222222222222,0.857142857142857,0.563492063492063,0.928571428571429,0.634920634920635,0.992063492063492,0.611111111111111,0.26984126984127,0.563492063492063,0.420634920634921,0.865079365079365,0.30952380952381,0.452380952380952,0.80952380952381,0.976190476190476,0.785714285714286,0.119047619047619,0.317460317460317,0.80952380952381,0.96031746031746,0.80952380952381,0.873015873015873
0.515873015873016,0.103174603174603,0.523809523809524,0.0793650793650794,0.674603174603175,1,0.174603174603175,0.920634920634921,0.785714285714286,0.587301587301587,0.841269841269841,0.150793650793651,0.611111111111111,0.976190476190476,0.198412698412698,0.523809523809524,0.0952380952380952,0.0158730158730159,0.134920634920635,0.523809523809524,0.523809523809524,0.166666666666667,0.19047619047619,0.103174603174603,0.555555555555556,0.611111111111111,0.936507936507937,0.253968253968254,0.968253968253968,1,0.753968253968254,0.674603174603175,0.357142857142857,0.53968253968254,0.0317460317460317,0.69047619047619,0.0317460317460317,0.944444444444444,0.0238095238095238,0.563492063492063,0.341269841269841,0.0238095238095238,0.261904761904762,0.722222222222222,0.96031746031746,0.793650793650794,0.174603174603175,0.19047619047619,0.738095238095238,0.555555555555556,0.523809523809524,0.00793650793650794,0.873015873015873,0.785714285714286,0.76984126984127,0.468253968253968,0.761904761904762,0.253968253968254,0.817460317460317
0.738095238095238,0.944444444444444,0.150793650793651,0.206349206349206,0.658730158730159,0.603174603174603,0.0476190476190476,0.0158730158730159,0.650793650793651,0.76984126984127,0.722222222222222,0.753968253968254,0.674603174603175,0.341269841269841,0.984126984126984,0.142857142857143,0.563492063492063,0.222222222222222,0.341269841269841,0.103174603174603,0.674603174603175,0.714285714285714,0.373015873015873,0.222222222222222,0.658730158730159,0.444444444444444,0.365079365079365,0.714285714285714,0.928571428571429,0.19047619047619,0.587301587301587,0.69047619047619,0.404761904761905,0.436507936507937,0.253968253968254,0.944444444444444,0.46031746031746,0.444444444444444,0.0793650793650794,0.547619047619048,0.785714285714286,0.206349206349206,0.714285714285714,0.317460317460317,0.0714285714285714,0.968253968253968,1,0.944444444444444,0.658730158730159,0.642857142857143,0.444444444444444,0.650793650793651,0.611111111111111,0.920634920634921,0.103174603174603,0.634920634920635,0.373015873015873,0.0317460317460317,0.682539682539683
0.880952380952381,0.452380952380952,0.198412698412698,0.928571428571429,0.0396825396825397,0.936507936507937,0.0873015873015873,0.142857142857143,0.714285714285714,0.0793650793650794,0.666666666666667,0.26984126984127,0.76984126984127,0.420634920634921,0.126984126984127,0.857142857142857,0.563492063492063,0.984126984126984,0.158730158730159,0.785714285714286,0.182539682539683,0.293650793650794,0.865079365079365,0.928571428571429,0.373015873015873,0.531746031746032,0.952380952380952,0.134920634920635,0.833333333333333,0.928571428571429,0.825396825396825,0.833333333333333,0.341269841269841,0.277777777777778,0.73015873015873,0.0555555555555556,0.992063492063492,0.238095238095238,0.936507936507937,0.849206349206349,0.119047619047619,0.00793650793650794,0.920634920634921,0.912698412698413,0,0.317460317460317,0.761904761904762,0.126984126984127,0.19047619047619,0.936507936507937,0.642857142857143,0.103174603174603,0.468253968253968,0.253968253968254,1,0.968253968253968,0.880952380952381,0.380952380952381,0.80952380952381
0.69047619047619,0.476190476190476,0.698412698412698,0.674603174603175,0.380952380952381,0.261904761904762,0.238095238095238,0.857142857142857,0.992063492063492,0.428571428571429,0.952380952380952,0.936507936507937,0.865079365079365,0.103174603174603,0.674603174603175,0.46031746031746,0.396825396825397,0.785714285714286,0.412698412698413,0.984126984126984,0.944444444444444,0.380952380952381,0.523809523809524,0.492063492063492,0.198412698412698,0.73015873015873,0.658730158730159,0.0238095238095238,0.134920634920635,0.365079365079365,0.674603174603175,0.888888888888889,0.53968253968254,0.841269841269841,0.928571428571429,0.642857142857143,0.579365079365079,0.119047619047619,0.76984126984127,0.746031746031746,0.587301587301587,0.873015873015873,1,0.642857142857143,0.753968253968254,0.452380952380952,0.650793650793651,0.26984126984127,0.904761904761905,0.333333333333333,0.912698412698413,0.0634920634920635,0.277777777777778,0.936507936507937,0.357142857142857,0.46031746031746,0.873015873015873,0.158730158730159,0.285714285714286
0.142857142857143,0.0317460317460317,0.00793650793650794,0.174603174603175,0.404761904761905,0.833333333333333,0.420634920634921,0.611111111111111,0.301587301587302,0.150793650793651,0.0952380952380952,0.73015873015873,0.246031746031746,0.174603174603175,0.0396825396825397,0.436507936507937,0.865079365079365,0.293650793650794,0.238095238095238,0.634920634920635,0.801587301587302,0.920634920634921,0.817460317460317,0.96031746031746,0.682539682539683,0.857142857142857,0.0634920634920635,0.198412698412698,0.349206349206349,0.579365079365079,0.119047619047619,0.666666666666667,0.158730158730159,0.547619047619048,0.444444444444444,0.380952380952381,0.523809523809524,0.523809523809524,0.30952380952381,0.349206349206349,0.182539682539683,0.444444444444444,0.166666666666667,0.214285714285714,0.174603174603175,0.174603174603175,0.412698412698413,0.174603174603175,0.333333333333333,0.0396825396825397,0.642857142857143,0.380952380952381,0.134920634920635,0.753968253968254,0.873015873015873,0.547619047619048,0.896825396825397,0.253968253968254,0.738095238095238
0.396825396825397,0.912698412698413,0.626984126984127,0.134920634920635,0.238095238095238,0.134920634920635,0.357142857142857,0.0317460317460317,0.976190476190476,0.714285714285714,0.0476190476190476,0.0793650793650794,0.00793650793650794,0.261904761904762,0.888888888888889,0.388888888888889,0.904761904761905,0.817460317460317,0.484126984126984,0.984126984126984,0.523809523809524,0.658730158730159,0.261904761904762,0.285714285714286,0.444444444444444,0.571428571428571,0.761904761904762,0.420634920634921,0.388888888888889,0.0396825396825397,0.396825396825397,0.968253968253968,0.920634920634921,0.0158730158730159,0.865079365079365,0.658730158730159,0.619047619047619,0.142857142857143,0.420634920634921,0.555555555555556,0.777777777777778,0.523809523809524,0.333333333333333,0.0238095238095238,0.0555555555555556,0.96031746031746,0.182539682539683,0.246031746031746,0.150793650793651,0.476190476190476,0.896825396825397,0.849206349206349,0.0158730158730159,0.142857142857143,0.968253968253968,0,0.293650793650794,0.388888888888889,0.349206349206349
0.865079365079365,0.420634920634921,0.507936507936508,0.103174603174603,0.373015873015873,0.412698412698413,0.841269841269841,0.96031746031746,0.26984126984127,0.103174603174603,0.682539682539683,0.833333333333333,0.261904761904762,0.952380952380952,0.698412698412698,0.0476190476190476,0.0476190476190476,0.30952380952381,0,0.571428571428571,0.30952380952381,0.341269841269841,0.634920634920635,0.26984126984127,0.531746031746032,0.166666666666667,0.873015873015873,0.69047619047619,0.793650793650794,0.325396825396825,0.96031746031746,0.0952380952380952,0.246031746031746,0.0873015873015873,0.658730158730159,0.626984126984127,0.0555555555555556,0.0634920634920635,0.626984126984127,0.119047619047619,0.984126984126984,0.555555555555556,0.53968253968254,0.293650793650794,0.555555555555556,0,0.682539682539683,0.388888888888889,0.150793650793651,0.761904761904762,0.0952380952380952,1,0,0.0476190476190476,0.658730158730159,0.0317460317460317,0.761904761904762,0.0476190476190476,0.587301587301587
0.896825396825397,0.0555555555555556,0.658730158730159,0.912698412698413,0.531746031746032,0.0555555555555556,0.492063492063492,1,0.166666666666667,0.912698412698413,0.531746031746032,0.507936507936508,0.325396825396825,0.357142857142857,0.936507936507937,0.571428571428571,0.817460317460317,0.619047619047619,0.166666666666667,0.968253968253968,0.571428571428571,0.158730158730159,0.817460317460317,0.507936507936508,0.317460317460317,0.896825396825397,0.968253968253968,0.341269841269841,0.73015873015873,0.476190476190476,0.396825396825397,0.182539682539683,0.0793650793650794,0.611111111111111,0.253968253968254,0,0.706349206349206,0.103174603174603,0.619047619047619,1,0.26984126984127,0.880952380952381,0.00793650793650794,0.484126984126984,0.126984126984127,0.579365079365079,0.0714285714285714,0.658730158730159,0.785714285714286,0.404761904761905,0.992063492063492,0.0714285714285714,0.984126984126984,0.111111111111111,0,0.587301587301587,0.206349206349206,0.150793650793651,0.26984126984127
0.857142857142857,1,0.396825396825397,0.888888888888889,0.19047619047619,0.0238095238095238,0.865079365079365,0.492063492063492,0.119047619047619,0.492063492063492,0.722222222222222,0.706349206349206,0.904761904761905,0.0396825396825397,0.357142857142857,0.76984126984127,0.0952380952380952,0.317460317460317,0.0317460317460317,0.674603174603175,0.277777777777778,0.603174603174603,0.119047619047619,0.119047619047619,0.968253968253968,0.785714285714286,0.492063492063492,0.523809523809524,0.984126984126984,0.817460317460317,0.246031746031746,0.761904761904762,0.158730158730159,0.777777777777778,0.396825396825397,0.0952380952380952,0.277777777777778,0.476190476190476,0.642857142857143,0.293650793650794,0.285714285714286,0.00793650793650794,0.388888888888889,0.182539682539683,0.587301587301587,0.880952380952381,0.222222222222222,0.825396825396825,0.365079365079365,0.984126984126984,0.277777777777778,0.682539682539683,0.373015873015873,0.73015873015873,0.626984126984127,0.428571428571429,0.23015873015873,0.896825396825397,0.873015873015873
0.896825396825397,0.904761904761905,0.0317460317460317,0.642857142857143,1,0.46031746031746,0.992063492063492,0.00793650793650794,0.547619047619048,0.888888888888889,0.69047619047619,0.73015873015873,0.452380952380952,0.428571428571429,0.0714285714285714,0.793650793650794,0.944444444444444,0.642857142857143,0.801587301587302,0.738095238095238,0.841269841269841,0.341269841269841,0.992063492063492,0.0476190476190476,0.468253968253968,0.333333333333333,0.738095238095238,0.134920634920635,0.0793650793650794,0.873015873015873,0.23015873015873,0.968253968253968,0.365079365079365,0.301587301587302,0.365079365079365,0.968253968253968,0.30952380952381,0.396825396825397,0.801587301587302,0.968253968253968,0.5,0.515873015873016,0.714285714285714,0.603174603174603,0.817460317460317,0.738095238095238,0.134920634920635,0.555555555555556,0.214285714285714,0.253968253968254,0.936507936507937,0.722222222222222,0.150793650793651,0.587301587301587,0.476190476190476,0.373015873015873,0.650793650793651,0.976190476190476,0.404761904761905
0.119047619047619,0.0158730158730159,0.865079365079365,0.555555555555556,0.841269841269841,0.142857142857143,0.507936507936508,0.134920634920635,0.523809523809524,1,0,0.317460317460317,0.5,0.0873015873015873,0.896825396825397,0.126984126984127,0.666666666666667,0.0476190476190476,0.0793650793650794,0.563492063492063,0.119047619047619,0.865079365079365,0.142857142857143,0.222222222222222,0.714285714285714,0.420634920634921,0.317460317460317,0.285714285714286,0.547619047619048,0.801587301587302,0.365079365079365,0,0.69047619047619,0.428571428571429,0.388888888888889,0.507936507936508,0.325396825396825,0.865079365079365,0.476190476190476,0.873015873015873,0.150793650793651,0.0873015873015873,0.603174603174603,0.611111111111111,0.5,0.23015873015873,0.388888888888889,0.166666666666667,0.761904761904762,0.420634920634921,0.0952380952380952,0.0317460317460317,0.26984126984127,0.380952380952381,0.523809523809524,0.444444444444444,0.492063492063492,0.531746031746032,0.603174603174603
0.611111111111111,0.992063492063492,0.0714285714285714,0.849206349206349,0.26984126984127,0.968253968253968,0.571428571428571,0.380952380952381,0.30952380952381,0.182539682539683,0.0793650793650794,0.992063492063492,0.53968253968254,0.841269841269841,0.547619047619048,0.30952380952381,0.579365079365079,0.126984126984127,0.515873015873016,0.658730158730159,0.46031746031746,0.0396825396825397,0.238095238095238,0.873015873015873,0.301587301587302,0.73015873015873,0.19047619047619,0.222222222222222,0.0476190476190476,0.587301587301587,0.46031746031746,0.26984126984127,0.103174603174603,0.634920634920635,0.833333333333333,0.277777777777778,0.452380952380952,0.674603174603175,0.325396825396825,0.0634920634920635,0.753968253968254,0.301587301587302,0.761904761904762,0.841269841269841,0.253968253968254,0.46031746031746,0.158730158730159,0.73015873015873,0.73015873015873,1,0.150793650793651,0.285714285714286,0.706349206349206,0.380952380952381,0.880952380952381,0.825396825396825,0.0238095238095238,0.246031746031746,0.642857142857143
0.182539682539683,0.142857142857143,0.896825396825397,0.611111111111111,0.896825396825397,0.547619047619048,0.333333333333333,0.80952380952381,0.579365079365079,0.976190476190476,0.357142857142857,0.293650793650794,0.166666666666667,0.23015873015873,0.126984126984127,0.626984126984127,0.595238095238095,0.873015873015873,0.920634920634921,0.515873015873016,0.619047619047619,0.833333333333333,0.69047619047619,0.777777777777778,0.0555555555555556,0.142857142857143,0.904761904761905,0.920634920634921,0.603174603174603,0.0714285714285714,0.0396825396825397,0.0238095238095238,0.928571428571429,0.936507936507937,0.373015873015873,0.80952380952381,0.603174603174603,0.587301587301587,0.634920634920635,0.333333333333333,0.0952380952380952,0.19047619047619,0.523809523809524,0,0.53968253968254,0.746031746031746,0.476190476190476,0.73015873015873,0.134920634920635,0.126984126984127,0.214285714285714,0.19047619047619,1,0.23015873015873,0.452380952380952,0.722222222222222,0.166666666666667,0.880952380952381,0.968253968253968
0.484126984126984,0.722222222222222,0.912698412698413,0.53968253968254,0.515873015873016,0.380952380952381,0.841269841269841,0.888888888888889,0.865079365079365,0.968253968253968,0.666666666666667,0.920634920634921,0.952380952380952,0.714285714285714,0.388888888888889,0.476190476190476,0.96031746031746,0.0158730158730159,0.611111111111111,0.920634920634921,0.880952380952381,0.603174603174603,0.333333333333333,0.182539682539683,0.357142857142857,0.515873015873016,0.452380952380952,0.174603174603175,0.452380952380952,0.873015873015873,0.682539682539683,0.365079365079365,0.444444444444444,0.0714285714285714,0.182539682539683,0.841269841269841,0.698412698412698,0.0476190476190476,0.30952380952381,0.777777777777778,0.357142857142857,0.277777777777778,0.738095238095238,0.650793650793651,0.523809523809524,0.158730158730159,0.0634920634920635,0.920634920634921,0.904761904761905,0.571428571428571,0.30952380952381,0.952380952380952,0.69047619047619,0.674603174603175,0.753968253968254,0.579365079365079,0.444444444444444,0.785714285714286,0.222222222222222
0.865079365079365,0.142857142857143,0.357142857142857,0.166666666666667,0.658730158730159,0.349206349206349,0.452380952380952,0.444444444444444,0.952380952380952,0.793650793650794,0.920634920634921,0.531746031746032,0.222222222222222,0.912698412698413,0.317460317460317,0.19047619047619,0.428571428571429,0.80952380952381,0.825396825396825,0.0317460317460317,0.849206349206349,0.801587301587302,0.492063492063492,0.134920634920635,0.19047619047619,0.904761904761905,0.571428571428571,0.222222222222222,0.166666666666667,0.0158730158730159,0.198412698412698,0.96031746031746,0.595238095238095,0.587301587301587,0.880952380952381,0.682539682539683,0.492063492063492,0.0158730158730159,0.936507936507937,0.198412698412698,0.150793650793651,0.761904761904762,1,0.698412698412698,0.650793650793651,0.0238095238095238,0.603174603174603,0.888888888888889,0.611111111111111,0.968253968253968,0.928571428571429,0.563492063492063,0.0396825396825397,0.777777777777778,0.507936507936508,0.626984126984127,0.896825396825397,0.46031746031746,0.0555555555555556
0.0714285714285714,0.73015873015873,0.928571428571429,0.992063492063492,0.674603174603175,0.658730158730159,0.76984126984127,0.174603174603175,0.198412698412698,0.126984126984127,0.476190476190476,0.650793650793651,0.30952380952381,0.841269841269841,0.912698412698413,0.174603174603175,0.0317460317460317,0.0238095238095238,0.0873015873015873,0.246031746031746,0.547619047619048,0.928571428571429,0.722222222222222,0.0396825396825397,0.658730158730159,0.531746031746032,0.388888888888889,0.238095238095238,0.412698412698413,0.69047619047619,0.531746031746032,0.476190476190476,0.944444444444444,0.158730158730159,0.603174603174603,0.642857142857143,0.857142857142857,0.992063492063492,0.952380952380952,0.634920634920635,0.436507936507937,0.0952380952380952,0.976190476190476,0.00793650793650794,0.626984126984127,0.325396825396825,0.571428571428571,0.166666666666667,0.849206349206349,0.865079365079365,0.0158730158730159,0.0873015873015873,0.182539682539683,0.801587301587302,0.0317460317460317,0.357142857142857,0.0634920634920635,0.761904761904762,0.936507936507937
0.801587301587302,0.992063492063492,0.738095238095238,0.69047619047619,0.80952380952381,0.293650793650794,0.373015873015873,0.69047619047619,0.0317460317460317,0.714285714285714,0.523809523809524,0.873015873015873,0.865079365079365,0.928571428571429,0.658730158730159,0.103174603174603,0,0.992063492063492,0.722222222222222,0,0.301587301587302,0.912698412698413,0.896825396825397,0.722222222222222,0.0238095238095238,0.0714285714285714,1,0.825396825396825,0.968253968253968,0.0158730158730159,0.563492063492063,0.928571428571429,0.698412698412698,0.682539682539683,0.373015873015873,0.920634920634921,0.142857142857143,0.174603174603175,0.698412698412698,0.365079365079365,0.30952380952381,0.0396825396825397,0.801587301587302,0.0873015873015873,0.30952380952381,0.904761904761905,0.468253968253968,0.134920634920635,0.873015873015873,0.30952380952381,0.373015873015873,0.76984126984127,0.801587301587302,0.833333333333333,0.166666666666667,0.984126984126984,0.301587301587302,0.325396825396825,0.80952380952381
0.619047619047619,0.484126984126984,0.119047619047619,0.5,0.238095238095238,0.23015873015873,0.579365079365079,0.96031746031746,1,0.46031746031746,0.984126984126984,0.214285714285714,0.158730158730159,0.603174603174603,0.238095238095238,0.968253968253968,0.563492063492063,0.253968253968254,0.182539682539683,0.0555555555555556,0.0952380952380952,0.888888888888889,0.214285714285714,0.0793650793650794,0.26984126984127,0.96031746031746,0.444444444444444,0.603174603174603,0.619047619047619,0.944444444444444,0.150793650793651,0.182539682539683,0.515873015873016,0.761904761904762,0.206349206349206,0.166666666666667,0.547619047619048,0.214285714285714,0.26984126984127,0.666666666666667,0.261904761904762,0.80952380952381,0.373015873015873,0.333333333333333,0.412698412698413,0.103174603174603,0.849206349206349,0.984126984126984,0.952380952380952,0.619047619047619,0.277777777777778,0.404761904761905,0.119047619047619,0.626984126984127,0.380952380952381,0.214285714285714,0.96031746031746,0.325396825396825,0.722222222222222
0.753968253968254,0.412698412698413,0.293650793650794,0.349206349206349,0.76984126984127,0.0634920634920635,0.277777777777778,0.444444444444444,0.0952380952380952,0.277777777777778,0.611111111111111,0.285714285714286,0.849206349206349,0.452380952380952,0.388888888888889,0.888888888888889,0.650793650793651,0.103174603174603,0.0793650793650794,0.476190476190476,0.952380952380952,0.317460317460317,0.317460317460317,0.626984126984127,0.126984126984127,0.325396825396825,1,0.103174603174603,0.674603174603175,0.579365079365079,0.214285714285714,0.206349206349206,0.761904761904762,0.888888888888889,0.30952380952381,0.150793650793651,0.349206349206349,0.119047619047619,0.666666666666667,0.0714285714285714,0.761904761904762,0.547619047619048,0.317460317460317,0.253968253968254,0.158730158730159,0.0476190476190476,0.206349206349206,0.0317460317460317,0.182539682539683,0.642857142857143,0.96031746031746,0.69047619047619,0.777777777777778,0.53968253968254,0.492063492063492,0.0873015873015873,0.103174603174603,0.111111111111111,0.841269841269841
0.76984126984127,0.634920634920635,0.19047619047619,0.984126984126984,0.0793650793650794,0.261904761904762,0.0158730158730159,0.666666666666667,0.976190476190476,0.103174603174603,0.833333333333333,0.801587301587302,0.23015873015873,0.80952380952381,0.30952380952381,0.30952380952381,0.944444444444444,0.682539682539683,0.206349206349206,0.714285714285714,0.746031746031746,0.944444444444444,0.404761904761905,0.825396825396825,0.5,0.547619047619048,0.420634920634921,0.96031746031746,0.119047619047619,0.857142857142857,0.849206349206349,0.873015873015873,0.412698412698413,0.126984126984127,0.849206349206349,0.785714285714286,0.626984126984127,0.69047619047619,0.0555555555555556,0.349206349206349,0.817460317460317,0.293650793650794,0.206349206349206,0.166666666666667,0.674603174603175,0.865079365079365,0.222222222222222,0.325396825396825,0.0396825396825397,0.0634920634920635,0.865079365079365,0.968253968253968,0.642857142857143,0.349206349206349,0.96031746031746,0.476190476190476,0.841269841269841,0.174603174603175,1
0.984126984126984,0.984126984126984,0.428571428571429,0.896825396825397,0.698412698412698,0.833333333333333,0.722222222222222,0.865079365079365,0.587301587301587,0.404761904761905,0.412698412698413,0.198412698412698,0.984126984126984,0.0476190476190476,0.595238095238095,0.53968253968254,0.674603174603175,0.428571428571429,0.428571428571429,0.96031746031746,0.111111111111111,0.555555555555556,0.492063492063492,0.301587301587302,0.301587301587302,0.142857142857143,0.0952380952380952,0.53968253968254,0.793650793650794,0.920634920634921,0.111111111111111,0.801587301587302,0.896825396825397,0.619047619047619,0.0873015873015873,0.404761904761905,0.0476190476190476,0.214285714285714,0.0396825396825397,0.420634920634921,0.80952380952381,0,0.873015873015873,0.896825396825397,0.777777777777778,0.158730158730159,0.69047619047619,0.785714285714286,0.706349206349206,0.0555555555555556,0.253968253968254,0.587301587301587,0.142857142857143,0.206349206349206,0.222222222222222,0.968253968253968,0.428571428571429,0.722222222222222,0.76984126984127
0.325396825396825,0.365079365079365,0.484126984126984,0.825396825396825,0.341269841269841,0.547619047619048,0.968253968253968,0.73015873015873,0.0714285714285714,0.142857142857143,0.373015873015873,0.00793650793650794,0.246031746031746,0.0396825396825397,0.285714285714286,0.0476190476190476,0.23015873015873,0.150793650793651,0.738095238095238,0.182539682539683,0.142857142857143,0.817460317460317,0.698412698412698,0.515873015873016,0.26984126984127,0.0476190476190476,0.722222222222222,0.619047619047619,0.0714285714285714,0.76984126984127,0.658730158730159,0.452380952380952,0.476190476190476,0.555555555555556,0.484126984126984,0.198412698412698,0,0.388888888888889,0.698412698412698,0.619047619047619,0.0873015873015873,0.5,0.142857142857143,0.317460317460317,0.698412698412698,0.293650793650794,0.5,0.198412698412698,0.0793650793650794,0.555555555555556,0.222222222222222,0.0158730158730159,0.420634920634921,0.976190476190476,0.0555555555555556,0.0714285714285714,0.0634920634920635,0.476190476190476,0.103174603174603
0.634920634920635,0.507936507936508,0.484126984126984,0.0634920634920635,0.880952380952381,0.936507936507937,0.253968253968254,0.23015873015873,0.341269841269841,0.698412698412698,0.73015873015873,0.428571428571429,0.515873015873016,0.150793650793651,0.76984126984127,0.150793650793651,0.0952380952380952,0.595238095238095,0.984126984126984,0.301587301587302,0.80952380952381,0.126984126984127,0.674603174603175,0.452380952380952,0.753968253968254,0.984126984126984,0.706349206349206,0.515873015873016,0.349206349206349,0.325396825396825,0.277777777777778,0.650793650793651,0.420634920634921,0.833333333333333,0.698412698412698,0.746031746031746,0.293650793650794,0.992063492063492,0.555555555555556,0.976190476190476,0.952380952380952,1,0.373015873015873,0.76984126984127,0.420634920634921,0.0238095238095238,0.476190476190476,0.238095238095238,0.428571428571429,0.531746031746032,0.111111111111111,0.198412698412698,0.928571428571429,0.992063492063492,0.396825396825397,0.150793650793651,0.214285714285714,0.76984126984127,0.00793650793650794
0.0714285714285714,0.642857142857143,0.00793650793650794,0.404761904761905,0.579365079365079,0.00793650793650794,0.777777777777778,0.00793650793650794,0.396825396825397,0.166666666666667,0.0396825396825397,0.404761904761905,0.523809523809524,0.468253968253968,0.253968253968254,0.944444444444444,0.134920634920635,0.404761904761905,0.46031746031746,0.134920634920635,0.174603174603175,0.984126984126984,0.936507936507937,0.365079365079365,0.976190476190476,0.761904761904762,0.373015873015873,0,0.793650793650794,0.380952380952381,0.595238095238095,0.293650793650794,0.412698412698413,0.650793650793651,0.793650793650794,0.746031746031746,0.706349206349206,0.388888888888889,0.158730158730159,0.865079365079365,0.928571428571429,0.706349206349206,0.404761904761905,0.341269841269841,0.285714285714286,0.444444444444444,0.873015873015873,0.746031746031746,0.579365079365079,0.658730158730159,0.5,0.76984126984127,1,0.666666666666667,0.357142857142857,0.0555555555555556,0.865079365079365,0.301587301587302,0.547619047619048
0.317460317460317,0.452380952380952,0.468253968253968,0.119047619047619,0.0158730158730159,0.841269841269841,0.952380952380952,0.888888888888889,0.73015873015873,0.992063492063492,0.158730158730159,0.825396825396825,0.373015873015873,0.722222222222222,0.825396825396825,0.492063492063492,0.293650793650794,0.5,0.0793650793650794,0.849206349206349,0,0.619047619047619,0.103174603174603,0.80952380952381,0.952380952380952,0.793650793650794,0.238095238095238,0.76984126984127,0.396825396825397,0.0634920634920635,0.650793650793651,0.428571428571429,0.30952380952381,0.0317460317460317,0.222222222222222,0.698412698412698,0.952380952380952,0.484126984126984,0.682539682539683,0.420634920634921,0.976190476190476,0.992063492063492,0.412698412698413,0.103174603174603,0.611111111111111,0.0873015873015873,0.396825396825397,0.301587301587302,0.507936507936508,0.111111111111111,0.555555555555556,0.833333333333333,0.333333333333333,0.952380952380952,0.793650793650794,0.150793650793651,0.603174603174603,0.674603174603175,0.396825396825397
0.285714285714286,0.492063492063492,0.801587301587302,0.968253968253968,0.936507936507937,0.0238095238095238,0.603174603174603,0.904761904761905,0.19047619047619,0.96031746031746,0.134920634920635,0.785714285714286,0.126984126984127,0.992063492063492,0.333333333333333,0.0952380952380952,0.706349206349206,0.396825396825397,0.626984126984127,0.26984126984127,0.69047619047619,0.722222222222222,0.825396825396825,0.944444444444444,0.00793650793650794,0.746031746031746,0.698412698412698,0.873015873015873,0.738095238095238,0.873015873015873,0.674603174603175,0.865079365079365,0.722222222222222,0.96031746031746,0.0714285714285714,0.626984126984127,0,0.23015873015873,0.603174603174603,0.936507936507937,0.53968253968254,0.214285714285714,0.976190476190476,0.619047619047619,0.563492063492063,0.111111111111111,0.619047619047619,0.738095238095238,0.373015873015873,0.0317460317460317,0.111111111111111,0.865079365079365,0.365079365079365,0.0158730158730159,0.777777777777778,0.746031746031746,0.126984126984127,0.69047619047619,0.5
0.23015873015873,0.23015873015873,0.984126984126984,0.333333333333333,0.492063492063492,0.150793650793651,0.833333333333333,0.380952380952381,0.912698412698413,0.523809523809524,0.238095238095238,0.0396825396825397,0.833333333333333,0.658730158730159,0.833333333333333,0.849206349206349,0.849206349206349,0.0238095238095238,0.341269841269841,0.0476190476190476,0.5,0.293650793650794,0.571428571428571,0.301587301587302,0.238095238095238,0.912698412698413,0.53968253968254,0.253968253968254,0.142857142857143,0.119047619047619,0.603174603174603,0.992063492063492,0.753968253968254,0.365079365079365,0.753968253968254,0.238095238095238,0.404761904761905,0.817460317460317,0.928571428571429,0.0555555555555556,0.23015873015873,0.896825396825397,0.103174603174603,0.452380952380952,0.0952380952380952,0.103174603174603,0.714285714285714,0.936507936507937,0.182539682539683,0.388888888888889,0.658730158730159,0.444444444444444,0.880952380952381,0.317460317460317,0.658730158730159,0.0714285714285714,0.182539682539683,0.507936507936508,0.0952380952380952
0.142857142857143,0.198412698412698,0.968253968253968,0.166666666666667,0.80952380952381,0.531746031746032,0.0158730158730159,0.436507936507937,0.841269841269841,0.0793650793650794,0.857142857142857,0.111111111111111,0.452380952380952,0.476190476190476,0.841269841269841,0.238095238095238,0.150793650793651,0.603174603174603,0.142857142857143,0.992063492063492,0.873015873015873,0.722222222222222,0.0396825396825397,0.507936507936508,0.428571428571429,0.587301587301587,0.0793650793650794,0.841269841269841,0.182539682539683,0.285714285714286,0.777777777777778,0.626984126984127,0.380952380952381,0.412698412698413,0.825396825396825,0.277777777777778,0.746031746031746,0.468253968253968,0.738095238095238,0.476190476190476,0.0952380952380952,0.698412698412698,0.746031746031746,0.285714285714286,0.468253968253968,0.0555555555555556,0.833333333333333,0.571428571428571,0.00793650793650794,0.698412698412698,0.317460317460317,0.166666666666667,0.714285714285714,0.0396825396825397,0.0317460317460317,0.0396825396825397,0.317460317460317,0.198412698412698,0.0952380952380952
0.174603174603175,0.619047619047619,0.166666666666667,0.603174603174603,0.404761904761905,0.166666666666667,0.992063492063492,0.111111111111111,0.634920634920635,0.0158730158730159,0.880952380952381,0.0555555555555556,0.19047619047619,0.650793650793651,0.698412698412698,0.492063492063492,0.19047619047619,0.666666666666667,0.174603174603175,0.206349206349206,0.944444444444444,0.650793650793651,0.603174603174603,0.253968253968254,0.53968253968254,0.301587301587302,0.158730158730159,0.833333333333333,0.682539682539683,0.896825396825397,0.634920634920635,0.103174603174603,0.571428571428571,0.0476190476190476,0.182539682539683,0.436507936507937,0.341269841269841,0.142857142857143,0.484126984126984,0.341269841269841,0.0317460317460317,0.96031746031746,0.777777777777778,0.801587301587302,0.412698412698413,0.896825396825397,0.865079365079365,0.666666666666667,0.396825396825397,0.626984126984127,0.96031746031746,0.182539682539683,0.436507936507937,0.373015873015873,0.531746031746032,0.761904761904762,0.333333333333333,0.912698412698413,0.650793650793651
0.0952380952380952,0.253968253968254,0.571428571428571,0.833333333333333,0.698412698412698,0.976190476190476,0.53968253968254,0.444444444444444,0.476190476190476,0.658730158730159,0.0714285714285714,0.0317460317460317,0.80952380952381,0.0555555555555556,0.73015873015873,0.968253968253968,0.0238095238095238,0.523809523809524,0.547619047619048,0.904761904761905,0.841269841269841,0.579365079365079,0.738095238095238,0.944444444444444,0.841269841269841,0.0158730158730159,0.333333333333333,0.507936507936508,0.404761904761905,0.253968253968254,0.182539682539683,0.46031746031746,0.920634920634921,0.793650793650794,0,0.841269841269841,0.515873015873016,0.888888888888889,0.928571428571429,0.261904761904762,0.222222222222222,0.0396825396825397,0.563492063492063,0.69047619047619,0.0158730158730159,0.0714285714285714,1,0,0.365079365079365,0.833333333333333,0.761904761904762,0.531746031746032,0.944444444444444,0.174603174603175,0.706349206349206,0.841269841269841,0.380952380952381,0.301587301587302,0.0634920634920635
0.587301587301587,0.658730158730159,0.0476190476190476,0.349206349206349,0.626984126984127,0.722222222222222,0.365079365079365,0.865079365079365,0.26984126984127,0.357142857142857,0.0396825396825397,0.0396825396825397,0.246031746031746,0.444444444444444,0.0238095238095238,0.277777777777778,0.984126984126984,0.928571428571429,0.253968253968254,0.246031746031746,0.968253968253968,0.23015873015873,0.611111111111111,0.0158730158730159,0.642857142857143,0.515873015873016,0,0.706349206349206,0.0476190476190476,0.888888888888889,0.246031746031746,0.53968253968254,0.666666666666667,0.841269841269841,0.0396825396825397,0.523809523809524,0.888888888888889,0.698412698412698,0.134920634920635,0.468253968253968,0.992063492063492,0.746031746031746,0.587301587301587,0.968253968253968,0.968253968253968,0.412698412698413,0.404761904761905,0.420634920634921,0.166666666666667,0.603174603174603,0.380952380952381,0.611111111111111,0.626984126984127,0.841269841269841,0.888888888888889,0.373015873015873,0.912698412698413,0.317460317460317,0.5
0.984126984126984,0.293650793650794,0.111111111111111,0.753968253968254,0.380952380952381,0.253968253968254,0.73015873015873,0.507936507936508,0.150793650793651,0,0.841269841269841,0.587301587301587,0.261904761904762,0.388888888888889,1,0.00793650793650794,0.888888888888889,0.333333333333333,0.365079365079365,0.904761904761905,0.825396825396825,0.0634920634920635,0.80952380952381,0.857142857142857,0.349206349206349,0.992063492063492,0.833333333333333,0.865079365079365,0.150793650793651,0.968253968253968,0.587301587301587,0.984126984126984,0.253968253968254,0.738095238095238,0.222222222222222,0.0793650793650794,0.73015873015873,0.0873015873015873,0.0476190476190476,0.507936507936508,0.952380952380952,0.515873015873016,0.73015873015873,0.452380952380952,0.571428571428571,0.920634920634921,0.468253968253968,0.920634920634921,0.976190476190476,0.373015873015873,0.619047619047619,0.142857142857143,0.523809523809524,0.69047619047619,0.19047619047619,0.206349206349206,0.0793650793650794,0.944444444444444,0.5
0.0793650793650794,0.880952380952381,0.952380952380952,0.952380952380952,0.19047619047619,0.777777777777778,0.182539682539683,0.373015873015873,0.968253968253968,0.468253968253968,0.531746031746032,0.841269841269841,0.69047619047619,0.293650793650794,0.603174603174603,0.111111111111111,0.936507936507937,0.817460317460317,0.76984126984127,0.119047619047619,0.30952380952381,0.873015873015873,0.555555555555556,0.80952380952381,0.865079365079365,0.80952380952381,0.674603174603175,0.817460317460317,0.873015873015873,0.801587301587302,0.150793650793651,0.30952380952381,0.896825396825397,0.865079365079365,0.182539682539683,0.944444444444444,0.206349206349206,0.0238095238095238,0.785714285714286,0.150793650793651,0.373015873015873,0.46031746031746,0.111111111111111,0.19047619047619,0.793650793650794,0.0793650793650794,0.5,0.888888888888889,0.547619047619048,0.777777777777778,0.833333333333333,0.968253968253968,0.587301587301587,0.76984126984127,0.888888888888889,0.753968253968254,0.111111111111111,0.285714285714286,0.301587301587302
0.198412698412698,0.785714285714286,0.142857142857143,0.587301587301587,0.650793650793651,0.412698412698413,0.222222222222222,0.626984126984127,0.126984126984127,0.134920634920635,0.285714285714286,0.722222222222222,0.333333333333333,0.555555555555556,0.19047619047619,0.650793650793651,0.841269841269841,0.984126984126984,0.761904761904762,0.873015873015873,0.0396825396825397,0.30952380952381,0.0476190476190476,0.198412698412698,0.0793650793650794,0.841269841269841,0.46031746031746,0.373015873015873,0.865079365079365,0.753968253968254,0.126984126984127,0.785714285714286,0.595238095238095,0.158730158730159,0.722222222222222,0.944444444444444,0.325396825396825,0.388888888888889,0.896825396825397,0.301587301587302,0.53968253968254,0.103174603174603,0.285714285714286,0,0.166666666666667,1,0.484126984126984,0.76984126984127,0.952380952380952,0.349206349206349,0.158730158730159,0.206349206349206,0.373015873015873,0.611111111111111,0.968253968253968,0.301587301587302,0.380952380952381,0.523809523809524,0.0238095238095238
0.753968253968254,0.182539682539683,0.928571428571429,0.642857142857143,0.0317460317460317,0.626984126984127,0.0952380952380952,0.76984126984127,0.119047619047619,0.373015873015873,0.0793650793650794,0.0476190476190476,0.285714285714286,0.80952380952381,0.0396825396825397,0.706349206349206,0.619047619047619,0.777777777777778,0.698412698412698,0.96031746031746,0.634920634920635,0.976190476190476,0.682539682539683,0.111111111111111,0.896825396825397,0.5,0.547619047619048,0.365079365079365,0.976190476190476,0.976190476190476,0.611111111111111,0.46031746031746,0.873015873015873,0.682539682539683,0.785714285714286,0.325396825396825,0.0555555555555556,0.349206349206349,0.277777777777778,0.571428571428571,0.587301587301587,0.992063492063492,0.603174603174603,0.325396825396825,0.214285714285714,0.373015873015873,0.968253968253968,0.150793650793651,0.404761904761905,0.523809523809524,0.777777777777778,0.198412698412698,0.634920634920635,0.412698412698413,0.142857142857143,0.706349206349206,0.944444444444444,0.69047619047619,0.761904761904762
0.0714285714285714,0.0714285714285714,0.579365079365079,0.206349206349206,0.119047619047619,0.555555555555556,0.682539682539683,0.698412698412698,0.404761904761905,0.285714285714286,0.452380952380952,0.642857142857143,0.603174603174603,0.0238095238095238,0.976190476190476,0.0714285714285714,0.119047619047619,0.76984126984127,0.30952380952381,0.317460317460317,0.555555555555556,0.579365079365079,0.523809523809524,0.238095238095238,0.00793650793650794,0.285714285714286,0.619047619047619,0.642857142857143,0.0158730158730159,0.928571428571429,0.761904761904762,0.674603174603175,0.0873015873015873,0.357142857142857,0.0634920634920635,0.158730158730159,0.142857142857143,0.53968253968254,0.682539682539683,0.150793650793651,0.571428571428571,0.976190476190476,0.19047619047619,0.80952380952381,0.658730158730159,0.571428571428571,0.698412698412698,0.0238095238095238,0.5,0.698412698412698,0.46031746031746,0.452380952380952,0.126984126984127,0.706349206349206,0.682539682539683,0.817460317460317,0.96031746031746,0.833333333333333,0.253968253968254
0.952380952380952,0.873015873015873,0.793650793650794,0.261904761904762,0.476190476190476,0.0396825396825397,0.333333333333333,0.293650793650794,0.00793650793650794,0.412698412698413,0.325396825396825,0.880952380952381,0.253968253968254,0.523809523809524,0.968253968253968,0.785714285714286,0.0158730158730159,0.0873015873015873,0.587301587301587,0.0555555555555556,0.849206349206349,1,0.0158730158730159,0.579365079365079,0.944444444444444,0.650793650793651,0.261904761904762,0.166666666666667,0.515873015873016,0.388888888888889,0.992063492063492,0.158730158730159,0.849206349206349,0.76984126984127,0.30952380952381,0.555555555555556,0.293650793650794,0,0.976190476190476,0.880952380952381,0.0238095238095238,0.642857142857143,0.714285714285714,0.373015873015873,0.603174603174603,0.222222222222222,0.817460317460317,0.920634920634921,0.119047619047619,0.650793650793651,0.658730158730159,0.603174603174603,0.134920634920635,0.238095238095238,0.166666666666667,0.404761904761905,0.380952380952381,0.896825396825397,0.96031746031746
0.341269841269841,0.928571428571429,0.238095238095238,0.849206349206349,0.992063492063492,0.825396825396825,0.388888888888889,0.341269841269841,0.00793650793650794,0.753968253968254,0.214285714285714,0.857142857142857,0.825396825396825,0.833333333333333,0.873015873015873,0.587301587301587,0.547619047619048,0.650793650793651,0.841269841269841,0.103174603174603,0.785714285714286,0.365079365079365,0.103174603174603,0.00793650793650794,0.341269841269841,0.698412698412698,0.555555555555556,0.69047619047619,0.603174603174603,0.928571428571429,0.246031746031746,0.865079365079365,0.198412698412698,0.0793650793650794,0.96031746031746,0.746031746031746,0.96031746031746,0.380952380952381,0.357142857142857,0.317460317460317,0.238095238095238,0.841269841269841,0.134920634920635,0.436507936507937,0.00793650793650794,0.428571428571429,0.436507936507937,0.658730158730159,0.301587301587302,0.206349206349206,0.412698412698413,0.150793650793651,0.80952380952381,0.388888888888889,0.126984126984127,0.952380952380952,0.492063492063492,0.182539682539683,0.23015873015873
0.420634920634921,0.293650793650794,0.761904761904762,0.357142857142857,0.126984126984127,0.198412698412698,0.912698412698413,0.293650793650794,0.849206349206349,0.246031746031746,0.571428571428571,0.0238095238095238,0.571428571428571,0.968253968253968,0.857142857142857,0.865079365079365,0.698412698412698,0.785714285714286,0.714285714285714,0.5,0.53968253968254,0.531746031746032,0.73015873015873,0.349206349206349,0.0952380952380952,0.253968253968254,0.222222222222222,0.0634920634920635,0.476190476190476,0.944444444444444,0.698412698412698,0.777777777777778,0,0.0238095238095238,0.73015873015873,0.30952380952381,0.468253968253968,0.365079365079365,0.785714285714286,0.650793650793651,0.174603174603175,0.936507936507937,0.952380952380952,0.547619047619048,0.349206349206349,0.0238095238095238,0.595238095238095,0.912698412698413,0.69047619047619,0.261904761904762,0.365079365079365,0.150793650793651,0.888888888888889,0.785714285714286,0.603174603174603,0.277777777777778,0.388888888888889,0,0.357142857142857
0.325396825396825,0.96031746031746,0.420634920634921,0.246031746031746,0.714285714285714,0.873015873015873,0.00793650793650794,0.920634920634921,0.261904761904762,0.150793650793651,0.277777777777778,0.166666666666667,0.238095238095238,0.69047619047619,0.444444444444444,0.928571428571429,0.150793650793651,0.912698412698413,0.325396825396825,0.928571428571429,0.619047619047619,0.206349206349206,0.928571428571429,0.896825396825397,0.952380952380952,0.111111111111111,0.333333333333333,0.293650793650794,0.23015873015873,0.19047619047619,0.261904761904762,0.603174603174603,0.722222222222222,0.333333333333333,0.722222222222222,0.30952380952381,0.0476190476190476,0.817460317460317,0.579365079365079,0.253968253968254,0.626984126984127,0.611111111111111,1,0.373015873015873,0.111111111111111,0.206349206349206,0.0476190476190476,0.0317460317460317,0.277777777777778,0.626984126984127,0.277777777777778,0.793650793650794,0.0317460317460317,0.523809523809524,0.833333333333333,0.896825396825397,0.119047619047619,0.936507936507937,0.150793650793651
0.444444444444444,0.746031746031746,0.317460317460317,0.904761904761905,0.46031746031746,0.0634920634920635,0.650793650793651,0.944444444444444,0.198412698412698,0.833333333333333,0.333333333333333,0.412698412698413,0.944444444444444,0.206349206349206,0.0555555555555556,0.674603174603175,0.658730158730159,0.349206349206349,0.896825396825397,0.738095238095238,0.904761904761905,0.26984126984127,0.650793650793651,0.833333333333333,0.912698412698413,0.0238095238095238,0.468253968253968,0.0555555555555556,0.126984126984127,0.484126984126984,0.357142857142857,0.619047619047619,0.111111111111111,0.547619047619048,0.293650793650794,0.0396825396825397,0.706349206349206,0.0714285714285714,0.0396825396825397,0.698412698412698,0.777777777777778,0.5,0.19047619047619,0.976190476190476,0.587301587301587,0.0873015873015873,0.833333333333333,0.277777777777778,0.357142857142857,0.349206349206349,0.515873015873016,0.182539682539683,0.587301587301587,0.761904761904762,0.73015873015873,0.468253968253968,0.873015873015873,0.984126984126984,0.23015873015873
0.793650793650794,0.825396825396825,0.452380952380952,0.873015873015873,0.0952380952380952,0.857142857142857,0.0793650793650794,0.531746031746032,0.182539682539683,0.753968253968254,0.714285714285714,0.928571428571429,0.103174603174603,0.142857142857143,0.0476190476190476,0.992063492063492,0.30952380952381,0.69047619047619,0.19047619047619,0.976190476190476,0.920634920634921,0.920634920634921,0.992063492063492,0.587301587301587,0.388888888888889,0.73015873015873,0.150793650793651,0.920634920634921,0.634920634920635,0.904761904761905,0.150793650793651,0.214285714285714,0.833333333333333,0.134920634920635,0.174603174603175,0.111111111111111,0.246031746031746,0.126984126984127,0.0952380952380952,0.436507936507937,0.0634920634920635,0.53968253968254,0.992063492063492,0.46031746031746,0,0.0317460317460317,0.357142857142857,0.920634920634921,0.96031746031746,0.00793650793650794,1,0.23015873015873,0.333333333333333,1,0.396825396825397,0.849206349206349,0.301587301587302,0.412698412698413,0.0238095238095238
